attack,method,m,best_rank,rr,stage_hit,top1,top3,top5,scenario
A101,LENS v2 (full),0,4.0,0.25,1,0,0,1,D: distractor drift
A101,LENS v2 without own-history term,0,4.0,0.25,1,0,0,1,D: distractor drift
A101,LENS v2 without adaptation,0,11.0,0.09090909090909091,1,0,0,0,D: distractor drift
A101,LENS v2 without CUSUM,0,2.0,0.5,0,0,1,1,D: distractor drift
A101,Linear forecast residual (GDN-style),0,2.0,0.5,1,0,1,1,D: distractor drift
A101,Conditional reference (CondAttr-style kNN),0,18.0,0.05555555555555555,1,0,0,0,D: distractor drift
A101,Simple fix: sliding-baseline deviation,0,22.0,0.045454545454545456,1,0,0,0,D: distractor drift
A101,"LENS-U (original, label-free)",0,6.0,0.16666666666666666,0,0,0,0,D: distractor drift
A101,"LENS-SW (state-switched, exploratory)",0,1.0,1.0,1,1,1,1,D: distractor drift
A101,Raw deviation |z|,0,2.0,0.5,1,0,1,1,D: distractor drift
A102,LENS v2 (full),0,1.0,1.0,1,1,1,1,D: distractor drift
A102,LENS v2 without own-history term,0,2.0,0.5,1,0,1,1,D: distractor drift
A102,LENS v2 without adaptation,0,10.0,0.1,1,0,0,0,D: distractor drift
A102,LENS v2 without CUSUM,0,1.0,1.0,1,1,1,1,D: distractor drift
A102,Linear forecast residual (GDN-style),0,1.0,1.0,1,1,1,1,D: distractor drift
A102,Conditional reference (CondAttr-style kNN),0,9.0,0.1111111111111111,1,0,0,0,D: distractor drift
A102,Simple fix: sliding-baseline deviation,0,1.0,1.0,1,1,1,1,D: distractor drift
A102,"LENS-U (original, label-free)",0,2.0,0.5,1,0,1,1,D: distractor drift
A102,"LENS-SW (state-switched, exploratory)",0,1.0,1.0,1,1,1,1,D: distractor drift
A102,Raw deviation |z|,0,2.0,0.5,1,0,1,1,D: distractor drift
A103,LENS v2 (full),0,1.0,1.0,1,1,1,1,D: distractor drift
A103,LENS v2 without own-history term,0,2.0,0.5,1,0,1,1,D: distractor drift
A103,LENS v2 without adaptation,0,8.0,0.125,1,0,0,0,D: distractor drift
A103,LENS v2 without CUSUM,0,1.0,1.0,1,1,1,1,D: distractor drift
A103,Linear forecast residual (GDN-style),0,2.0,0.5,1,0,1,1,D: distractor drift
A103,Conditional reference (CondAttr-style kNN),0,11.0,0.09090909090909091,1,0,0,0,D: distractor drift
A103,Simple fix: sliding-baseline deviation,0,10.0,0.1,0,0,0,0,D: distractor drift
A103,"LENS-U (original, label-free)",0,8.0,0.125,1,0,0,0,D: distractor drift
A103,"LENS-SW (state-switched, exploratory)",0,5.0,0.2,1,0,0,1,D: distractor drift
A103,Raw deviation |z|,0,17.0,0.058823529411764705,1,0,0,0,D: distractor drift
A104,LENS v2 (full),0,5.0,0.2,0,0,0,1,D: distractor drift
A104,LENS v2 without own-history term,0,4.0,0.25,0,0,0,1,D: distractor drift
A104,LENS v2 without adaptation,0,14.0,0.07142857142857142,0,0,0,0,D: distractor drift
A104,LENS v2 without CUSUM,0,3.0,0.3333333333333333,0,0,1,1,D: distractor drift
A104,Linear forecast residual (GDN-style),0,7.0,0.14285714285714285,0,0,0,0,D: distractor drift
A104,Conditional reference (CondAttr-style kNN),0,17.0,0.058823529411764705,0,0,0,0,D: distractor drift
A104,Simple fix: sliding-baseline deviation,0,45.0,0.022222222222222223,0,0,0,0,D: distractor drift
A104,"LENS-U (original, label-free)",0,1.0,1.0,1,1,1,1,D: distractor drift
A104,"LENS-SW (state-switched, exploratory)",0,2.0,0.5,0,0,1,1,D: distractor drift
A104,Raw deviation |z|,0,64.0,0.015625,0,0,0,0,D: distractor drift
A105,LENS v2 (full),0,30.0,0.03333333333333333,1,0,0,0,D: distractor drift
A105,LENS v2 without own-history term,0,25.0,0.04,1,0,0,0,D: distractor drift
A105,LENS v2 without adaptation,0,26.0,0.038461538461538464,1,0,0,0,D: distractor drift
A105,LENS v2 without CUSUM,0,24.0,0.041666666666666664,1,0,0,0,D: distractor drift
A105,Linear forecast residual (GDN-style),0,55.0,0.01818181818181818,1,0,0,0,D: distractor drift
A105,Conditional reference (CondAttr-style kNN),0,10.0,0.1,1,0,0,0,D: distractor drift
A105,Simple fix: sliding-baseline deviation,0,13.0,0.07692307692307693,1,0,0,0,D: distractor drift
A105,"LENS-U (original, label-free)",0,40.0,0.025,1,0,0,0,D: distractor drift
A105,"LENS-SW (state-switched, exploratory)",0,44.0,0.022727272727272728,1,0,0,0,D: distractor drift
A105,Raw deviation |z|,0,16.0,0.0625,1,0,0,0,D: distractor drift
A106,LENS v2 (full),0,8.0,0.125,1,0,0,0,D: distractor drift
A106,LENS v2 without own-history term,0,7.0,0.14285714285714285,1,0,0,0,D: distractor drift
A106,LENS v2 without adaptation,0,5.0,0.2,1,0,0,1,D: distractor drift
A106,LENS v2 without CUSUM,0,4.0,0.25,1,0,0,1,D: distractor drift
A106,Linear forecast residual (GDN-style),0,3.0,0.3333333333333333,1,0,1,1,D: distractor drift
A106,Conditional reference (CondAttr-style kNN),0,5.0,0.2,1,0,0,1,D: distractor drift
A106,Simple fix: sliding-baseline deviation,0,15.0,0.06666666666666667,0,0,0,0,D: distractor drift
A106,"LENS-U (original, label-free)",0,27.0,0.037037037037037035,1,0,0,0,D: distractor drift
A106,"LENS-SW (state-switched, exploratory)",0,23.0,0.043478260869565216,1,0,0,0,D: distractor drift
A106,Raw deviation |z|,0,28.0,0.03571428571428571,1,0,0,0,D: distractor drift
A107,LENS v2 (full),0,19.0,0.05263157894736842,1,0,0,0,D: distractor drift
A107,LENS v2 without own-history term,0,16.0,0.0625,1,0,0,0,D: distractor drift
A107,LENS v2 without adaptation,0,51.0,0.0196078431372549,1,0,0,0,D: distractor drift
A107,LENS v2 without CUSUM,0,23.0,0.043478260869565216,1,0,0,0,D: distractor drift
A107,Linear forecast residual (GDN-style),0,13.0,0.07692307692307693,1,0,0,0,D: distractor drift
A107,Conditional reference (CondAttr-style kNN),0,32.0,0.03125,1,0,0,0,D: distractor drift
A107,Simple fix: sliding-baseline deviation,0,44.0,0.022727272727272728,0,0,0,0,D: distractor drift
A107,"LENS-U (original, label-free)",0,38.0,0.02631578947368421,0,0,0,0,D: distractor drift
A107,"LENS-SW (state-switched, exploratory)",0,35.0,0.02857142857142857,1,0,0,0,D: distractor drift
A107,Raw deviation |z|,0,15.0,0.06666666666666667,0,0,0,0,D: distractor drift
A201,LENS v2 (full),0,55.5,0.018018018018018018,1,0,0,0,D: distractor drift
A201,LENS v2 without own-history term,0,54.5,0.01834862385321101,1,0,0,0,D: distractor drift
A201,LENS v2 without adaptation,0,55.5,0.018018018018018018,1,0,0,0,D: distractor drift
A201,LENS v2 without CUSUM,0,56.0,0.017857142857142856,1,0,0,0,D: distractor drift
A201,Linear forecast residual (GDN-style),0,33.0,0.030303030303030304,1,0,0,0,D: distractor drift
A201,Conditional reference (CondAttr-style kNN),0,45.0,0.022222222222222223,1,0,0,0,D: distractor drift
A201,Simple fix: sliding-baseline deviation,0,13.0,0.07692307692307693,1,0,0,0,D: distractor drift
A201,"LENS-U (original, label-free)",0,27.0,0.037037037037037035,1,0,0,0,D: distractor drift
A201,"LENS-SW (state-switched, exploratory)",0,15.0,0.06666666666666667,1,0,0,0,D: distractor drift
A201,Raw deviation |z|,0,47.0,0.02127659574468085,1,0,0,0,D: distractor drift
A202,LENS v2 (full),0,20.0,0.05,1,0,0,0,D: distractor drift
A202,LENS v2 without own-history term,0,18.0,0.05555555555555555,1,0,0,0,D: distractor drift
A202,LENS v2 without adaptation,0,18.0,0.05555555555555555,1,0,0,0,D: distractor drift
A202,LENS v2 without CUSUM,0,23.0,0.043478260869565216,1,0,0,0,D: distractor drift
A202,Linear forecast residual (GDN-style),0,3.0,0.3333333333333333,1,0,1,1,D: distractor drift
A202,Conditional reference (CondAttr-style kNN),0,34.0,0.029411764705882353,1,0,0,0,D: distractor drift
A202,Simple fix: sliding-baseline deviation,0,40.0,0.025,1,0,0,0,D: distractor drift
A202,"LENS-U (original, label-free)",0,51.0,0.0196078431372549,0,0,0,0,D: distractor drift
A202,"LENS-SW (state-switched, exploratory)",0,49.0,0.02040816326530612,0,0,0,0,D: distractor drift
A202,Raw deviation |z|,0,52.0,0.019230769230769232,1,0,0,0,D: distractor drift
A203,LENS v2 (full),0,2.0,0.5,0,0,1,1,D: distractor drift
A203,LENS v2 without own-history term,0,1.0,1.0,1,1,1,1,D: distractor drift
A203,LENS v2 without adaptation,0,7.0,0.14285714285714285,0,0,0,0,D: distractor drift
A203,LENS v2 without CUSUM,0,1.0,1.0,1,1,1,1,D: distractor drift
A203,Linear forecast residual (GDN-style),0,59.0,0.01694915254237288,1,0,0,0,D: distractor drift
A203,Conditional reference (CondAttr-style kNN),0,6.0,0.16666666666666666,0,0,0,0,D: distractor drift
A203,Simple fix: sliding-baseline deviation,0,69.0,0.014492753623188406,0,0,0,0,D: distractor drift
A203,"LENS-U (original, label-free)",0,40.0,0.025,0,0,0,0,D: distractor drift
A203,"LENS-SW (state-switched, exploratory)",0,37.0,0.02702702702702703,0,0,0,0,D: distractor drift
A203,Raw deviation |z|,0,40.0,0.025,0,0,0,0,D: distractor drift
A204,LENS v2 (full),0,3.0,0.3333333333333333,1,0,1,1,D: distractor drift
A204,LENS v2 without own-history term,0,3.0,0.3333333333333333,1,0,1,1,D: distractor drift
A204,LENS v2 without adaptation,0,9.0,0.1111111111111111,1,0,0,0,D: distractor drift
A204,LENS v2 without CUSUM,0,2.0,0.5,1,0,1,1,D: distractor drift
A204,Linear forecast residual (GDN-style),0,1.0,1.0,1,1,1,1,D: distractor drift
A204,Conditional reference (CondAttr-style kNN),0,10.0,0.1,0,0,0,0,D: distractor drift
A204,Simple fix: sliding-baseline deviation,0,25.0,0.04,1,0,0,0,D: distractor drift
A204,"LENS-U (original, label-free)",0,18.0,0.05555555555555555,0,0,0,0,D: distractor drift
A204,"LENS-SW (state-switched, exploratory)",0,4.0,0.25,1,0,0,1,D: distractor drift
A204,Raw deviation |z|,0,43.0,0.023255813953488372,1,0,0,0,D: distractor drift
A205,LENS v2 (full),0,5.0,0.2,0,0,0,1,D: distractor drift
A205,LENS v2 without own-history term,0,5.0,0.2,0,0,0,1,D: distractor drift
A205,LENS v2 without adaptation,0,11.0,0.09090909090909091,0,0,0,0,D: distractor drift
A205,LENS v2 without CUSUM,0,3.0,0.3333333333333333,0,0,1,1,D: distractor drift
A205,Linear forecast residual (GDN-style),0,8.0,0.125,0,0,0,0,D: distractor drift
A205,Conditional reference (CondAttr-style kNN),0,21.0,0.047619047619047616,0,0,0,0,D: distractor drift
A205,Simple fix: sliding-baseline deviation,0,40.0,0.025,0,0,0,0,D: distractor drift
A205,"LENS-U (original, label-free)",0,3.0,0.3333333333333333,0,0,1,1,D: distractor drift
A205,"LENS-SW (state-switched, exploratory)",0,1.0,1.0,1,1,1,1,D: distractor drift
A205,Raw deviation |z|,0,61.0,0.01639344262295082,0,0,0,0,D: distractor drift
A206,LENS v2 (full),0,4.0,0.25,1,0,0,1,D: distractor drift
A206,LENS v2 without own-history term,0,4.0,0.25,1,0,0,1,D: distractor drift
A206,LENS v2 without adaptation,0,9.0,0.1111111111111111,1,0,0,0,D: distractor drift
A206,LENS v2 without CUSUM,0,1.0,1.0,1,1,1,1,D: distractor drift
A206,Linear forecast residual (GDN-style),0,11.0,0.09090909090909091,1,0,0,0,D: distractor drift
A206,Conditional reference (CondAttr-style kNN),0,9.0,0.1111111111111111,1,0,0,0,D: distractor drift
A206,Simple fix: sliding-baseline deviation,0,27.0,0.037037037037037035,1,0,0,0,D: distractor drift
A206,"LENS-U (original, label-free)",0,41.0,0.024390243902439025,1,0,0,0,D: distractor drift
A206,"LENS-SW (state-switched, exploratory)",0,32.0,0.03125,1,0,0,0,D: distractor drift
A206,Raw deviation |z|,0,44.0,0.022727272727272728,1,0,0,0,D: distractor drift
A207,LENS v2 (full),0,2.0,0.5,1,0,1,1,D: distractor drift
A207,LENS v2 without own-history term,0,2.0,0.5,1,0,1,1,D: distractor drift
A207,LENS v2 without adaptation,0,7.0,0.14285714285714285,1,0,0,0,D: distractor drift
A207,LENS v2 without CUSUM,0,1.0,1.0,1,1,1,1,D: distractor drift
A207,Linear forecast residual (GDN-style),0,1.0,1.0,1,1,1,1,D: distractor drift
A207,Conditional reference (CondAttr-style kNN),0,33.0,0.030303030303030304,1,0,0,0,D: distractor drift
A207,Simple fix: sliding-baseline deviation,0,3.0,0.3333333333333333,1,0,1,1,D: distractor drift
A207,"LENS-U (original, label-free)",0,4.0,0.25,1,0,0,1,D: distractor drift
A207,"LENS-SW (state-switched, exploratory)",0,4.0,0.25,1,0,0,1,D: distractor drift
A207,Raw deviation |z|,0,3.0,0.3333333333333333,1,0,1,1,D: distractor drift
A208,LENS v2 (full),0,4.0,0.25,0,0,0,1,D: distractor drift
A208,LENS v2 without own-history term,0,5.0,0.2,0,0,0,1,D: distractor drift
A208,LENS v2 without adaptation,0,9.0,0.1111111111111111,0,0,0,0,D: distractor drift
A208,LENS v2 without CUSUM,0,2.0,0.5,1,0,1,1,D: distractor drift
A208,Linear forecast residual (GDN-style),0,2.0,0.5,0,0,1,1,D: distractor drift
A208,Conditional reference (CondAttr-style kNN),0,9.0,0.1111111111111111,0,0,0,0,D: distractor drift
A208,Simple fix: sliding-baseline deviation,0,26.0,0.038461538461538464,0,0,0,0,D: distractor drift
A208,"LENS-U (original, label-free)",0,21.0,0.047619047619047616,0,0,0,0,D: distractor drift
A208,"LENS-SW (state-switched, exploratory)",0,4.0,0.25,0,0,0,1,D: distractor drift
A208,Raw deviation |z|,0,47.0,0.02127659574468085,0,0,0,0,D: distractor drift
A209,LENS v2 (full),0,12.0,0.08333333333333333,1,0,0,0,D: distractor drift
A209,LENS v2 without own-history term,0,13.0,0.07692307692307693,1,0,0,0,D: distractor drift
A209,LENS v2 without adaptation,0,19.0,0.05263157894736842,1,0,0,0,D: distractor drift
A209,LENS v2 without CUSUM,0,28.0,0.03571428571428571,1,0,0,0,D: distractor drift
A209,Linear forecast residual (GDN-style),0,16.0,0.0625,1,0,0,0,D: distractor drift
A209,Conditional reference (CondAttr-style kNN),0,47.0,0.02127659574468085,1,0,0,0,D: distractor drift
A209,Simple fix: sliding-baseline deviation,0,21.0,0.047619047619047616,1,0,0,0,D: distractor drift
A209,"LENS-U (original, label-free)",0,32.0,0.03125,0,0,0,0,D: distractor drift
A209,"LENS-SW (state-switched, exploratory)",0,25.0,0.04,0,0,0,0,D: distractor drift
A209,Raw deviation |z|,0,19.0,0.05263157894736842,1,0,0,0,D: distractor drift
A210,LENS v2 (full),0,1.0,1.0,1,1,1,1,D: distractor drift
A210,LENS v2 without own-history term,0,3.0,0.3333333333333333,0,0,1,1,D: distractor drift
A210,LENS v2 without adaptation,0,7.0,0.14285714285714285,0,0,0,0,D: distractor drift
A210,LENS v2 without CUSUM,0,1.0,1.0,1,1,1,1,D: distractor drift
A210,Linear forecast residual (GDN-style),0,57.0,0.017543859649122806,1,0,0,0,D: distractor drift
A210,Conditional reference (CondAttr-style kNN),0,4.0,0.25,0,0,0,1,D: distractor drift
A210,Simple fix: sliding-baseline deviation,0,69.5,0.014388489208633094,1,0,0,0,D: distractor drift
A210,"LENS-U (original, label-free)",0,20.0,0.05,1,0,0,0,D: distractor drift
A210,"LENS-SW (state-switched, exploratory)",0,13.0,0.07692307692307693,1,0,0,0,D: distractor drift
A210,Raw deviation |z|,0,30.0,0.03333333333333333,0,0,0,0,D: distractor drift
A211,LENS v2 (full),0,11.0,0.09090909090909091,1,0,0,0,D: distractor drift
A211,LENS v2 without own-history term,0,9.0,0.1111111111111111,1,0,0,0,D: distractor drift
A211,LENS v2 without adaptation,0,13.0,0.07692307692307693,1,0,0,0,D: distractor drift
A211,LENS v2 without CUSUM,0,7.0,0.14285714285714285,0,0,0,0,D: distractor drift
A211,Linear forecast residual (GDN-style),0,2.0,0.5,0,0,1,1,D: distractor drift
A211,Conditional reference (CondAttr-style kNN),0,34.0,0.029411764705882353,1,0,0,0,D: distractor drift
A211,Simple fix: sliding-baseline deviation,0,16.0,0.0625,1,0,0,0,D: distractor drift
A211,"LENS-U (original, label-free)",0,25.0,0.04,1,0,0,0,D: distractor drift
A211,"LENS-SW (state-switched, exploratory)",0,16.0,0.0625,1,0,0,0,D: distractor drift
A211,Raw deviation |z|,0,42.0,0.023809523809523808,1,0,0,0,D: distractor drift
A212,LENS v2 (full),0,5.0,0.2,0,0,0,1,D: distractor drift
A212,LENS v2 without own-history term,0,8.0,0.125,0,0,0,0,D: distractor drift
A212,LENS v2 without adaptation,0,11.0,0.09090909090909091,0,0,0,0,D: distractor drift
A212,LENS v2 without CUSUM,0,2.0,0.5,0,0,1,1,D: distractor drift
A212,Linear forecast residual (GDN-style),0,4.0,0.25,1,0,0,1,D: distractor drift
A212,Conditional reference (CondAttr-style kNN),0,24.0,0.041666666666666664,0,0,0,0,D: distractor drift
A212,Simple fix: sliding-baseline deviation,0,34.0,0.029411764705882353,0,0,0,0,D: distractor drift
A212,"LENS-U (original, label-free)",0,1.0,1.0,1,1,1,1,D: distractor drift
A212,"LENS-SW (state-switched, exploratory)",0,2.0,0.5,0,0,1,1,D: distractor drift
A212,Raw deviation |z|,0,53.0,0.018867924528301886,0,0,0,0,D: distractor drift
A213,LENS v2 (full),0,51.5,0.019417475728155338,1,0,0,0,D: distractor drift
A213,LENS v2 without own-history term,0,52.0,0.019230769230769232,1,0,0,0,D: distractor drift
A213,LENS v2 without adaptation,0,3.0,0.3333333333333333,1,0,1,1,D: distractor drift
A213,LENS v2 without CUSUM,0,50.0,0.02,1,0,0,0,D: distractor drift
A213,Linear forecast residual (GDN-style),0,2.0,0.5,1,0,1,1,D: distractor drift
A213,Conditional reference (CondAttr-style kNN),0,1.5,0.6666666666666666,1,0,1,1,D: distractor drift
A213,Simple fix: sliding-baseline deviation,0,1.0,1.0,1,1,1,1,D: distractor drift
A213,"LENS-U (original, label-free)",0,1.0,1.0,1,1,1,1,D: distractor drift
A213,"LENS-SW (state-switched, exploratory)",0,1.0,1.0,1,1,1,1,D: distractor drift
A213,Raw deviation |z|,0,1.0,1.0,1,1,1,1,D: distractor drift
A214,LENS v2 (full),0,6.0,0.16666666666666666,0,0,0,0,D: distractor drift
A214,LENS v2 without own-history term,0,6.0,0.16666666666666666,0,0,0,0,D: distractor drift
A214,LENS v2 without adaptation,0,15.0,0.06666666666666667,0,0,0,0,D: distractor drift
A214,LENS v2 without CUSUM,0,4.0,0.25,0,0,0,1,D: distractor drift
A214,Linear forecast residual (GDN-style),0,7.0,0.14285714285714285,1,0,0,0,D: distractor drift
A214,Conditional reference (CondAttr-style kNN),0,26.0,0.038461538461538464,0,0,0,0,D: distractor drift
A214,Simple fix: sliding-baseline deviation,0,5.0,0.2,0,0,0,1,D: distractor drift
A214,"LENS-U (original, label-free)",0,1.0,1.0,1,1,1,1,D: distractor drift
A214,"LENS-SW (state-switched, exploratory)",0,1.0,1.0,1,1,1,1,D: distractor drift
A214,Raw deviation |z|,0,22.0,0.045454545454545456,0,0,0,0,D: distractor drift
A215,LENS v2 (full),0,5.0,0.2,1,0,0,1,D: distractor drift
A215,LENS v2 without own-history term,0,3.0,0.3333333333333333,1,0,1,1,D: distractor drift
A215,LENS v2 without adaptation,0,16.0,0.0625,1,0,0,0,D: distractor drift
A215,LENS v2 without CUSUM,0,2.0,0.5,1,0,1,1,D: distractor drift
A215,Linear forecast residual (GDN-style),0,9.0,0.1111111111111111,1,0,0,0,D: distractor drift
A215,Conditional reference (CondAttr-style kNN),0,14.0,0.07142857142857142,1,0,0,0,D: distractor drift
A215,Simple fix: sliding-baseline deviation,0,39.0,0.02564102564102564,1,0,0,0,D: distractor drift
A215,"LENS-U (original, label-free)",0,36.0,0.027777777777777776,1,0,0,0,D: distractor drift
A215,"LENS-SW (state-switched, exploratory)",0,29.0,0.034482758620689655,1,0,0,0,D: distractor drift
A215,Raw deviation |z|,0,41.0,0.024390243902439025,1,0,0,0,D: distractor drift
A216,LENS v2 (full),0,8.0,0.125,1,0,0,0,D: distractor drift
A216,LENS v2 without own-history term,0,11.0,0.09090909090909091,1,0,0,0,D: distractor drift
A216,LENS v2 without adaptation,0,13.0,0.07692307692307693,1,0,0,0,D: distractor drift
A216,LENS v2 without CUSUM,0,3.0,0.3333333333333333,0,0,1,1,D: distractor drift
A216,Linear forecast residual (GDN-style),0,21.0,0.047619047619047616,1,0,0,0,D: distractor drift
A216,Conditional reference (CondAttr-style kNN),0,20.0,0.05,1,0,0,0,D: distractor drift
A216,Simple fix: sliding-baseline deviation,0,25.0,0.04,1,0,0,0,D: distractor drift
A216,"LENS-U (original, label-free)",0,31.0,0.03225806451612903,1,0,0,0,D: distractor drift
A216,"LENS-SW (state-switched, exploratory)",0,29.0,0.034482758620689655,1,0,0,0,D: distractor drift
A216,Raw deviation |z|,0,43.0,0.023255813953488372,1,0,0,0,D: distractor drift
A217,LENS v2 (full),0,7.0,0.14285714285714285,1,0,0,0,D: distractor drift
A217,LENS v2 without own-history term,0,9.0,0.1111111111111111,1,0,0,0,D: distractor drift
A217,LENS v2 without adaptation,0,14.0,0.07142857142857142,1,0,0,0,D: distractor drift
A217,LENS v2 without CUSUM,0,4.0,0.25,1,0,0,1,D: distractor drift
A217,Linear forecast residual (GDN-style),0,6.0,0.16666666666666666,1,0,0,0,D: distractor drift
A217,Conditional reference (CondAttr-style kNN),0,44.0,0.022727272727272728,1,0,0,0,D: distractor drift
A217,Simple fix: sliding-baseline deviation,0,33.0,0.030303030303030304,1,0,0,0,D: distractor drift
A217,"LENS-U (original, label-free)",0,46.0,0.021739130434782608,1,0,0,0,D: distractor drift
A217,"LENS-SW (state-switched, exploratory)",0,39.0,0.02564102564102564,1,0,0,0,D: distractor drift
A217,Raw deviation |z|,0,38.0,0.02631578947368421,1,0,0,0,D: distractor drift
A301,LENS v2 (full),0,20.0,0.05,1,0,0,0,D: distractor drift
A301,LENS v2 without own-history term,0,20.0,0.05,1,0,0,0,D: distractor drift
A301,LENS v2 without adaptation,0,24.0,0.041666666666666664,1,0,0,0,D: distractor drift
A301,LENS v2 without CUSUM,0,17.0,0.058823529411764705,1,0,0,0,D: distractor drift
A301,Linear forecast residual (GDN-style),0,11.0,0.09090909090909091,1,0,0,0,D: distractor drift
A301,Conditional reference (CondAttr-style kNN),0,10.0,0.1,1,0,0,0,D: distractor drift
A301,Simple fix: sliding-baseline deviation,0,12.0,0.08333333333333333,1,0,0,0,D: distractor drift
A301,"LENS-U (original, label-free)",0,34.0,0.029411764705882353,1,0,0,0,D: distractor drift
A301,"LENS-SW (state-switched, exploratory)",0,30.0,0.03333333333333333,1,0,0,0,D: distractor drift
A301,Raw deviation |z|,0,30.0,0.03333333333333333,1,0,0,0,D: distractor drift
A302,LENS v2 (full),0,10.0,0.1,1,0,0,0,D: distractor drift
A302,LENS v2 without own-history term,0,8.0,0.125,1,0,0,0,D: distractor drift
A302,LENS v2 without adaptation,0,14.0,0.07142857142857142,1,0,0,0,D: distractor drift
A302,LENS v2 without CUSUM,0,7.0,0.14285714285714285,1,0,0,0,D: distractor drift
A302,Linear forecast residual (GDN-style),0,1.0,1.0,1,1,1,1,D: distractor drift
A302,Conditional reference (CondAttr-style kNN),0,16.0,0.0625,1,0,0,0,D: distractor drift
A302,Simple fix: sliding-baseline deviation,0,4.0,0.25,1,0,0,1,D: distractor drift
A302,"LENS-U (original, label-free)",0,13.0,0.07692307692307693,1,0,0,0,D: distractor drift
A302,"LENS-SW (state-switched, exploratory)",0,8.0,0.125,1,0,0,0,D: distractor drift
A302,Raw deviation |z|,0,17.0,0.058823529411764705,1,0,0,0,D: distractor drift
A303,LENS v2 (full),0,4.0,0.25,0,0,0,1,D: distractor drift
A303,LENS v2 without own-history term,0,4.0,0.25,0,0,0,1,D: distractor drift
A303,LENS v2 without adaptation,0,14.0,0.07142857142857142,1,0,0,0,D: distractor drift
A303,LENS v2 without CUSUM,0,3.0,0.3333333333333333,0,0,1,1,D: distractor drift
A303,Linear forecast residual (GDN-style),0,1.0,1.0,1,1,1,1,D: distractor drift
A303,Conditional reference (CondAttr-style kNN),0,18.0,0.05555555555555555,1,0,0,0,D: distractor drift
A303,Simple fix: sliding-baseline deviation,0,1.0,1.0,1,1,1,1,D: distractor drift
A303,"LENS-U (original, label-free)",0,1.0,1.0,1,1,1,1,D: distractor drift
A303,"LENS-SW (state-switched, exploratory)",0,1.0,1.0,1,1,1,1,D: distractor drift
A303,Raw deviation |z|,0,4.0,0.25,1,0,0,1,D: distractor drift
A304,LENS v2 (full),0,5.0,0.2,0,0,0,1,D: distractor drift
A304,LENS v2 without own-history term,0,4.0,0.25,1,0,0,1,D: distractor drift
A304,LENS v2 without adaptation,0,16.0,0.0625,1,0,0,0,D: distractor drift
A304,LENS v2 without CUSUM,0,3.0,0.3333333333333333,0,0,1,1,D: distractor drift
A304,Linear forecast residual (GDN-style),0,5.0,0.2,1,0,0,1,D: distractor drift
A304,Conditional reference (CondAttr-style kNN),0,16.0,0.0625,1,0,0,0,D: distractor drift
A304,Simple fix: sliding-baseline deviation,0,6.0,0.16666666666666666,1,0,0,0,D: distractor drift
A304,"LENS-U (original, label-free)",0,5.0,0.2,1,0,0,1,D: distractor drift
A304,"LENS-SW (state-switched, exploratory)",0,3.0,0.3333333333333333,0,0,1,1,D: distractor drift
A304,Raw deviation |z|,0,15.0,0.06666666666666667,1,0,0,0,D: distractor drift
A305,LENS v2 (full),0,1.0,1.0,1,1,1,1,D: distractor drift
A305,LENS v2 without own-history term,0,1.0,1.0,1,1,1,1,D: distractor drift
A305,LENS v2 without adaptation,0,9.0,0.1111111111111111,1,0,0,0,D: distractor drift
A305,LENS v2 without CUSUM,0,1.0,1.0,1,1,1,1,D: distractor drift
A305,Linear forecast residual (GDN-style),0,1.0,1.0,1,1,1,1,D: distractor drift
A305,Conditional reference (CondAttr-style kNN),0,5.0,0.2,1,0,0,1,D: distractor drift
A305,Simple fix: sliding-baseline deviation,0,1.0,1.0,1,1,1,1,D: distractor drift
A305,"LENS-U (original, label-free)",0,1.0,1.0,1,1,1,1,D: distractor drift
A305,"LENS-SW (state-switched, exploratory)",0,1.0,1.0,1,1,1,1,D: distractor drift
A305,Raw deviation |z|,0,1.0,1.0,1,1,1,1,D: distractor drift
A306,LENS v2 (full),0,7.0,0.14285714285714285,0,0,0,0,D: distractor drift
A306,LENS v2 without own-history term,0,7.0,0.14285714285714285,0,0,0,0,D: distractor drift
A306,LENS v2 without adaptation,0,15.0,0.06666666666666667,1,0,0,0,D: distractor drift
A306,LENS v2 without CUSUM,0,3.0,0.3333333333333333,0,0,1,1,D: distractor drift
A306,Linear forecast residual (GDN-style),0,1.0,1.0,1,1,1,1,D: distractor drift
A306,Conditional reference (CondAttr-style kNN),0,26.0,0.038461538461538464,1,0,0,0,D: distractor drift
A306,Simple fix: sliding-baseline deviation,0,3.0,0.3333333333333333,1,0,1,1,D: distractor drift
A306,"LENS-U (original, label-free)",0,18.0,0.05555555555555555,1,0,0,0,D: distractor drift
A306,"LENS-SW (state-switched, exploratory)",0,13.0,0.07692307692307693,1,0,0,0,D: distractor drift
A306,Raw deviation |z|,0,10.0,0.1,1,0,0,0,D: distractor drift
A307,LENS v2 (full),0,7.0,0.14285714285714285,1,0,0,0,D: distractor drift
A307,LENS v2 without own-history term,0,8.0,0.125,0,0,0,0,D: distractor drift
A307,LENS v2 without adaptation,0,54.5,0.01834862385321101,1,0,0,0,D: distractor drift
A307,LENS v2 without CUSUM,0,13.0,0.07692307692307693,1,0,0,0,D: distractor drift
A307,Linear forecast residual (GDN-style),0,33.0,0.030303030303030304,1,0,0,0,D: distractor drift
A307,Conditional reference (CondAttr-style kNN),0,12.0,0.08333333333333333,1,0,0,0,D: distractor drift
A307,Simple fix: sliding-baseline deviation,0,45.0,0.022222222222222223,1,0,0,0,D: distractor drift
A307,"LENS-U (original, label-free)",0,3.0,0.3333333333333333,1,0,1,1,D: distractor drift
A307,"LENS-SW (state-switched, exploratory)",0,8.0,0.125,1,0,0,0,D: distractor drift
A307,Raw deviation |z|,0,12.0,0.08333333333333333,1,0,0,0,D: distractor drift
A308,LENS v2 (full),0,7.0,0.14285714285714285,1,0,0,0,D: distractor drift
A308,LENS v2 without own-history term,0,5.0,0.2,1,0,0,1,D: distractor drift
A308,LENS v2 without adaptation,0,7.0,0.14285714285714285,1,0,0,0,D: distractor drift
A308,LENS v2 without CUSUM,0,5.0,0.2,1,0,0,1,D: distractor drift
A308,Linear forecast residual (GDN-style),0,1.0,1.0,1,1,1,1,D: distractor drift
A308,Conditional reference (CondAttr-style kNN),0,6.0,0.16666666666666666,1,0,0,0,D: distractor drift
A308,Simple fix: sliding-baseline deviation,0,2.0,0.5,0,0,1,1,D: distractor drift
A308,"LENS-U (original, label-free)",0,10.0,0.1,0,0,0,0,D: distractor drift
A308,"LENS-SW (state-switched, exploratory)",0,6.0,0.16666666666666666,0,0,0,0,D: distractor drift
A308,Raw deviation |z|,0,2.0,0.5,1,0,1,1,D: distractor drift
A309,LENS v2 (full),0,6.0,0.16666666666666666,1,0,0,0,D: distractor drift
A309,LENS v2 without own-history term,0,7.0,0.14285714285714285,1,0,0,0,D: distractor drift
A309,LENS v2 without adaptation,0,11.0,0.09090909090909091,1,0,0,0,D: distractor drift
A309,LENS v2 without CUSUM,0,3.0,0.3333333333333333,1,0,1,1,D: distractor drift
A309,Linear forecast residual (GDN-style),0,18.0,0.05555555555555555,1,0,0,0,D: distractor drift
A309,Conditional reference (CondAttr-style kNN),0,14.0,0.07142857142857142,0,0,0,0,D: distractor drift
A309,Simple fix: sliding-baseline deviation,0,43.0,0.023255813953488372,1,0,0,0,D: distractor drift
A309,"LENS-U (original, label-free)",0,35.0,0.02857142857142857,0,0,0,0,D: distractor drift
A309,"LENS-SW (state-switched, exploratory)",0,29.0,0.034482758620689655,0,0,0,0,D: distractor drift
A309,Raw deviation |z|,0,11.0,0.09090909090909091,1,0,0,0,D: distractor drift
A310,LENS v2 (full),0,4.0,0.25,0,0,0,1,D: distractor drift
A310,LENS v2 without own-history term,0,5.0,0.2,0,0,0,1,D: distractor drift
A310,LENS v2 without adaptation,0,14.0,0.07142857142857142,0,0,0,0,D: distractor drift
A310,LENS v2 without CUSUM,0,3.0,0.3333333333333333,0,0,1,1,D: distractor drift
A310,Linear forecast residual (GDN-style),0,3.0,0.3333333333333333,1,0,1,1,D: distractor drift
A310,Conditional reference (CondAttr-style kNN),0,24.0,0.041666666666666664,0,0,0,0,D: distractor drift
A310,Simple fix: sliding-baseline deviation,0,2.0,0.5,1,0,1,1,D: distractor drift
A310,"LENS-U (original, label-free)",0,2.0,0.5,1,0,1,1,D: distractor drift
A310,"LENS-SW (state-switched, exploratory)",0,2.0,0.5,1,0,1,1,D: distractor drift
A310,Raw deviation |z|,0,11.0,0.09090909090909091,0,0,0,0,D: distractor drift
A401,LENS v2 (full),0,6.5,0.15384615384615385,0,0,0,0,D: distractor drift
A401,LENS v2 without own-history term,0,6.5,0.15384615384615385,0,0,0,0,D: distractor drift
A401,LENS v2 without adaptation,0,7.5,0.13333333333333333,0,0,0,0,D: distractor drift
A401,LENS v2 without CUSUM,0,2.0,0.5,1,0,1,1,D: distractor drift
A401,Linear forecast residual (GDN-style),0,1.0,1.0,1,1,1,1,D: distractor drift
A401,Conditional reference (CondAttr-style kNN),0,1.0,1.0,1,1,1,1,D: distractor drift
A401,Simple fix: sliding-baseline deviation,0,1.0,1.0,1,1,1,1,D: distractor drift
A401,"LENS-U (original, label-free)",0,1.0,1.0,1,1,1,1,D: distractor drift
A401,"LENS-SW (state-switched, exploratory)",0,1.0,1.0,1,1,1,1,D: distractor drift
A401,Raw deviation |z|,0,1.0,1.0,1,1,1,1,D: distractor drift
A402,LENS v2 (full),0,8.0,0.125,1,0,0,0,D: distractor drift
A402,LENS v2 without own-history term,0,7.0,0.14285714285714285,1,0,0,0,D: distractor drift
A402,LENS v2 without adaptation,0,15.0,0.06666666666666667,1,0,0,0,D: distractor drift
A402,LENS v2 without CUSUM,0,6.0,0.16666666666666666,1,0,0,0,D: distractor drift
A402,Linear forecast residual (GDN-style),0,4.0,0.25,1,0,0,1,D: distractor drift
A402,Conditional reference (CondAttr-style kNN),0,39.0,0.02564102564102564,0,0,0,0,D: distractor drift
A402,Simple fix: sliding-baseline deviation,0,39.0,0.02564102564102564,0,0,0,0,D: distractor drift
A402,"LENS-U (original, label-free)",0,26.0,0.038461538461538464,1,0,0,0,D: distractor drift
A402,"LENS-SW (state-switched, exploratory)",0,21.0,0.047619047619047616,1,0,0,0,D: distractor drift
A402,Raw deviation |z|,0,14.0,0.07142857142857142,1,0,0,0,D: distractor drift
A403,LENS v2 (full),0,58.0,0.017241379310344827,0,0,0,0,D: distractor drift
A403,LENS v2 without own-history term,0,55.5,0.018018018018018018,0,0,0,0,D: distractor drift
A403,LENS v2 without adaptation,0,55.0,0.01818181818181818,0,0,0,0,D: distractor drift
A403,LENS v2 without CUSUM,0,77.5,0.012903225806451613,0,0,0,0,D: distractor drift
A403,Linear forecast residual (GDN-style),0,77.5,0.012903225806451613,0,0,0,0,D: distractor drift
A403,Conditional reference (CondAttr-style kNN),0,76.0,0.013157894736842105,0,0,0,0,D: distractor drift
A403,Simple fix: sliding-baseline deviation,0,69.5,0.014388489208633094,0,0,0,0,D: distractor drift
A403,"LENS-U (original, label-free)",0,77.5,0.012903225806451613,0,0,0,0,D: distractor drift
A403,"LENS-SW (state-switched, exploratory)",0,77.5,0.012903225806451613,0,0,0,0,D: distractor drift
A403,Raw deviation |z|,0,77.5,0.012903225806451613,0,0,0,0,D: distractor drift
A404,LENS v2 (full),0,6.0,0.16666666666666666,0,0,0,0,D: distractor drift
A404,LENS v2 without own-history term,0,6.0,0.16666666666666666,0,0,0,0,D: distractor drift
A404,LENS v2 without adaptation,0,12.0,0.08333333333333333,0,0,0,0,D: distractor drift
A404,LENS v2 without CUSUM,0,3.0,0.3333333333333333,0,0,1,1,D: distractor drift
A404,Linear forecast residual (GDN-style),0,4.0,0.25,1,0,0,1,D: distractor drift
A404,Conditional reference (CondAttr-style kNN),0,7.0,0.14285714285714285,0,0,0,0,D: distractor drift
A404,Simple fix: sliding-baseline deviation,0,9.0,0.1111111111111111,0,0,0,0,D: distractor drift
A404,"LENS-U (original, label-free)",0,1.0,1.0,1,1,1,1,D: distractor drift
A404,"LENS-SW (state-switched, exploratory)",0,1.0,1.0,1,1,1,1,D: distractor drift
A404,Raw deviation |z|,0,30.0,0.03333333333333333,0,0,0,0,D: distractor drift
A405,LENS v2 (full),0,50.5,0.019801980198019802,0,0,0,0,D: distractor drift
A405,LENS v2 without own-history term,0,49.5,0.020202020202020204,0,0,0,0,D: distractor drift
A405,LENS v2 without adaptation,0,53.0,0.018867924528301886,1,0,0,0,D: distractor drift
A405,LENS v2 without CUSUM,0,61.0,0.01639344262295082,0,0,0,0,D: distractor drift
A405,Linear forecast residual (GDN-style),0,62.0,0.016129032258064516,1,0,0,0,D: distractor drift
A405,Conditional reference (CondAttr-style kNN),0,7.0,0.14285714285714285,1,0,0,0,D: distractor drift
A405,Simple fix: sliding-baseline deviation,0,69.5,0.014388489208633094,0,0,0,0,D: distractor drift
A405,"LENS-U (original, label-free)",0,48.0,0.020833333333333332,0,0,0,0,D: distractor drift
A405,"LENS-SW (state-switched, exploratory)",0,42.0,0.023809523809523808,0,0,0,0,D: distractor drift
A405,Raw deviation |z|,0,14.0,0.07142857142857142,1,0,0,0,D: distractor drift
A406,LENS v2 (full),0,7.0,0.14285714285714285,0,0,0,0,D: distractor drift
A406,LENS v2 without own-history term,0,7.0,0.14285714285714285,0,0,0,0,D: distractor drift
A406,LENS v2 without adaptation,0,13.0,0.07692307692307693,1,0,0,0,D: distractor drift
A406,LENS v2 without CUSUM,0,4.0,0.25,1,0,0,1,D: distractor drift
A406,Linear forecast residual (GDN-style),0,6.0,0.16666666666666666,1,0,0,0,D: distractor drift
A406,Conditional reference (CondAttr-style kNN),0,11.0,0.09090909090909091,1,0,0,0,D: distractor drift
A406,Simple fix: sliding-baseline deviation,0,42.0,0.023809523809523808,1,0,0,0,D: distractor drift
A406,"LENS-U (original, label-free)",0,26.0,0.038461538461538464,1,0,0,0,D: distractor drift
A406,"LENS-SW (state-switched, exploratory)",0,18.0,0.05555555555555555,1,0,0,0,D: distractor drift
A406,Raw deviation |z|,0,11.0,0.09090909090909091,1,0,0,0,D: distractor drift
A407,LENS v2 (full),0,24.0,0.041666666666666664,0,0,0,0,D: distractor drift
A407,LENS v2 without own-history term,0,22.0,0.045454545454545456,0,0,0,0,D: distractor drift
A407,LENS v2 without adaptation,0,27.0,0.037037037037037035,1,0,0,0,D: distractor drift
A407,LENS v2 without CUSUM,0,10.0,0.1,1,0,0,0,D: distractor drift
A407,Linear forecast residual (GDN-style),0,2.0,0.5,1,0,1,1,D: distractor drift
A407,Conditional reference (CondAttr-style kNN),0,39.0,0.02564102564102564,1,0,0,0,D: distractor drift
A407,Simple fix: sliding-baseline deviation,0,43.0,0.023255813953488372,1,0,0,0,D: distractor drift
A407,"LENS-U (original, label-free)",0,46.0,0.021739130434782608,1,0,0,0,D: distractor drift
A407,"LENS-SW (state-switched, exploratory)",0,35.0,0.02857142857142857,0,0,0,0,D: distractor drift
A407,Raw deviation |z|,0,61.0,0.01639344262295082,1,0,0,0,D: distractor drift
A408,LENS v2 (full),0,1.0,1.0,1,1,1,1,D: distractor drift
A408,LENS v2 without own-history term,0,4.0,0.25,0,0,0,1,D: distractor drift
A408,LENS v2 without adaptation,0,9.0,0.1111111111111111,1,0,0,0,D: distractor drift
A408,LENS v2 without CUSUM,0,3.0,0.3333333333333333,1,0,1,1,D: distractor drift
A408,Linear forecast residual (GDN-style),0,1.0,1.0,1,1,1,1,D: distractor drift
A408,Conditional reference (CondAttr-style kNN),0,20.0,0.05,1,0,0,0,D: distractor drift
A408,Simple fix: sliding-baseline deviation,0,14.0,0.07142857142857142,0,0,0,0,D: distractor drift
A408,"LENS-U (original, label-free)",0,3.0,0.3333333333333333,1,0,1,1,D: distractor drift
A408,"LENS-SW (state-switched, exploratory)",0,3.0,0.3333333333333333,0,0,1,1,D: distractor drift
A408,Raw deviation |z|,0,4.0,0.25,1,0,0,1,D: distractor drift
A409,LENS v2 (full),0,2.0,0.5,1,0,1,1,D: distractor drift
A409,LENS v2 without own-history term,0,4.0,0.25,1,0,0,1,D: distractor drift
A409,LENS v2 without adaptation,0,9.0,0.1111111111111111,1,0,0,0,D: distractor drift
A409,LENS v2 without CUSUM,0,1.0,1.0,1,1,1,1,D: distractor drift
A409,Linear forecast residual (GDN-style),0,1.0,1.0,1,1,1,1,D: distractor drift
A409,Conditional reference (CondAttr-style kNN),0,8.0,0.125,1,0,0,0,D: distractor drift
A409,Simple fix: sliding-baseline deviation,0,1.0,1.0,1,1,1,1,D: distractor drift
A409,"LENS-U (original, label-free)",0,1.0,1.0,1,1,1,1,D: distractor drift
A409,"LENS-SW (state-switched, exploratory)",0,1.0,1.0,1,1,1,1,D: distractor drift
A409,Raw deviation |z|,0,1.0,1.0,1,1,1,1,D: distractor drift
A410,LENS v2 (full),0,2.0,0.5,1,0,1,1,D: distractor drift
A410,LENS v2 without own-history term,0,4.0,0.25,1,0,0,1,D: distractor drift
A410,LENS v2 without adaptation,0,10.0,0.1,1,0,0,0,D: distractor drift
A410,LENS v2 without CUSUM,0,2.0,0.5,1,0,1,1,D: distractor drift
A410,Linear forecast residual (GDN-style),0,2.0,0.5,1,0,1,1,D: distractor drift
A410,Conditional reference (CondAttr-style kNN),0,2.0,0.5,1,0,1,1,D: distractor drift
A410,Simple fix: sliding-baseline deviation,0,25.0,0.04,1,0,0,0,D: distractor drift
A410,"LENS-U (original, label-free)",0,6.0,0.16666666666666666,0,0,0,0,D: distractor drift
A410,"LENS-SW (state-switched, exploratory)",0,19.0,0.05263157894736842,1,0,0,0,D: distractor drift
A410,Raw deviation |z|,0,18.0,0.05555555555555555,1,0,0,0,D: distractor drift
A411,LENS v2 (full),0,56.5,0.017699115044247787,1,0,0,0,D: distractor drift
A411,LENS v2 without own-history term,0,55.0,0.01818181818181818,1,0,0,0,D: distractor drift
A411,LENS v2 without adaptation,0,3.0,0.3333333333333333,1,0,1,1,D: distractor drift
A411,LENS v2 without CUSUM,0,15.0,0.06666666666666667,1,0,0,0,D: distractor drift
A411,Linear forecast residual (GDN-style),0,3.0,0.3333333333333333,1,0,1,1,D: distractor drift
A411,Conditional reference (CondAttr-style kNN),0,1.0,1.0,1,1,1,1,D: distractor drift
A411,Simple fix: sliding-baseline deviation,0,1.0,1.0,1,1,1,1,D: distractor drift
A411,"LENS-U (original, label-free)",0,1.0,1.0,1,1,1,1,D: distractor drift
A411,"LENS-SW (state-switched, exploratory)",0,2.0,0.5,1,0,1,1,D: distractor drift
A411,Raw deviation |z|,0,1.0,1.0,1,1,1,1,D: distractor drift
A412,LENS v2 (full),0,19.0,0.05263157894736842,1,0,0,0,D: distractor drift
A412,LENS v2 without own-history term,0,16.0,0.0625,1,0,0,0,D: distractor drift
A412,LENS v2 without adaptation,0,54.0,0.018518518518518517,1,0,0,0,D: distractor drift
A412,LENS v2 without CUSUM,0,21.0,0.047619047619047616,1,0,0,0,D: distractor drift
A412,Linear forecast residual (GDN-style),0,29.0,0.034482758620689655,1,0,0,0,D: distractor drift
A412,Conditional reference (CondAttr-style kNN),0,10.0,0.1,1,0,0,0,D: distractor drift
A412,Simple fix: sliding-baseline deviation,0,12.0,0.08333333333333333,0,0,0,0,D: distractor drift
A412,"LENS-U (original, label-free)",0,4.0,0.25,1,0,0,1,D: distractor drift
A412,"LENS-SW (state-switched, exploratory)",0,12.0,0.08333333333333333,0,0,0,0,D: distractor drift
A412,Raw deviation |z|,0,3.0,0.3333333333333333,1,0,1,1,D: distractor drift
A413,LENS v2 (full),0,3.0,0.3333333333333333,1,0,1,1,D: distractor drift
A413,LENS v2 without own-history term,0,4.0,0.25,1,0,0,1,D: distractor drift
A413,LENS v2 without adaptation,0,9.0,0.1111111111111111,1,0,0,0,D: distractor drift
A413,LENS v2 without CUSUM,0,2.0,0.5,1,0,1,1,D: distractor drift
A413,Linear forecast residual (GDN-style),0,2.0,0.5,1,0,1,1,D: distractor drift
A413,Conditional reference (CondAttr-style kNN),0,19.0,0.05263157894736842,1,0,0,0,D: distractor drift
A413,Simple fix: sliding-baseline deviation,0,4.0,0.25,0,0,0,1,D: distractor drift
A413,"LENS-U (original, label-free)",0,2.0,0.5,0,0,1,1,D: distractor drift
A413,"LENS-SW (state-switched, exploratory)",0,1.0,1.0,1,1,1,1,D: distractor drift
A413,Raw deviation |z|,0,4.0,0.25,0,0,0,1,D: distractor drift
A414,LENS v2 (full),0,5.0,0.2,0,0,0,1,D: distractor drift
A414,LENS v2 without own-history term,0,5.0,0.2,0,0,0,1,D: distractor drift
A414,LENS v2 without adaptation,0,10.0,0.1,0,0,0,0,D: distractor drift
A414,LENS v2 without CUSUM,0,2.0,0.5,0,0,1,1,D: distractor drift
A414,Linear forecast residual (GDN-style),0,5.0,0.2,1,0,0,1,D: distractor drift
A414,Conditional reference (CondAttr-style kNN),0,32.0,0.03125,0,0,0,0,D: distractor drift
A414,Simple fix: sliding-baseline deviation,0,19.0,0.05263157894736842,1,0,0,0,D: distractor drift
A414,"LENS-U (original, label-free)",0,1.0,1.0,1,1,1,1,D: distractor drift
A414,"LENS-SW (state-switched, exploratory)",0,1.0,1.0,1,1,1,1,D: distractor drift
A414,Raw deviation |z|,0,38.0,0.02631578947368421,1,0,0,0,D: distractor drift
A415,LENS v2 (full),0,53.5,0.018691588785046728,1,0,0,0,D: distractor drift
A415,LENS v2 without own-history term,0,54.0,0.018518518518518517,0,0,0,0,D: distractor drift
A415,LENS v2 without adaptation,0,55.5,0.018018018018018018,0,0,0,0,D: distractor drift
A415,LENS v2 without CUSUM,0,77.5,0.012903225806451613,1,0,0,0,D: distractor drift
A415,Linear forecast residual (GDN-style),0,77.5,0.012903225806451613,0,0,0,0,D: distractor drift
A415,Conditional reference (CondAttr-style kNN),0,76.0,0.013157894736842105,0,0,0,0,D: distractor drift
A415,Simple fix: sliding-baseline deviation,0,69.5,0.014388489208633094,0,0,0,0,D: distractor drift
A415,"LENS-U (original, label-free)",0,77.5,0.012903225806451613,0,0,0,0,D: distractor drift
A415,"LENS-SW (state-switched, exploratory)",0,77.5,0.012903225806451613,0,0,0,0,D: distractor drift
A415,Raw deviation |z|,0,77.5,0.012903225806451613,0,0,0,0,D: distractor drift
A416,LENS v2 (full),0,5.0,0.2,1,0,0,1,D: distractor drift
A416,LENS v2 without own-history term,0,8.0,0.125,1,0,0,0,D: distractor drift
A416,LENS v2 without adaptation,0,11.0,0.09090909090909091,1,0,0,0,D: distractor drift
A416,LENS v2 without CUSUM,0,6.0,0.16666666666666666,1,0,0,0,D: distractor drift
A416,Linear forecast residual (GDN-style),0,2.0,0.5,1,0,1,1,D: distractor drift
A416,Conditional reference (CondAttr-style kNN),0,15.0,0.06666666666666667,1,0,0,0,D: distractor drift
A416,Simple fix: sliding-baseline deviation,0,28.0,0.03571428571428571,1,0,0,0,D: distractor drift
A416,"LENS-U (original, label-free)",0,45.0,0.022222222222222223,1,0,0,0,D: distractor drift
A416,"LENS-SW (state-switched, exploratory)",0,35.0,0.02857142857142857,1,0,0,0,D: distractor drift
A416,Raw deviation |z|,0,34.0,0.029411764705882353,1,0,0,0,D: distractor drift
A417,LENS v2 (full),0,49.0,0.02040816326530612,0,0,0,0,D: distractor drift
A417,LENS v2 without own-history term,0,50.0,0.02,1,0,0,0,D: distractor drift
A417,LENS v2 without adaptation,0,51.5,0.019417475728155338,1,0,0,0,D: distractor drift
A417,LENS v2 without CUSUM,0,24.0,0.041666666666666664,0,0,0,0,D: distractor drift
A417,Linear forecast residual (GDN-style),0,64.0,0.015625,1,0,0,0,D: distractor drift
A417,Conditional reference (CondAttr-style kNN),0,26.0,0.038461538461538464,1,0,0,0,D: distractor drift
A417,Simple fix: sliding-baseline deviation,0,69.5,0.014388489208633094,1,0,0,0,D: distractor drift
A417,"LENS-U (original, label-free)",0,52.0,0.019230769230769232,1,0,0,0,D: distractor drift
A417,"LENS-SW (state-switched, exploratory)",0,50.0,0.02,0,0,0,0,D: distractor drift
A417,Raw deviation |z|,0,48.0,0.020833333333333332,1,0,0,0,D: distractor drift
A418,LENS v2 (full),0,4.0,0.25,1,0,0,1,D: distractor drift
A418,LENS v2 without own-history term,0,8.0,0.125,1,0,0,0,D: distractor drift
A418,LENS v2 without adaptation,0,12.0,0.08333333333333333,1,0,0,0,D: distractor drift
A418,LENS v2 without CUSUM,0,6.0,0.16666666666666666,1,0,0,0,D: distractor drift
A418,Linear forecast residual (GDN-style),0,19.0,0.05263157894736842,1,0,0,0,D: distractor drift
A418,Conditional reference (CondAttr-style kNN),0,30.0,0.03333333333333333,1,0,0,0,D: distractor drift
A418,Simple fix: sliding-baseline deviation,0,27.0,0.037037037037037035,1,0,0,0,D: distractor drift
A418,"LENS-U (original, label-free)",0,45.0,0.022222222222222223,0,0,0,0,D: distractor drift
A418,"LENS-SW (state-switched, exploratory)",0,41.0,0.024390243902439025,1,0,0,0,D: distractor drift
A418,Raw deviation |z|,0,60.0,0.016666666666666666,1,0,0,0,D: distractor drift
A419,LENS v2 (full),0,6.0,0.16666666666666666,0,0,0,0,D: distractor drift
A419,LENS v2 without own-history term,0,6.0,0.16666666666666666,1,0,0,0,D: distractor drift
A419,LENS v2 without adaptation,0,10.0,0.1,1,0,0,0,D: distractor drift
A419,LENS v2 without CUSUM,0,4.0,0.25,1,0,0,1,D: distractor drift
A419,Linear forecast residual (GDN-style),0,2.0,0.5,1,0,1,1,D: distractor drift
A419,Conditional reference (CondAttr-style kNN),0,22.0,0.045454545454545456,0,0,0,0,D: distractor drift
A419,Simple fix: sliding-baseline deviation,0,20.0,0.05,1,0,0,0,D: distractor drift
A419,"LENS-U (original, label-free)",0,1.0,1.0,1,1,1,1,D: distractor drift
A419,"LENS-SW (state-switched, exploratory)",0,1.0,1.0,1,1,1,1,D: distractor drift
A419,Raw deviation |z|,0,32.0,0.03125,1,0,0,0,D: distractor drift
A420,LENS v2 (full),0,2.0,0.5,1,0,1,1,D: distractor drift
A420,LENS v2 without own-history term,0,6.0,0.16666666666666666,1,0,0,0,D: distractor drift
A420,LENS v2 without adaptation,0,9.0,0.1111111111111111,1,0,0,0,D: distractor drift
A420,LENS v2 without CUSUM,0,2.0,0.5,1,0,1,1,D: distractor drift
A420,Linear forecast residual (GDN-style),0,1.0,1.0,1,1,1,1,D: distractor drift
A420,Conditional reference (CondAttr-style kNN),0,16.0,0.0625,1,0,0,0,D: distractor drift
A420,Simple fix: sliding-baseline deviation,0,12.0,0.08333333333333333,1,0,0,0,D: distractor drift
A420,"LENS-U (original, label-free)",0,3.0,0.3333333333333333,1,0,1,1,D: distractor drift
A420,"LENS-SW (state-switched, exploratory)",0,1.0,1.0,1,1,1,1,D: distractor drift
A420,Raw deviation |z|,0,12.0,0.08333333333333333,1,0,0,0,D: distractor drift
A421,LENS v2 (full),0,3.0,0.3333333333333333,1,0,1,1,D: distractor drift
A421,LENS v2 without own-history term,0,4.0,0.25,1,0,0,1,D: distractor drift
A421,LENS v2 without adaptation,0,9.0,0.1111111111111111,1,0,0,0,D: distractor drift
A421,LENS v2 without CUSUM,0,2.0,0.5,1,0,1,1,D: distractor drift
A421,Linear forecast residual (GDN-style),0,1.0,1.0,1,1,1,1,D: distractor drift
A421,Conditional reference (CondAttr-style kNN),0,4.0,0.25,1,0,0,1,D: distractor drift
A421,Simple fix: sliding-baseline deviation,0,5.0,0.2,0,0,0,1,D: distractor drift
A421,"LENS-U (original, label-free)",0,24.0,0.041666666666666664,0,0,0,0,D: distractor drift
A421,"LENS-SW (state-switched, exploratory)",0,8.0,0.125,0,0,0,0,D: distractor drift
A421,Raw deviation |z|,0,25.0,0.04,0,0,0,0,D: distractor drift
A422,LENS v2 (full),0,5.0,0.2,1,0,0,1,D: distractor drift
A422,LENS v2 without own-history term,0,6.0,0.16666666666666666,1,0,0,0,D: distractor drift
A422,LENS v2 without adaptation,0,7.0,0.14285714285714285,1,0,0,0,D: distractor drift
A422,LENS v2 without CUSUM,0,2.0,0.5,0,0,1,1,D: distractor drift
A422,Linear forecast residual (GDN-style),0,11.0,0.09090909090909091,0,0,0,0,D: distractor drift
A422,Conditional reference (CondAttr-style kNN),0,5.0,0.2,1,0,0,1,D: distractor drift
A422,Simple fix: sliding-baseline deviation,0,19.0,0.05263157894736842,1,0,0,0,D: distractor drift
A422,"LENS-U (original, label-free)",0,36.0,0.027777777777777776,1,0,0,0,D: distractor drift
A422,"LENS-SW (state-switched, exploratory)",0,31.0,0.03225806451612903,1,0,0,0,D: distractor drift
A422,Raw deviation |z|,0,30.0,0.03333333333333333,1,0,0,0,D: distractor drift
A423,LENS v2 (full),0,6.0,0.16666666666666666,1,0,0,0,D: distractor drift
A423,LENS v2 without own-history term,0,6.0,0.16666666666666666,1,0,0,0,D: distractor drift
A423,LENS v2 without adaptation,0,9.0,0.1111111111111111,1,0,0,0,D: distractor drift
A423,LENS v2 without CUSUM,0,3.0,0.3333333333333333,1,0,1,1,D: distractor drift
A423,Linear forecast residual (GDN-style),0,8.0,0.125,1,0,0,0,D: distractor drift
A423,Conditional reference (CondAttr-style kNN),0,4.0,0.25,1,0,0,1,D: distractor drift
A423,Simple fix: sliding-baseline deviation,0,16.0,0.0625,1,0,0,0,D: distractor drift
A423,"LENS-U (original, label-free)",0,17.0,0.058823529411764705,1,0,0,0,D: distractor drift
A423,"LENS-SW (state-switched, exploratory)",0,5.0,0.2,1,0,0,1,D: distractor drift
A423,Raw deviation |z|,0,30.0,0.03333333333333333,1,0,0,0,D: distractor drift
A424,LENS v2 (full),0,5.0,0.2,1,0,0,1,D: distractor drift
A424,LENS v2 without own-history term,0,7.0,0.14285714285714285,1,0,0,0,D: distractor drift
A424,LENS v2 without adaptation,0,5.0,0.2,1,0,0,1,D: distractor drift
A424,LENS v2 without CUSUM,0,5.0,0.2,1,0,0,1,D: distractor drift
A424,Linear forecast residual (GDN-style),0,1.0,1.0,1,1,1,1,D: distractor drift
A424,Conditional reference (CondAttr-style kNN),0,5.0,0.2,0,0,0,1,D: distractor drift
A424,Simple fix: sliding-baseline deviation,0,12.0,0.08333333333333333,0,0,0,0,D: distractor drift
A424,"LENS-U (original, label-free)",0,2.0,0.5,1,0,1,1,D: distractor drift
A424,"LENS-SW (state-switched, exploratory)",0,4.0,0.25,1,0,0,1,D: distractor drift
A424,Raw deviation |z|,0,14.0,0.07142857142857142,1,0,0,0,D: distractor drift
A101,LENS v2 (full),3,15.0,0.06666666666666667,1,0,0,0,D: distractor drift
A101,LENS v2 without own-history term,3,15.0,0.06666666666666667,1,0,0,0,D: distractor drift
A101,LENS v2 without adaptation,3,50.0,0.02,1,0,0,0,D: distractor drift
A101,LENS v2 without CUSUM,3,13.0,0.07692307692307693,1,0,0,0,D: distractor drift
A101,Linear forecast residual (GDN-style),3,16.0,0.0625,0,0,0,0,D: distractor drift
A101,Conditional reference (CondAttr-style kNN),3,21.0,0.047619047619047616,1,0,0,0,D: distractor drift
A101,Simple fix: sliding-baseline deviation,3,22.0,0.045454545454545456,1,0,0,0,D: distractor drift
A101,"LENS-U (original, label-free)",3,24.0,0.041666666666666664,0,0,0,0,D: distractor drift
A101,"LENS-SW (state-switched, exploratory)",3,19.0,0.05263157894736842,0,0,0,0,D: distractor drift
A101,Raw deviation |z|,3,4.0,0.25,0,0,0,1,D: distractor drift
A102,LENS v2 (full),3,12.0,0.08333333333333333,1,0,0,0,D: distractor drift
A102,LENS v2 without own-history term,3,14.0,0.07142857142857142,1,0,0,0,D: distractor drift
A102,LENS v2 without adaptation,3,39.0,0.02564102564102564,1,0,0,0,D: distractor drift
A102,LENS v2 without CUSUM,3,10.0,0.1,1,0,0,0,D: distractor drift
A102,Linear forecast residual (GDN-style),3,6.0,0.16666666666666666,0,0,0,0,D: distractor drift
A102,Conditional reference (CondAttr-style kNN),3,14.0,0.07142857142857142,1,0,0,0,D: distractor drift
A102,Simple fix: sliding-baseline deviation,3,1.0,1.0,1,1,1,1,D: distractor drift
A102,"LENS-U (original, label-free)",3,8.0,0.125,0,0,0,0,D: distractor drift
A102,"LENS-SW (state-switched, exploratory)",3,6.0,0.16666666666666666,0,0,0,0,D: distractor drift
A102,Raw deviation |z|,3,2.0,0.5,1,0,1,1,D: distractor drift
A103,LENS v2 (full),3,12.0,0.08333333333333333,1,0,0,0,D: distractor drift
A103,LENS v2 without own-history term,3,14.0,0.07142857142857142,1,0,0,0,D: distractor drift
A103,LENS v2 without adaptation,3,20.0,0.05,1,0,0,0,D: distractor drift
A103,LENS v2 without CUSUM,3,11.0,0.09090909090909091,1,0,0,0,D: distractor drift
A103,Linear forecast residual (GDN-style),3,10.0,0.1,0,0,0,0,D: distractor drift
A103,Conditional reference (CondAttr-style kNN),3,18.0,0.05555555555555555,1,0,0,0,D: distractor drift
A103,Simple fix: sliding-baseline deviation,3,10.0,0.1,0,0,0,0,D: distractor drift
A103,"LENS-U (original, label-free)",3,13.0,0.07692307692307693,0,0,0,0,D: distractor drift
A103,"LENS-SW (state-switched, exploratory)",3,14.0,0.07142857142857142,0,0,0,0,D: distractor drift
A103,Raw deviation |z|,3,19.0,0.05263157894736842,0,0,0,0,D: distractor drift
A104,LENS v2 (full),3,14.0,0.07142857142857142,0,0,0,0,D: distractor drift
A104,LENS v2 without own-history term,3,13.0,0.07692307692307693,0,0,0,0,D: distractor drift
A104,LENS v2 without adaptation,3,21.5,0.046511627906976744,0,0,0,0,D: distractor drift
A104,LENS v2 without CUSUM,3,1.0,1.0,1,1,1,1,D: distractor drift
A104,Linear forecast residual (GDN-style),3,4.0,0.25,1,0,0,1,D: distractor drift
A104,Conditional reference (CondAttr-style kNN),3,30.0,0.03333333333333333,0,0,0,0,D: distractor drift
A104,Simple fix: sliding-baseline deviation,3,45.0,0.022222222222222223,0,0,0,0,D: distractor drift
A104,"LENS-U (original, label-free)",3,2.0,0.5,0,0,1,1,D: distractor drift
A104,"LENS-SW (state-switched, exploratory)",3,2.0,0.5,0,0,1,1,D: distractor drift
A104,Raw deviation |z|,3,64.0,0.015625,0,0,0,0,D: distractor drift
A105,LENS v2 (full),3,35.0,0.02857142857142857,1,0,0,0,D: distractor drift
A105,LENS v2 without own-history term,3,33.0,0.030303030303030304,1,0,0,0,D: distractor drift
A105,LENS v2 without adaptation,3,21.0,0.047619047619047616,1,0,0,0,D: distractor drift
A105,LENS v2 without CUSUM,3,27.0,0.037037037037037035,1,0,0,0,D: distractor drift
A105,Linear forecast residual (GDN-style),3,43.0,0.023255813953488372,0,0,0,0,D: distractor drift
A105,Conditional reference (CondAttr-style kNN),3,30.0,0.03333333333333333,1,0,0,0,D: distractor drift
A105,Simple fix: sliding-baseline deviation,3,13.0,0.07692307692307693,1,0,0,0,D: distractor drift
A105,"LENS-U (original, label-free)",3,40.0,0.025,0,0,0,0,D: distractor drift
A105,"LENS-SW (state-switched, exploratory)",3,45.0,0.022222222222222223,0,0,0,0,D: distractor drift
A105,Raw deviation |z|,3,20.0,0.05,1,0,0,0,D: distractor drift
A106,LENS v2 (full),3,16.0,0.0625,1,0,0,0,D: distractor drift
A106,LENS v2 without own-history term,3,18.0,0.05555555555555555,1,0,0,0,D: distractor drift
A106,LENS v2 without adaptation,3,19.0,0.05263157894736842,1,0,0,0,D: distractor drift
A106,LENS v2 without CUSUM,3,14.0,0.07142857142857142,1,0,0,0,D: distractor drift
A106,Linear forecast residual (GDN-style),3,31.0,0.03225806451612903,0,0,0,0,D: distractor drift
A106,Conditional reference (CondAttr-style kNN),3,8.0,0.125,1,0,0,0,D: distractor drift
A106,Simple fix: sliding-baseline deviation,3,15.0,0.06666666666666667,0,0,0,0,D: distractor drift
A106,"LENS-U (original, label-free)",3,43.0,0.023255813953488372,0,0,0,0,D: distractor drift
A106,"LENS-SW (state-switched, exploratory)",3,37.0,0.02702702702702703,0,0,0,0,D: distractor drift
A106,Raw deviation |z|,3,30.0,0.03333333333333333,0,0,0,0,D: distractor drift
A107,LENS v2 (full),3,23.0,0.043478260869565216,1,0,0,0,D: distractor drift
A107,LENS v2 without own-history term,3,23.0,0.043478260869565216,1,0,0,0,D: distractor drift
A107,LENS v2 without adaptation,3,20.0,0.05,1,0,0,0,D: distractor drift
A107,LENS v2 without CUSUM,3,30.0,0.03333333333333333,1,0,0,0,D: distractor drift
A107,Linear forecast residual (GDN-style),3,44.0,0.022727272727272728,0,0,0,0,D: distractor drift
A107,Conditional reference (CondAttr-style kNN),3,21.0,0.047619047619047616,1,0,0,0,D: distractor drift
A107,Simple fix: sliding-baseline deviation,3,44.0,0.022727272727272728,0,0,0,0,D: distractor drift
A107,"LENS-U (original, label-free)",3,32.0,0.03125,1,0,0,0,D: distractor drift
A107,"LENS-SW (state-switched, exploratory)",3,24.0,0.041666666666666664,0,0,0,0,D: distractor drift
A107,Raw deviation |z|,3,19.0,0.05263157894736842,1,0,0,0,D: distractor drift
A201,LENS v2 (full),3,56.0,0.017857142857142856,1,0,0,0,D: distractor drift
A201,LENS v2 without own-history term,3,56.5,0.017699115044247787,1,0,0,0,D: distractor drift
A201,LENS v2 without adaptation,3,64.0,0.015625,1,0,0,0,D: distractor drift
A201,LENS v2 without CUSUM,3,57.0,0.017543859649122806,1,0,0,0,D: distractor drift
A201,Linear forecast residual (GDN-style),3,15.0,0.06666666666666667,0,0,0,0,D: distractor drift
A201,Conditional reference (CondAttr-style kNN),3,50.0,0.02,1,0,0,0,D: distractor drift
A201,Simple fix: sliding-baseline deviation,3,14.0,0.07142857142857142,1,0,0,0,D: distractor drift
A201,"LENS-U (original, label-free)",3,27.0,0.037037037037037035,1,0,0,0,D: distractor drift
A201,"LENS-SW (state-switched, exploratory)",3,17.0,0.058823529411764705,0,0,0,0,D: distractor drift
A201,Raw deviation |z|,3,44.0,0.022727272727272728,1,0,0,0,D: distractor drift
A202,LENS v2 (full),3,55.5,0.018018018018018018,1,0,0,0,D: distractor drift
A202,LENS v2 without own-history term,3,55.0,0.01818181818181818,1,0,0,0,D: distractor drift
A202,LENS v2 without adaptation,3,14.0,0.07142857142857142,1,0,0,0,D: distractor drift
A202,LENS v2 without CUSUM,3,24.0,0.041666666666666664,1,0,0,0,D: distractor drift
A202,Linear forecast residual (GDN-style),3,13.0,0.07692307692307693,0,0,0,0,D: distractor drift
A202,Conditional reference (CondAttr-style kNN),3,48.0,0.020833333333333332,1,0,0,0,D: distractor drift
A202,Simple fix: sliding-baseline deviation,3,42.0,0.023809523809523808,1,0,0,0,D: distractor drift
A202,"LENS-U (original, label-free)",3,58.0,0.017241379310344827,0,0,0,0,D: distractor drift
A202,"LENS-SW (state-switched, exploratory)",3,55.0,0.01818181818181818,0,0,0,0,D: distractor drift
A202,Raw deviation |z|,3,52.0,0.019230769230769232,1,0,0,0,D: distractor drift
A203,LENS v2 (full),3,13.0,0.07692307692307693,0,0,0,0,D: distractor drift
A203,LENS v2 without own-history term,3,10.0,0.1,0,0,0,0,D: distractor drift
A203,LENS v2 without adaptation,3,18.5,0.05405405405405406,0,0,0,0,D: distractor drift
A203,LENS v2 without CUSUM,3,13.0,0.07692307692307693,0,0,0,0,D: distractor drift
A203,Linear forecast residual (GDN-style),3,63.0,0.015873015873015872,0,0,0,0,D: distractor drift
A203,Conditional reference (CondAttr-style kNN),3,6.0,0.16666666666666666,0,0,0,0,D: distractor drift
A203,Simple fix: sliding-baseline deviation,3,69.0,0.014492753623188406,0,0,0,0,D: distractor drift
A203,"LENS-U (original, label-free)",3,47.0,0.02127659574468085,0,0,0,0,D: distractor drift
A203,"LENS-SW (state-switched, exploratory)",3,45.0,0.022222222222222223,0,0,0,0,D: distractor drift
A203,Raw deviation |z|,3,41.0,0.024390243902439025,1,0,0,0,D: distractor drift
A204,LENS v2 (full),3,12.0,0.08333333333333333,1,0,0,0,D: distractor drift
A204,LENS v2 without own-history term,3,11.0,0.09090909090909091,1,0,0,0,D: distractor drift
A204,LENS v2 without adaptation,3,42.0,0.023809523809523808,1,0,0,0,D: distractor drift
A204,LENS v2 without CUSUM,3,12.0,0.08333333333333333,1,0,0,0,D: distractor drift
A204,Linear forecast residual (GDN-style),3,33.0,0.030303030303030304,0,0,0,0,D: distractor drift
A204,Conditional reference (CondAttr-style kNN),3,14.0,0.07142857142857142,1,0,0,0,D: distractor drift
A204,Simple fix: sliding-baseline deviation,3,25.0,0.04,1,0,0,0,D: distractor drift
A204,"LENS-U (original, label-free)",3,35.0,0.02857142857142857,0,0,0,0,D: distractor drift
A204,"LENS-SW (state-switched, exploratory)",3,26.0,0.038461538461538464,0,0,0,0,D: distractor drift
A204,Raw deviation |z|,3,44.0,0.022727272727272728,0,0,0,0,D: distractor drift
A205,LENS v2 (full),3,12.0,0.08333333333333333,0,0,0,0,D: distractor drift
A205,LENS v2 without own-history term,3,11.0,0.09090909090909091,0,0,0,0,D: distractor drift
A205,LENS v2 without adaptation,3,19.5,0.05128205128205128,0,0,0,0,D: distractor drift
A205,LENS v2 without CUSUM,3,11.0,0.09090909090909091,0,0,0,0,D: distractor drift
A205,Linear forecast residual (GDN-style),3,4.0,0.25,1,0,0,1,D: distractor drift
A205,Conditional reference (CondAttr-style kNN),3,32.0,0.03125,0,0,0,0,D: distractor drift
A205,Simple fix: sliding-baseline deviation,3,40.0,0.025,0,0,0,0,D: distractor drift
A205,"LENS-U (original, label-free)",3,4.0,0.25,0,0,0,1,D: distractor drift
A205,"LENS-SW (state-switched, exploratory)",3,2.0,0.5,0,0,1,1,D: distractor drift
A205,Raw deviation |z|,3,61.0,0.01639344262295082,0,0,0,0,D: distractor drift
A206,LENS v2 (full),3,12.0,0.08333333333333333,1,0,0,0,D: distractor drift
A206,LENS v2 without own-history term,3,12.0,0.08333333333333333,1,0,0,0,D: distractor drift
A206,LENS v2 without adaptation,3,19.0,0.05263157894736842,1,0,0,0,D: distractor drift
A206,LENS v2 without CUSUM,3,11.0,0.09090909090909091,1,0,0,0,D: distractor drift
A206,Linear forecast residual (GDN-style),3,12.0,0.08333333333333333,0,0,0,0,D: distractor drift
A206,Conditional reference (CondAttr-style kNN),3,13.0,0.07692307692307693,1,0,0,0,D: distractor drift
A206,Simple fix: sliding-baseline deviation,3,27.0,0.037037037037037035,1,0,0,0,D: distractor drift
A206,"LENS-U (original, label-free)",3,40.0,0.025,0,0,0,0,D: distractor drift
A206,"LENS-SW (state-switched, exploratory)",3,32.0,0.03125,0,0,0,0,D: distractor drift
A206,Raw deviation |z|,3,44.0,0.022727272727272728,1,0,0,0,D: distractor drift
A207,LENS v2 (full),3,12.0,0.08333333333333333,1,0,0,0,D: distractor drift
A207,LENS v2 without own-history term,3,11.0,0.09090909090909091,1,0,0,0,D: distractor drift
A207,LENS v2 without adaptation,3,21.0,0.047619047619047616,1,0,0,0,D: distractor drift
A207,LENS v2 without CUSUM,3,11.0,0.09090909090909091,1,0,0,0,D: distractor drift
A207,Linear forecast residual (GDN-style),3,7.0,0.14285714285714285,0,0,0,0,D: distractor drift
A207,Conditional reference (CondAttr-style kNN),3,36.0,0.027777777777777776,1,0,0,0,D: distractor drift
A207,Simple fix: sliding-baseline deviation,3,3.0,0.3333333333333333,1,0,1,1,D: distractor drift
A207,"LENS-U (original, label-free)",3,11.0,0.09090909090909091,0,0,0,0,D: distractor drift
A207,"LENS-SW (state-switched, exploratory)",3,16.0,0.0625,0,0,0,0,D: distractor drift
A207,Raw deviation |z|,3,5.0,0.2,0,0,0,1,D: distractor drift
A208,LENS v2 (full),3,14.0,0.07142857142857142,0,0,0,0,D: distractor drift
A208,LENS v2 without own-history term,3,14.0,0.07142857142857142,0,0,0,0,D: distractor drift
A208,LENS v2 without adaptation,3,20.0,0.05,0,0,0,0,D: distractor drift
A208,LENS v2 without CUSUM,3,11.0,0.09090909090909091,0,0,0,0,D: distractor drift
A208,Linear forecast residual (GDN-style),3,33.0,0.030303030303030304,0,0,0,0,D: distractor drift
A208,Conditional reference (CondAttr-style kNN),3,10.0,0.1,0,0,0,0,D: distractor drift
A208,Simple fix: sliding-baseline deviation,3,26.0,0.038461538461538464,0,0,0,0,D: distractor drift
A208,"LENS-U (original, label-free)",3,40.0,0.025,0,0,0,0,D: distractor drift
A208,"LENS-SW (state-switched, exploratory)",3,33.0,0.030303030303030304,0,0,0,0,D: distractor drift
A208,Raw deviation |z|,3,49.0,0.02040816326530612,0,0,0,0,D: distractor drift
A209,LENS v2 (full),3,20.0,0.05,1,0,0,0,D: distractor drift
A209,LENS v2 without own-history term,3,19.0,0.05263157894736842,1,0,0,0,D: distractor drift
A209,LENS v2 without adaptation,3,20.0,0.05,1,0,0,0,D: distractor drift
A209,LENS v2 without CUSUM,3,30.0,0.03333333333333333,1,0,0,0,D: distractor drift
A209,Linear forecast residual (GDN-style),3,12.0,0.08333333333333333,0,0,0,0,D: distractor drift
A209,Conditional reference (CondAttr-style kNN),3,37.0,0.02702702702702703,1,0,0,0,D: distractor drift
A209,Simple fix: sliding-baseline deviation,3,21.0,0.047619047619047616,1,0,0,0,D: distractor drift
A209,"LENS-U (original, label-free)",3,32.0,0.03125,0,0,0,0,D: distractor drift
A209,"LENS-SW (state-switched, exploratory)",3,27.0,0.037037037037037035,0,0,0,0,D: distractor drift
A209,Raw deviation |z|,3,22.0,0.045454545454545456,1,0,0,0,D: distractor drift
A210,LENS v2 (full),3,6.0,0.16666666666666666,0,0,0,0,D: distractor drift
A210,LENS v2 without own-history term,3,12.0,0.08333333333333333,0,0,0,0,D: distractor drift
A210,LENS v2 without adaptation,3,20.5,0.04878048780487805,0,0,0,0,D: distractor drift
A210,LENS v2 without CUSUM,3,1.0,1.0,1,1,1,1,D: distractor drift
A210,Linear forecast residual (GDN-style),3,65.0,0.015384615384615385,0,0,0,0,D: distractor drift
A210,Conditional reference (CondAttr-style kNN),3,8.0,0.125,0,0,0,0,D: distractor drift
A210,Simple fix: sliding-baseline deviation,3,69.5,0.014388489208633094,1,0,0,0,D: distractor drift
A210,"LENS-U (original, label-free)",3,35.0,0.02857142857142857,0,0,0,0,D: distractor drift
A210,"LENS-SW (state-switched, exploratory)",3,30.0,0.03333333333333333,1,0,0,0,D: distractor drift
A210,Raw deviation |z|,3,34.0,0.029411764705882353,0,0,0,0,D: distractor drift
A211,LENS v2 (full),3,19.0,0.05263157894736842,1,0,0,0,D: distractor drift
A211,LENS v2 without own-history term,3,18.0,0.05555555555555555,1,0,0,0,D: distractor drift
A211,LENS v2 without adaptation,3,48.0,0.020833333333333332,1,0,0,0,D: distractor drift
A211,LENS v2 without CUSUM,3,17.0,0.058823529411764705,0,0,0,0,D: distractor drift
A211,Linear forecast residual (GDN-style),3,13.0,0.07692307692307693,0,0,0,0,D: distractor drift
A211,Conditional reference (CondAttr-style kNN),3,32.0,0.03125,1,0,0,0,D: distractor drift
A211,Simple fix: sliding-baseline deviation,3,16.0,0.0625,1,0,0,0,D: distractor drift
A211,"LENS-U (original, label-free)",3,30.0,0.03333333333333333,0,0,0,0,D: distractor drift
A211,"LENS-SW (state-switched, exploratory)",3,24.0,0.041666666666666664,0,0,0,0,D: distractor drift
A211,Raw deviation |z|,3,43.0,0.023255813953488372,0,0,0,0,D: distractor drift
A212,LENS v2 (full),3,15.0,0.06666666666666667,0,0,0,0,D: distractor drift
A212,LENS v2 without own-history term,3,17.0,0.058823529411764705,0,0,0,0,D: distractor drift
A212,LENS v2 without adaptation,3,19.0,0.05263157894736842,0,0,0,0,D: distractor drift
A212,LENS v2 without CUSUM,3,12.0,0.08333333333333333,0,0,0,0,D: distractor drift
A212,Linear forecast residual (GDN-style),3,4.0,0.25,1,0,0,1,D: distractor drift
A212,Conditional reference (CondAttr-style kNN),3,22.0,0.045454545454545456,0,0,0,0,D: distractor drift
A212,Simple fix: sliding-baseline deviation,3,34.0,0.029411764705882353,0,0,0,0,D: distractor drift
A212,"LENS-U (original, label-free)",3,5.0,0.2,0,0,0,1,D: distractor drift
A212,"LENS-SW (state-switched, exploratory)",3,7.0,0.14285714285714285,0,0,0,0,D: distractor drift
A212,Raw deviation |z|,3,53.0,0.018867924528301886,0,0,0,0,D: distractor drift
A213,LENS v2 (full),3,54.0,0.018518518518518517,1,0,0,0,D: distractor drift
A213,LENS v2 without own-history term,3,54.0,0.018518518518518517,1,0,0,0,D: distractor drift
A213,LENS v2 without adaptation,3,42.0,0.023809523809523808,1,0,0,0,D: distractor drift
A213,LENS v2 without CUSUM,3,51.0,0.0196078431372549,1,0,0,0,D: distractor drift
A213,Linear forecast residual (GDN-style),3,19.0,0.05263157894736842,0,0,0,0,D: distractor drift
A213,Conditional reference (CondAttr-style kNN),3,3.0,0.3333333333333333,1,0,1,1,D: distractor drift
A213,Simple fix: sliding-baseline deviation,3,1.0,1.0,1,1,1,1,D: distractor drift
A213,"LENS-U (original, label-free)",3,8.0,0.125,0,0,0,0,D: distractor drift
A213,"LENS-SW (state-switched, exploratory)",3,9.0,0.1111111111111111,0,0,0,0,D: distractor drift
A213,Raw deviation |z|,3,2.0,0.5,0,0,1,1,D: distractor drift
A214,LENS v2 (full),3,14.0,0.07142857142857142,0,0,0,0,D: distractor drift
A214,LENS v2 without own-history term,3,12.0,0.08333333333333333,0,0,0,0,D: distractor drift
A214,LENS v2 without adaptation,3,20.5,0.04878048780487805,0,0,0,0,D: distractor drift
A214,LENS v2 without CUSUM,3,12.0,0.08333333333333333,0,0,0,0,D: distractor drift
A214,Linear forecast residual (GDN-style),3,5.0,0.2,1,0,0,1,D: distractor drift
A214,Conditional reference (CondAttr-style kNN),3,46.0,0.021739130434782608,0,0,0,0,D: distractor drift
A214,Simple fix: sliding-baseline deviation,3,5.0,0.2,0,0,0,1,D: distractor drift
A214,"LENS-U (original, label-free)",3,2.0,0.5,0,0,1,1,D: distractor drift
A214,"LENS-SW (state-switched, exploratory)",3,1.0,1.0,1,1,1,1,D: distractor drift
A214,Raw deviation |z|,3,25.0,0.04,0,0,0,0,D: distractor drift
A215,LENS v2 (full),3,5.5,0.18181818181818182,1,0,0,0,D: distractor drift
A215,LENS v2 without own-history term,3,5.0,0.2,1,0,0,1,D: distractor drift
A215,LENS v2 without adaptation,3,20.0,0.05,1,0,0,0,D: distractor drift
A215,LENS v2 without CUSUM,3,9.0,0.1111111111111111,1,0,0,0,D: distractor drift
A215,Linear forecast residual (GDN-style),3,8.0,0.125,0,0,0,0,D: distractor drift
A215,Conditional reference (CondAttr-style kNN),3,20.0,0.05,1,0,0,0,D: distractor drift
A215,Simple fix: sliding-baseline deviation,3,39.0,0.02564102564102564,1,0,0,0,D: distractor drift
A215,"LENS-U (original, label-free)",3,36.0,0.027777777777777776,0,0,0,0,D: distractor drift
A215,"LENS-SW (state-switched, exploratory)",3,27.0,0.037037037037037035,0,0,0,0,D: distractor drift
A215,Raw deviation |z|,3,42.0,0.023809523809523808,1,0,0,0,D: distractor drift
A216,LENS v2 (full),3,6.5,0.15384615384615385,1,0,0,0,D: distractor drift
A216,LENS v2 without own-history term,3,5.5,0.18181818181818182,1,0,0,0,D: distractor drift
A216,LENS v2 without adaptation,3,20.5,0.04878048780487805,1,0,0,0,D: distractor drift
A216,LENS v2 without CUSUM,3,9.0,0.1111111111111111,1,0,0,0,D: distractor drift
A216,Linear forecast residual (GDN-style),3,12.0,0.08333333333333333,0,0,0,0,D: distractor drift
A216,Conditional reference (CondAttr-style kNN),3,9.0,0.1111111111111111,1,0,0,0,D: distractor drift
A216,Simple fix: sliding-baseline deviation,3,25.0,0.04,1,0,0,0,D: distractor drift
A216,"LENS-U (original, label-free)",3,31.0,0.03225806451612903,0,0,0,0,D: distractor drift
A216,"LENS-SW (state-switched, exploratory)",3,27.0,0.037037037037037035,0,0,0,0,D: distractor drift
A216,Raw deviation |z|,3,44.0,0.022727272727272728,1,0,0,0,D: distractor drift
A217,LENS v2 (full),3,14.0,0.07142857142857142,1,0,0,0,D: distractor drift
A217,LENS v2 without own-history term,3,14.0,0.07142857142857142,1,0,0,0,D: distractor drift
A217,LENS v2 without adaptation,3,22.5,0.044444444444444446,1,0,0,0,D: distractor drift
A217,LENS v2 without CUSUM,3,12.0,0.08333333333333333,1,0,0,0,D: distractor drift
A217,Linear forecast residual (GDN-style),3,12.0,0.08333333333333333,0,0,0,0,D: distractor drift
A217,Conditional reference (CondAttr-style kNN),3,30.0,0.03333333333333333,1,0,0,0,D: distractor drift
A217,Simple fix: sliding-baseline deviation,3,33.0,0.030303030303030304,1,0,0,0,D: distractor drift
A217,"LENS-U (original, label-free)",3,45.0,0.022222222222222223,0,0,0,0,D: distractor drift
A217,"LENS-SW (state-switched, exploratory)",3,39.0,0.02564102564102564,0,0,0,0,D: distractor drift
A217,Raw deviation |z|,3,39.0,0.02564102564102564,1,0,0,0,D: distractor drift
A301,LENS v2 (full),3,14.0,0.07142857142857142,1,0,0,0,D: distractor drift
A301,LENS v2 without own-history term,3,12.0,0.08333333333333333,1,0,0,0,D: distractor drift
A301,LENS v2 without adaptation,3,13.0,0.07692307692307693,1,0,0,0,D: distractor drift
A301,LENS v2 without CUSUM,3,29.0,0.034482758620689655,1,0,0,0,D: distractor drift
A301,Linear forecast residual (GDN-style),3,6.0,0.16666666666666666,1,0,0,0,D: distractor drift
A301,Conditional reference (CondAttr-style kNN),3,9.0,0.1111111111111111,1,0,0,0,D: distractor drift
A301,Simple fix: sliding-baseline deviation,3,12.0,0.08333333333333333,1,0,0,0,D: distractor drift
A301,"LENS-U (original, label-free)",3,15.0,0.06666666666666667,1,0,0,0,D: distractor drift
A301,"LENS-SW (state-switched, exploratory)",3,1.0,1.0,1,1,1,1,D: distractor drift
A301,Raw deviation |z|,3,30.0,0.03333333333333333,1,0,0,0,D: distractor drift
A302,LENS v2 (full),3,16.0,0.0625,1,0,0,0,D: distractor drift
A302,LENS v2 without own-history term,3,15.0,0.06666666666666667,1,0,0,0,D: distractor drift
A302,LENS v2 without adaptation,3,21.0,0.047619047619047616,1,0,0,0,D: distractor drift
A302,LENS v2 without CUSUM,3,17.0,0.058823529411764705,1,0,0,0,D: distractor drift
A302,Linear forecast residual (GDN-style),3,12.0,0.08333333333333333,0,0,0,0,D: distractor drift
A302,Conditional reference (CondAttr-style kNN),3,22.0,0.045454545454545456,1,0,0,0,D: distractor drift
A302,Simple fix: sliding-baseline deviation,3,4.0,0.25,1,0,0,1,D: distractor drift
A302,"LENS-U (original, label-free)",3,25.0,0.04,0,0,0,0,D: distractor drift
A302,"LENS-SW (state-switched, exploratory)",3,17.0,0.058823529411764705,0,0,0,0,D: distractor drift
A302,Raw deviation |z|,3,21.0,0.047619047619047616,1,0,0,0,D: distractor drift
A303,LENS v2 (full),3,12.0,0.08333333333333333,1,0,0,0,D: distractor drift
A303,LENS v2 without own-history term,3,10.0,0.1,1,0,0,0,D: distractor drift
A303,LENS v2 without adaptation,3,20.0,0.05,1,0,0,0,D: distractor drift
A303,LENS v2 without CUSUM,3,11.0,0.09090909090909091,1,0,0,0,D: distractor drift
A303,Linear forecast residual (GDN-style),3,5.0,0.2,1,0,0,1,D: distractor drift
A303,Conditional reference (CondAttr-style kNN),3,25.0,0.04,1,0,0,0,D: distractor drift
A303,Simple fix: sliding-baseline deviation,3,1.0,1.0,1,1,1,1,D: distractor drift
A303,"LENS-U (original, label-free)",3,1.0,1.0,1,1,1,1,D: distractor drift
A303,"LENS-SW (state-switched, exploratory)",3,1.0,1.0,1,1,1,1,D: distractor drift
A303,Raw deviation |z|,3,7.0,0.14285714285714285,0,0,0,0,D: distractor drift
A304,LENS v2 (full),3,12.0,0.08333333333333333,1,0,0,0,D: distractor drift
A304,LENS v2 without own-history term,3,10.0,0.1,1,0,0,0,D: distractor drift
A304,LENS v2 without adaptation,3,19.0,0.05263157894736842,1,0,0,0,D: distractor drift
A304,LENS v2 without CUSUM,3,5.0,0.2,1,0,0,1,D: distractor drift
A304,Linear forecast residual (GDN-style),3,4.0,0.25,1,0,0,1,D: distractor drift
A304,Conditional reference (CondAttr-style kNN),3,13.0,0.07692307692307693,1,0,0,0,D: distractor drift
A304,Simple fix: sliding-baseline deviation,3,6.0,0.16666666666666666,1,0,0,0,D: distractor drift
A304,"LENS-U (original, label-free)",3,7.0,0.14285714285714285,1,0,0,0,D: distractor drift
A304,"LENS-SW (state-switched, exploratory)",3,5.0,0.2,1,0,0,1,D: distractor drift
A304,Raw deviation |z|,3,19.0,0.05263157894736842,1,0,0,0,D: distractor drift
A305,LENS v2 (full),3,10.0,0.1,1,0,0,0,D: distractor drift
A305,LENS v2 without own-history term,3,9.0,0.1111111111111111,1,0,0,0,D: distractor drift
A305,LENS v2 without adaptation,3,18.5,0.05405405405405406,1,0,0,0,D: distractor drift
A305,LENS v2 without CUSUM,3,1.0,1.0,1,1,1,1,D: distractor drift
A305,Linear forecast residual (GDN-style),3,5.0,0.2,1,0,0,1,D: distractor drift
A305,Conditional reference (CondAttr-style kNN),3,7.0,0.14285714285714285,1,0,0,0,D: distractor drift
A305,Simple fix: sliding-baseline deviation,3,1.0,1.0,1,1,1,1,D: distractor drift
A305,"LENS-U (original, label-free)",3,2.0,0.5,1,0,1,1,D: distractor drift
A305,"LENS-SW (state-switched, exploratory)",3,1.0,1.0,1,1,1,1,D: distractor drift
A305,Raw deviation |z|,3,1.0,1.0,1,1,1,1,D: distractor drift
A306,LENS v2 (full),3,16.0,0.0625,1,0,0,0,D: distractor drift
A306,LENS v2 without own-history term,3,13.0,0.07692307692307693,1,0,0,0,D: distractor drift
A306,LENS v2 without adaptation,3,19.0,0.05263157894736842,1,0,0,0,D: distractor drift
A306,LENS v2 without CUSUM,3,12.0,0.08333333333333333,0,0,0,0,D: distractor drift
A306,Linear forecast residual (GDN-style),3,12.0,0.08333333333333333,0,0,0,0,D: distractor drift
A306,Conditional reference (CondAttr-style kNN),3,34.0,0.029411764705882353,1,0,0,0,D: distractor drift
A306,Simple fix: sliding-baseline deviation,3,3.0,0.3333333333333333,1,0,1,1,D: distractor drift
A306,"LENS-U (original, label-free)",3,32.0,0.03125,1,0,0,0,D: distractor drift
A306,"LENS-SW (state-switched, exploratory)",3,26.0,0.038461538461538464,0,0,0,0,D: distractor drift
A306,Raw deviation |z|,3,14.0,0.07142857142857142,1,0,0,0,D: distractor drift
A307,LENS v2 (full),3,15.0,0.06666666666666667,1,0,0,0,D: distractor drift
A307,LENS v2 without own-history term,3,15.0,0.06666666666666667,1,0,0,0,D: distractor drift
A307,LENS v2 without adaptation,3,20.0,0.05,1,0,0,0,D: distractor drift
A307,LENS v2 without CUSUM,3,19.0,0.05263157894736842,1,0,0,0,D: distractor drift
A307,Linear forecast residual (GDN-style),3,21.0,0.047619047619047616,0,0,0,0,D: distractor drift
A307,Conditional reference (CondAttr-style kNN),3,33.0,0.030303030303030304,1,0,0,0,D: distractor drift
A307,Simple fix: sliding-baseline deviation,3,45.0,0.022222222222222223,1,0,0,0,D: distractor drift
A307,"LENS-U (original, label-free)",3,10.0,0.1,1,0,0,0,D: distractor drift
A307,"LENS-SW (state-switched, exploratory)",3,26.0,0.038461538461538464,1,0,0,0,D: distractor drift
A307,Raw deviation |z|,3,17.0,0.058823529411764705,0,0,0,0,D: distractor drift
A308,LENS v2 (full),3,12.0,0.08333333333333333,1,0,0,0,D: distractor drift
A308,LENS v2 without own-history term,3,11.0,0.09090909090909091,1,0,0,0,D: distractor drift
A308,LENS v2 without adaptation,3,45.0,0.022222222222222223,1,0,0,0,D: distractor drift
A308,LENS v2 without CUSUM,3,11.0,0.09090909090909091,0,0,0,0,D: distractor drift
A308,Linear forecast residual (GDN-style),3,13.0,0.07692307692307693,0,0,0,0,D: distractor drift
A308,Conditional reference (CondAttr-style kNN),3,8.0,0.125,1,0,0,0,D: distractor drift
A308,Simple fix: sliding-baseline deviation,3,2.0,0.5,0,0,1,1,D: distractor drift
A308,"LENS-U (original, label-free)",3,23.0,0.043478260869565216,1,0,0,0,D: distractor drift
A308,"LENS-SW (state-switched, exploratory)",3,25.0,0.04,1,0,0,0,D: distractor drift
A308,Raw deviation |z|,3,5.0,0.2,1,0,0,1,D: distractor drift
A309,LENS v2 (full),3,14.0,0.07142857142857142,1,0,0,0,D: distractor drift
A309,LENS v2 without own-history term,3,14.0,0.07142857142857142,1,0,0,0,D: distractor drift
A309,LENS v2 without adaptation,3,18.5,0.05405405405405406,1,0,0,0,D: distractor drift
A309,LENS v2 without CUSUM,3,11.0,0.09090909090909091,1,0,0,0,D: distractor drift
A309,Linear forecast residual (GDN-style),3,28.0,0.03571428571428571,0,0,0,0,D: distractor drift
A309,Conditional reference (CondAttr-style kNN),3,12.0,0.08333333333333333,1,0,0,0,D: distractor drift
A309,Simple fix: sliding-baseline deviation,3,43.0,0.023255813953488372,1,0,0,0,D: distractor drift
A309,"LENS-U (original, label-free)",3,30.0,0.03333333333333333,0,0,0,0,D: distractor drift
A309,"LENS-SW (state-switched, exploratory)",3,22.0,0.045454545454545456,0,0,0,0,D: distractor drift
A309,Raw deviation |z|,3,15.0,0.06666666666666667,0,0,0,0,D: distractor drift
A310,LENS v2 (full),3,12.0,0.08333333333333333,0,0,0,0,D: distractor drift
A310,LENS v2 without own-history term,3,10.0,0.1,0,0,0,0,D: distractor drift
A310,LENS v2 without adaptation,3,18.5,0.05405405405405406,0,0,0,0,D: distractor drift
A310,LENS v2 without CUSUM,3,2.0,0.5,0,0,1,1,D: distractor drift
A310,Linear forecast residual (GDN-style),3,4.0,0.25,1,0,0,1,D: distractor drift
A310,Conditional reference (CondAttr-style kNN),3,21.0,0.047619047619047616,0,0,0,0,D: distractor drift
A310,Simple fix: sliding-baseline deviation,3,2.0,0.5,1,0,1,1,D: distractor drift
A310,"LENS-U (original, label-free)",3,6.0,0.16666666666666666,0,0,0,0,D: distractor drift
A310,"LENS-SW (state-switched, exploratory)",3,5.0,0.2,0,0,0,1,D: distractor drift
A310,Raw deviation |z|,3,15.0,0.06666666666666667,0,0,0,0,D: distractor drift
A401,LENS v2 (full),3,13.5,0.07407407407407407,0,0,0,0,D: distractor drift
A401,LENS v2 without own-history term,3,13.0,0.07692307692307693,0,0,0,0,D: distractor drift
A401,LENS v2 without adaptation,3,30.0,0.03333333333333333,0,0,0,0,D: distractor drift
A401,LENS v2 without CUSUM,3,3.0,0.3333333333333333,0,0,1,1,D: distractor drift
A401,Linear forecast residual (GDN-style),3,4.0,0.25,0,0,0,1,D: distractor drift
A401,Conditional reference (CondAttr-style kNN),3,1.0,1.0,1,1,1,1,D: distractor drift
A401,Simple fix: sliding-baseline deviation,3,1.0,1.0,1,1,1,1,D: distractor drift
A401,"LENS-U (original, label-free)",3,1.0,1.0,1,1,1,1,D: distractor drift
A401,"LENS-SW (state-switched, exploratory)",3,1.0,1.0,1,1,1,1,D: distractor drift
A401,Raw deviation |z|,3,1.0,1.0,1,1,1,1,D: distractor drift
A402,LENS v2 (full),3,20.0,0.05,1,0,0,0,D: distractor drift
A402,LENS v2 without own-history term,3,19.0,0.05263157894736842,1,0,0,0,D: distractor drift
A402,LENS v2 without adaptation,3,38.0,0.02631578947368421,1,0,0,0,D: distractor drift
A402,LENS v2 without CUSUM,3,16.0,0.0625,1,0,0,0,D: distractor drift
A402,Linear forecast residual (GDN-style),3,38.0,0.02631578947368421,0,0,0,0,D: distractor drift
A402,Conditional reference (CondAttr-style kNN),3,34.0,0.029411764705882353,1,0,0,0,D: distractor drift
A402,Simple fix: sliding-baseline deviation,3,41.0,0.024390243902439025,0,0,0,0,D: distractor drift
A402,"LENS-U (original, label-free)",3,29.0,0.034482758620689655,0,0,0,0,D: distractor drift
A402,"LENS-SW (state-switched, exploratory)",3,23.0,0.043478260869565216,0,0,0,0,D: distractor drift
A402,Raw deviation |z|,3,16.0,0.0625,0,0,0,0,D: distractor drift
A403,LENS v2 (full),3,57.0,0.017543859649122806,0,0,0,0,D: distractor drift
A403,LENS v2 without own-history term,3,55.5,0.018018018018018018,0,0,0,0,D: distractor drift
A403,LENS v2 without adaptation,3,70.5,0.014184397163120567,0,0,0,0,D: distractor drift
A403,LENS v2 without CUSUM,3,77.5,0.012903225806451613,0,0,0,0,D: distractor drift
A403,Linear forecast residual (GDN-style),3,77.5,0.012903225806451613,0,0,0,0,D: distractor drift
A403,Conditional reference (CondAttr-style kNN),3,76.0,0.013157894736842105,0,0,0,0,D: distractor drift
A403,Simple fix: sliding-baseline deviation,3,69.5,0.014388489208633094,0,0,0,0,D: distractor drift
A403,"LENS-U (original, label-free)",3,77.5,0.012903225806451613,0,0,0,0,D: distractor drift
A403,"LENS-SW (state-switched, exploratory)",3,77.5,0.012903225806451613,0,0,0,0,D: distractor drift
A403,Raw deviation |z|,3,77.5,0.012903225806451613,0,0,0,0,D: distractor drift
A404,LENS v2 (full),3,13.0,0.07692307692307693,0,0,0,0,D: distractor drift
A404,LENS v2 without own-history term,3,12.0,0.08333333333333333,0,0,0,0,D: distractor drift
A404,LENS v2 without adaptation,3,18.5,0.05405405405405406,0,0,0,0,D: distractor drift
A404,LENS v2 without CUSUM,3,14.0,0.07142857142857142,0,0,0,0,D: distractor drift
A404,Linear forecast residual (GDN-style),3,4.0,0.25,1,0,0,1,D: distractor drift
A404,Conditional reference (CondAttr-style kNN),3,24.0,0.041666666666666664,0,0,0,0,D: distractor drift
A404,Simple fix: sliding-baseline deviation,3,9.0,0.1111111111111111,0,0,0,0,D: distractor drift
A404,"LENS-U (original, label-free)",3,1.0,1.0,1,1,1,1,D: distractor drift
A404,"LENS-SW (state-switched, exploratory)",3,1.0,1.0,1,1,1,1,D: distractor drift
A404,Raw deviation |z|,3,34.0,0.029411764705882353,0,0,0,0,D: distractor drift
A405,LENS v2 (full),3,54.0,0.018518518518518517,1,0,0,0,D: distractor drift
A405,LENS v2 without own-history term,3,53.5,0.018691588785046728,1,0,0,0,D: distractor drift
A405,LENS v2 without adaptation,3,68.5,0.014598540145985401,1,0,0,0,D: distractor drift
A405,LENS v2 without CUSUM,3,61.0,0.01639344262295082,1,0,0,0,D: distractor drift
A405,Linear forecast residual (GDN-style),3,45.0,0.022222222222222223,0,0,0,0,D: distractor drift
A405,Conditional reference (CondAttr-style kNN),3,19.0,0.05263157894736842,1,0,0,0,D: distractor drift
A405,Simple fix: sliding-baseline deviation,3,69.5,0.014388489208633094,0,0,0,0,D: distractor drift
A405,"LENS-U (original, label-free)",3,45.0,0.022222222222222223,1,0,0,0,D: distractor drift
A405,"LENS-SW (state-switched, exploratory)",3,34.0,0.029411764705882353,0,0,0,0,D: distractor drift
A405,Raw deviation |z|,3,19.0,0.05263157894736842,1,0,0,0,D: distractor drift
A406,LENS v2 (full),3,5.5,0.18181818181818182,1,0,0,0,D: distractor drift
A406,LENS v2 without own-history term,3,6.0,0.16666666666666666,1,0,0,0,D: distractor drift
A406,LENS v2 without adaptation,3,21.0,0.047619047619047616,1,0,0,0,D: distractor drift
A406,LENS v2 without CUSUM,3,10.0,0.1,1,0,0,0,D: distractor drift
A406,Linear forecast residual (GDN-style),3,9.0,0.1111111111111111,0,0,0,0,D: distractor drift
A406,Conditional reference (CondAttr-style kNN),3,33.0,0.030303030303030304,1,0,0,0,D: distractor drift
A406,Simple fix: sliding-baseline deviation,3,42.0,0.023809523809523808,1,0,0,0,D: distractor drift
A406,"LENS-U (original, label-free)",3,20.0,0.05,0,0,0,0,D: distractor drift
A406,"LENS-SW (state-switched, exploratory)",3,10.0,0.1,0,0,0,0,D: distractor drift
A406,Raw deviation |z|,3,15.0,0.06666666666666667,1,0,0,0,D: distractor drift
A407,LENS v2 (full),3,28.0,0.03571428571428571,1,0,0,0,D: distractor drift
A407,LENS v2 without own-history term,3,26.0,0.038461538461538464,1,0,0,0,D: distractor drift
A407,LENS v2 without adaptation,3,20.5,0.04878048780487805,1,0,0,0,D: distractor drift
A407,LENS v2 without CUSUM,3,17.0,0.058823529411764705,1,0,0,0,D: distractor drift
A407,Linear forecast residual (GDN-style),3,14.0,0.07142857142857142,0,0,0,0,D: distractor drift
A407,Conditional reference (CondAttr-style kNN),3,45.0,0.022222222222222223,1,0,0,0,D: distractor drift
A407,Simple fix: sliding-baseline deviation,3,43.0,0.023255813953488372,1,0,0,0,D: distractor drift
A407,"LENS-U (original, label-free)",3,50.0,0.02,1,0,0,0,D: distractor drift
A407,"LENS-SW (state-switched, exploratory)",3,44.0,0.022727272727272728,0,0,0,0,D: distractor drift
A407,Raw deviation |z|,3,61.0,0.01639344262295082,1,0,0,0,D: distractor drift
A408,LENS v2 (full),3,13.0,0.07692307692307693,1,0,0,0,D: distractor drift
A408,LENS v2 without own-history term,3,13.0,0.07692307692307693,1,0,0,0,D: distractor drift
A408,LENS v2 without adaptation,3,20.5,0.04878048780487805,1,0,0,0,D: distractor drift
A408,LENS v2 without CUSUM,3,13.0,0.07692307692307693,1,0,0,0,D: distractor drift
A408,Linear forecast residual (GDN-style),3,12.0,0.08333333333333333,0,0,0,0,D: distractor drift
A408,Conditional reference (CondAttr-style kNN),3,25.0,0.04,1,0,0,0,D: distractor drift
A408,Simple fix: sliding-baseline deviation,3,14.0,0.07142857142857142,0,0,0,0,D: distractor drift
A408,"LENS-U (original, label-free)",3,8.0,0.125,1,0,0,0,D: distractor drift
A408,"LENS-SW (state-switched, exploratory)",3,11.0,0.09090909090909091,1,0,0,0,D: distractor drift
A408,Raw deviation |z|,3,5.0,0.2,1,0,0,1,D: distractor drift
A409,LENS v2 (full),3,12.0,0.08333333333333333,1,0,0,0,D: distractor drift
A409,LENS v2 without own-history term,3,13.0,0.07692307692307693,1,0,0,0,D: distractor drift
A409,LENS v2 without adaptation,3,42.0,0.023809523809523808,1,0,0,0,D: distractor drift
A409,LENS v2 without CUSUM,3,1.0,1.0,1,1,1,1,D: distractor drift
A409,Linear forecast residual (GDN-style),3,5.0,0.2,0,0,0,1,D: distractor drift
A409,Conditional reference (CondAttr-style kNN),3,11.0,0.09090909090909091,1,0,0,0,D: distractor drift
A409,Simple fix: sliding-baseline deviation,3,1.0,1.0,1,1,1,1,D: distractor drift
A409,"LENS-U (original, label-free)",3,1.0,1.0,1,1,1,1,D: distractor drift
A409,"LENS-SW (state-switched, exploratory)",3,1.0,1.0,1,1,1,1,D: distractor drift
A409,Raw deviation |z|,3,1.0,1.0,1,1,1,1,D: distractor drift
A410,LENS v2 (full),3,12.0,0.08333333333333333,1,0,0,0,D: distractor drift
A410,LENS v2 without own-history term,3,13.0,0.07692307692307693,1,0,0,0,D: distractor drift
A410,LENS v2 without adaptation,3,20.0,0.05,1,0,0,0,D: distractor drift
A410,LENS v2 without CUSUM,3,11.0,0.09090909090909091,1,0,0,0,D: distractor drift
A410,Linear forecast residual (GDN-style),3,9.0,0.1111111111111111,0,0,0,0,D: distractor drift
A410,Conditional reference (CondAttr-style kNN),3,5.0,0.2,1,0,0,1,D: distractor drift
A410,Simple fix: sliding-baseline deviation,3,25.0,0.04,1,0,0,0,D: distractor drift
A410,"LENS-U (original, label-free)",3,14.0,0.07142857142857142,1,0,0,0,D: distractor drift
A410,"LENS-SW (state-switched, exploratory)",3,12.0,0.08333333333333333,1,0,0,0,D: distractor drift
A410,Raw deviation |z|,3,22.0,0.045454545454545456,1,0,0,0,D: distractor drift
A411,LENS v2 (full),3,59.5,0.01680672268907563,1,0,0,0,D: distractor drift
A411,LENS v2 without own-history term,3,57.5,0.017391304347826087,1,0,0,0,D: distractor drift
A411,LENS v2 without adaptation,3,19.5,0.05128205128205128,1,0,0,0,D: distractor drift
A411,LENS v2 without CUSUM,3,23.0,0.043478260869565216,1,0,0,0,D: distractor drift
A411,Linear forecast residual (GDN-style),3,32.0,0.03125,0,0,0,0,D: distractor drift
A411,Conditional reference (CondAttr-style kNN),3,1.5,0.6666666666666666,1,0,1,1,D: distractor drift
A411,Simple fix: sliding-baseline deviation,3,1.0,1.0,1,1,1,1,D: distractor drift
A411,"LENS-U (original, label-free)",3,7.0,0.14285714285714285,1,0,0,0,D: distractor drift
A411,"LENS-SW (state-switched, exploratory)",3,9.0,0.1111111111111111,0,0,0,0,D: distractor drift
A411,Raw deviation |z|,3,1.0,1.0,1,1,1,1,D: distractor drift
A412,LENS v2 (full),3,28.0,0.03571428571428571,1,0,0,0,D: distractor drift
A412,LENS v2 without own-history term,3,25.0,0.04,1,0,0,0,D: distractor drift
A412,LENS v2 without adaptation,3,20.0,0.05,1,0,0,0,D: distractor drift
A412,LENS v2 without CUSUM,3,31.0,0.03225806451612903,1,0,0,0,D: distractor drift
A412,Linear forecast residual (GDN-style),3,13.0,0.07692307692307693,0,0,0,0,D: distractor drift
A412,Conditional reference (CondAttr-style kNN),3,14.0,0.07142857142857142,1,0,0,0,D: distractor drift
A412,Simple fix: sliding-baseline deviation,3,12.0,0.08333333333333333,0,0,0,0,D: distractor drift
A412,"LENS-U (original, label-free)",3,12.0,0.08333333333333333,0,0,0,0,D: distractor drift
A412,"LENS-SW (state-switched, exploratory)",3,18.0,0.05555555555555555,0,0,0,0,D: distractor drift
A412,Raw deviation |z|,3,6.0,0.16666666666666666,0,0,0,0,D: distractor drift
A413,LENS v2 (full),3,12.0,0.08333333333333333,1,0,0,0,D: distractor drift
A413,LENS v2 without own-history term,3,13.0,0.07692307692307693,1,0,0,0,D: distractor drift
A413,LENS v2 without adaptation,3,18.5,0.05405405405405406,1,0,0,0,D: distractor drift
A413,LENS v2 without CUSUM,3,11.0,0.09090909090909091,1,0,0,0,D: distractor drift
A413,Linear forecast residual (GDN-style),3,12.0,0.08333333333333333,0,0,0,0,D: distractor drift
A413,Conditional reference (CondAttr-style kNN),3,16.0,0.0625,1,0,0,0,D: distractor drift
A413,Simple fix: sliding-baseline deviation,3,4.0,0.25,0,0,0,1,D: distractor drift
A413,"LENS-U (original, label-free)",3,6.0,0.16666666666666666,1,0,0,0,D: distractor drift
A413,"LENS-SW (state-switched, exploratory)",3,10.0,0.1,1,0,0,0,D: distractor drift
A413,Raw deviation |z|,3,8.0,0.125,1,0,0,0,D: distractor drift
A414,LENS v2 (full),3,13.0,0.07692307692307693,0,0,0,0,D: distractor drift
A414,LENS v2 without own-history term,3,12.0,0.08333333333333333,0,0,0,0,D: distractor drift
A414,LENS v2 without adaptation,3,19.5,0.05128205128205128,0,0,0,0,D: distractor drift
A414,LENS v2 without CUSUM,3,12.0,0.08333333333333333,0,0,0,0,D: distractor drift
A414,Linear forecast residual (GDN-style),3,4.0,0.25,1,0,0,1,D: distractor drift
A414,Conditional reference (CondAttr-style kNN),3,18.0,0.05555555555555555,0,0,0,0,D: distractor drift
A414,Simple fix: sliding-baseline deviation,3,19.0,0.05263157894736842,1,0,0,0,D: distractor drift
A414,"LENS-U (original, label-free)",3,5.0,0.2,0,0,0,1,D: distractor drift
A414,"LENS-SW (state-switched, exploratory)",3,5.0,0.2,1,0,0,1,D: distractor drift
A414,Raw deviation |z|,3,40.0,0.025,1,0,0,0,D: distractor drift
A415,LENS v2 (full),3,56.5,0.017699115044247787,0,0,0,0,D: distractor drift
A415,LENS v2 without own-history term,3,56.0,0.017857142857142856,0,0,0,0,D: distractor drift
A415,LENS v2 without adaptation,3,69.0,0.014492753623188406,0,0,0,0,D: distractor drift
A415,LENS v2 without CUSUM,3,77.5,0.012903225806451613,0,0,0,0,D: distractor drift
A415,Linear forecast residual (GDN-style),3,77.5,0.012903225806451613,0,0,0,0,D: distractor drift
A415,Conditional reference (CondAttr-style kNN),3,76.0,0.013157894736842105,0,0,0,0,D: distractor drift
A415,Simple fix: sliding-baseline deviation,3,69.5,0.014388489208633094,0,0,0,0,D: distractor drift
A415,"LENS-U (original, label-free)",3,77.5,0.012903225806451613,0,0,0,0,D: distractor drift
A415,"LENS-SW (state-switched, exploratory)",3,77.5,0.012903225806451613,0,0,0,0,D: distractor drift
A415,Raw deviation |z|,3,77.5,0.012903225806451613,0,0,0,0,D: distractor drift
A416,LENS v2 (full),3,14.0,0.07142857142857142,1,0,0,0,D: distractor drift
A416,LENS v2 without own-history term,3,16.0,0.0625,1,0,0,0,D: distractor drift
A416,LENS v2 without adaptation,3,21.5,0.046511627906976744,1,0,0,0,D: distractor drift
A416,LENS v2 without CUSUM,3,15.0,0.06666666666666667,1,0,0,0,D: distractor drift
A416,Linear forecast residual (GDN-style),3,9.0,0.1111111111111111,0,0,0,0,D: distractor drift
A416,Conditional reference (CondAttr-style kNN),3,21.0,0.047619047619047616,1,0,0,0,D: distractor drift
A416,Simple fix: sliding-baseline deviation,3,28.0,0.03571428571428571,1,0,0,0,D: distractor drift
A416,"LENS-U (original, label-free)",3,35.0,0.02857142857142857,0,0,0,0,D: distractor drift
A416,"LENS-SW (state-switched, exploratory)",3,25.0,0.04,0,0,0,0,D: distractor drift
A416,Raw deviation |z|,3,35.0,0.02857142857142857,0,0,0,0,D: distractor drift
A417,LENS v2 (full),3,52.5,0.01904761904761905,1,0,0,0,D: distractor drift
A417,LENS v2 without own-history term,3,53.0,0.018867924528301886,1,0,0,0,D: distractor drift
A417,LENS v2 without adaptation,3,20.5,0.04878048780487805,1,0,0,0,D: distractor drift
A417,LENS v2 without CUSUM,3,28.0,0.03571428571428571,1,0,0,0,D: distractor drift
A417,Linear forecast residual (GDN-style),3,62.0,0.016129032258064516,0,0,0,0,D: distractor drift
A417,Conditional reference (CondAttr-style kNN),3,7.0,0.14285714285714285,1,0,0,0,D: distractor drift
A417,Simple fix: sliding-baseline deviation,3,69.5,0.014388489208633094,1,0,0,0,D: distractor drift
A417,"LENS-U (original, label-free)",3,57.0,0.017543859649122806,0,0,0,0,D: distractor drift
A417,"LENS-SW (state-switched, exploratory)",3,54.0,0.018518518518518517,0,0,0,0,D: distractor drift
A417,Raw deviation |z|,3,49.0,0.02040816326530612,0,0,0,0,D: distractor drift
A418,LENS v2 (full),3,13.0,0.07692307692307693,1,0,0,0,D: distractor drift
A418,LENS v2 without own-history term,3,17.0,0.058823529411764705,1,0,0,0,D: distractor drift
A418,LENS v2 without adaptation,3,20.5,0.04878048780487805,1,0,0,0,D: distractor drift
A418,LENS v2 without CUSUM,3,15.0,0.06666666666666667,0,0,0,0,D: distractor drift
A418,Linear forecast residual (GDN-style),3,13.0,0.07692307692307693,0,0,0,0,D: distractor drift
A418,Conditional reference (CondAttr-style kNN),3,38.0,0.02631578947368421,1,0,0,0,D: distractor drift
A418,Simple fix: sliding-baseline deviation,3,27.0,0.037037037037037035,1,0,0,0,D: distractor drift
A418,"LENS-U (original, label-free)",3,43.0,0.023255813953488372,0,0,0,0,D: distractor drift
A418,"LENS-SW (state-switched, exploratory)",3,38.0,0.02631578947368421,0,0,0,0,D: distractor drift
A418,Raw deviation |z|,3,61.0,0.01639344262295082,0,0,0,0,D: distractor drift
A419,LENS v2 (full),3,12.0,0.08333333333333333,1,0,0,0,D: distractor drift
A419,LENS v2 without own-history term,3,13.0,0.07692307692307693,1,0,0,0,D: distractor drift
A419,LENS v2 without adaptation,3,20.0,0.05,1,0,0,0,D: distractor drift
A419,LENS v2 without CUSUM,3,14.0,0.07142857142857142,0,0,0,0,D: distractor drift
A419,Linear forecast residual (GDN-style),3,4.0,0.25,1,0,0,1,D: distractor drift
A419,Conditional reference (CondAttr-style kNN),3,18.0,0.05555555555555555,1,0,0,0,D: distractor drift
A419,Simple fix: sliding-baseline deviation,3,20.0,0.05,1,0,0,0,D: distractor drift
A419,"LENS-U (original, label-free)",3,5.0,0.2,1,0,0,1,D: distractor drift
A419,"LENS-SW (state-switched, exploratory)",3,5.0,0.2,1,0,0,1,D: distractor drift
A419,Raw deviation |z|,3,36.0,0.027777777777777776,0,0,0,0,D: distractor drift
A420,LENS v2 (full),3,13.0,0.07692307692307693,1,0,0,0,D: distractor drift
A420,LENS v2 without own-history term,3,15.0,0.06666666666666667,1,0,0,0,D: distractor drift
A420,LENS v2 without adaptation,3,49.0,0.02040816326530612,1,0,0,0,D: distractor drift
A420,LENS v2 without CUSUM,3,2.0,0.5,1,0,1,1,D: distractor drift
A420,Linear forecast residual (GDN-style),3,7.0,0.14285714285714285,0,0,0,0,D: distractor drift
A420,Conditional reference (CondAttr-style kNN),3,22.0,0.045454545454545456,1,0,0,0,D: distractor drift
A420,Simple fix: sliding-baseline deviation,3,12.0,0.08333333333333333,1,0,0,0,D: distractor drift
A420,"LENS-U (original, label-free)",3,16.0,0.0625,0,0,0,0,D: distractor drift
A420,"LENS-SW (state-switched, exploratory)",3,6.0,0.16666666666666666,0,0,0,0,D: distractor drift
A420,Raw deviation |z|,3,16.0,0.0625,1,0,0,0,D: distractor drift
A421,LENS v2 (full),3,13.0,0.07692307692307693,1,0,0,0,D: distractor drift
A421,LENS v2 without own-history term,3,12.0,0.08333333333333333,1,0,0,0,D: distractor drift
A421,LENS v2 without adaptation,3,20.0,0.05,1,0,0,0,D: distractor drift
A421,LENS v2 without CUSUM,3,2.0,0.5,1,0,1,1,D: distractor drift
A421,Linear forecast residual (GDN-style),3,32.0,0.03125,0,0,0,0,D: distractor drift
A421,Conditional reference (CondAttr-style kNN),3,8.0,0.125,1,0,0,0,D: distractor drift
A421,Simple fix: sliding-baseline deviation,3,5.0,0.2,0,0,0,1,D: distractor drift
A421,"LENS-U (original, label-free)",3,42.0,0.023809523809523808,1,0,0,0,D: distractor drift
A421,"LENS-SW (state-switched, exploratory)",3,32.0,0.03125,0,0,0,0,D: distractor drift
A421,Raw deviation |z|,3,29.0,0.034482758620689655,1,0,0,0,D: distractor drift
A422,LENS v2 (full),3,12.0,0.08333333333333333,1,0,0,0,D: distractor drift
A422,LENS v2 without own-history term,3,13.0,0.07692307692307693,1,0,0,0,D: distractor drift
A422,LENS v2 without adaptation,3,22.0,0.045454545454545456,1,0,0,0,D: distractor drift
A422,LENS v2 without CUSUM,3,11.0,0.09090909090909091,1,0,0,0,D: distractor drift
A422,Linear forecast residual (GDN-style),3,12.0,0.08333333333333333,0,0,0,0,D: distractor drift
A422,Conditional reference (CondAttr-style kNN),3,7.0,0.14285714285714285,1,0,0,0,D: distractor drift
A422,Simple fix: sliding-baseline deviation,3,19.0,0.05263157894736842,1,0,0,0,D: distractor drift
A422,"LENS-U (original, label-free)",3,38.0,0.02631578947368421,1,0,0,0,D: distractor drift
A422,"LENS-SW (state-switched, exploratory)",3,26.0,0.038461538461538464,0,0,0,0,D: distractor drift
A422,Raw deviation |z|,3,32.0,0.03125,1,0,0,0,D: distractor drift
A423,LENS v2 (full),3,5.5,0.18181818181818182,1,0,0,0,D: distractor drift
A423,LENS v2 without own-history term,3,5.5,0.18181818181818182,1,0,0,0,D: distractor drift
A423,LENS v2 without adaptation,3,19.5,0.05128205128205128,1,0,0,0,D: distractor drift
A423,LENS v2 without CUSUM,3,11.0,0.09090909090909091,1,0,0,0,D: distractor drift
A423,Linear forecast residual (GDN-style),3,30.0,0.03333333333333333,0,0,0,0,D: distractor drift
A423,Conditional reference (CondAttr-style kNN),3,10.0,0.1,1,0,0,0,D: distractor drift
A423,Simple fix: sliding-baseline deviation,3,16.0,0.0625,1,0,0,0,D: distractor drift
A423,"LENS-U (original, label-free)",3,28.0,0.03571428571428571,0,0,0,0,D: distractor drift
A423,"LENS-SW (state-switched, exploratory)",3,15.0,0.06666666666666667,0,0,0,0,D: distractor drift
A423,Raw deviation |z|,3,32.0,0.03125,1,0,0,0,D: distractor drift
A424,LENS v2 (full),3,12.0,0.08333333333333333,1,0,0,0,D: distractor drift
A424,LENS v2 without own-history term,3,13.0,0.07692307692307693,1,0,0,0,D: distractor drift
A424,LENS v2 without adaptation,3,20.5,0.04878048780487805,1,0,0,0,D: distractor drift
A424,LENS v2 without CUSUM,3,13.0,0.07692307692307693,1,0,0,0,D: distractor drift
A424,Linear forecast residual (GDN-style),3,12.0,0.08333333333333333,0,0,0,0,D: distractor drift
A424,Conditional reference (CondAttr-style kNN),3,8.0,0.125,1,0,0,0,D: distractor drift
A424,Simple fix: sliding-baseline deviation,3,12.0,0.08333333333333333,0,0,0,0,D: distractor drift
A424,"LENS-U (original, label-free)",3,7.0,0.14285714285714285,1,0,0,0,D: distractor drift
A424,"LENS-SW (state-switched, exploratory)",3,9.0,0.1111111111111111,0,0,0,0,D: distractor drift
A424,Raw deviation |z|,3,18.0,0.05555555555555555,0,0,0,0,D: distractor drift
A101,LENS v2 (full),6,21.0,0.047619047619047616,1,0,0,0,D: distractor drift
A101,LENS v2 without own-history term,6,21.0,0.047619047619047616,1,0,0,0,D: distractor drift
A101,LENS v2 without adaptation,6,52.0,0.019230769230769232,1,0,0,0,D: distractor drift
A101,LENS v2 without CUSUM,6,20.0,0.05,1,0,0,0,D: distractor drift
A101,Linear forecast residual (GDN-style),6,26.0,0.038461538461538464,0,0,0,0,D: distractor drift
A101,Conditional reference (CondAttr-style kNN),6,28.0,0.03571428571428571,1,0,0,0,D: distractor drift
A101,Simple fix: sliding-baseline deviation,6,22.0,0.045454545454545456,1,0,0,0,D: distractor drift
A101,"LENS-U (original, label-free)",6,24.0,0.041666666666666664,0,0,0,0,D: distractor drift
A101,"LENS-SW (state-switched, exploratory)",6,15.0,0.06666666666666667,0,0,0,0,D: distractor drift
A101,Raw deviation |z|,6,7.0,0.14285714285714285,0,0,0,0,D: distractor drift
A102,LENS v2 (full),6,19.0,0.05263157894736842,1,0,0,0,D: distractor drift
A102,LENS v2 without own-history term,6,21.0,0.047619047619047616,1,0,0,0,D: distractor drift
A102,LENS v2 without adaptation,6,23.5,0.0425531914893617,1,0,0,0,D: distractor drift
A102,LENS v2 without CUSUM,6,15.0,0.06666666666666667,1,0,0,0,D: distractor drift
A102,Linear forecast residual (GDN-style),6,10.0,0.1,0,0,0,0,D: distractor drift
A102,Conditional reference (CondAttr-style kNN),6,17.0,0.058823529411764705,1,0,0,0,D: distractor drift
A102,Simple fix: sliding-baseline deviation,6,1.0,1.0,1,1,1,1,D: distractor drift
A102,"LENS-U (original, label-free)",6,9.0,0.1111111111111111,0,0,0,0,D: distractor drift
A102,"LENS-SW (state-switched, exploratory)",6,5.0,0.2,1,0,0,1,D: distractor drift
A102,Raw deviation |z|,6,7.0,0.14285714285714285,0,0,0,0,D: distractor drift
A103,LENS v2 (full),6,9.5,0.10526315789473684,1,0,0,0,D: distractor drift
A103,LENS v2 without own-history term,6,10.5,0.09523809523809523,1,0,0,0,D: distractor drift
A103,LENS v2 without adaptation,6,24.0,0.041666666666666664,1,0,0,0,D: distractor drift
A103,LENS v2 without CUSUM,6,12.0,0.08333333333333333,1,0,0,0,D: distractor drift
A103,Linear forecast residual (GDN-style),6,9.0,0.1111111111111111,0,0,0,0,D: distractor drift
A103,Conditional reference (CondAttr-style kNN),6,26.0,0.038461538461538464,1,0,0,0,D: distractor drift
A103,Simple fix: sliding-baseline deviation,6,10.0,0.1,0,0,0,0,D: distractor drift
A103,"LENS-U (original, label-free)",6,14.0,0.07142857142857142,0,0,0,0,D: distractor drift
A103,"LENS-SW (state-switched, exploratory)",6,7.0,0.14285714285714285,1,0,0,0,D: distractor drift
A103,Raw deviation |z|,6,19.0,0.05263157894736842,0,0,0,0,D: distractor drift
A104,LENS v2 (full),6,10.0,0.1,0,0,0,0,D: distractor drift
A104,LENS v2 without own-history term,6,10.0,0.1,0,0,0,0,D: distractor drift
A104,LENS v2 without adaptation,6,25.0,0.04,0,0,0,0,D: distractor drift
A104,LENS v2 without CUSUM,6,12.0,0.08333333333333333,0,0,0,0,D: distractor drift
A104,Linear forecast residual (GDN-style),6,3.5,0.2857142857142857,1,0,0,1,D: distractor drift
A104,Conditional reference (CondAttr-style kNN),6,36.0,0.027777777777777776,0,0,0,0,D: distractor drift
A104,Simple fix: sliding-baseline deviation,6,45.0,0.022222222222222223,0,0,0,0,D: distractor drift
A104,"LENS-U (original, label-free)",6,3.0,0.3333333333333333,0,0,1,1,D: distractor drift
A104,"LENS-SW (state-switched, exploratory)",6,2.0,0.5,0,0,1,1,D: distractor drift
A104,Raw deviation |z|,6,64.0,0.015625,0,0,0,0,D: distractor drift
A105,LENS v2 (full),6,39.0,0.02564102564102564,1,0,0,0,D: distractor drift
A105,LENS v2 without own-history term,6,37.0,0.02702702702702703,1,0,0,0,D: distractor drift
A105,LENS v2 without adaptation,6,25.5,0.0392156862745098,1,0,0,0,D: distractor drift
A105,LENS v2 without CUSUM,6,32.0,0.03125,1,0,0,0,D: distractor drift
A105,Linear forecast residual (GDN-style),6,43.0,0.023255813953488372,0,0,0,0,D: distractor drift
A105,Conditional reference (CondAttr-style kNN),6,34.0,0.029411764705882353,1,0,0,0,D: distractor drift
A105,Simple fix: sliding-baseline deviation,6,13.0,0.07692307692307693,1,0,0,0,D: distractor drift
A105,"LENS-U (original, label-free)",6,42.0,0.023809523809523808,0,0,0,0,D: distractor drift
A105,"LENS-SW (state-switched, exploratory)",6,47.0,0.02127659574468085,0,0,0,0,D: distractor drift
A105,Raw deviation |z|,6,20.0,0.05,1,0,0,0,D: distractor drift
A106,LENS v2 (full),6,23.0,0.043478260869565216,1,0,0,0,D: distractor drift
A106,LENS v2 without own-history term,6,10.0,0.1,1,0,0,0,D: distractor drift
A106,LENS v2 without adaptation,6,25.5,0.0392156862745098,1,0,0,0,D: distractor drift
A106,LENS v2 without CUSUM,6,21.0,0.047619047619047616,1,0,0,0,D: distractor drift
A106,Linear forecast residual (GDN-style),6,27.0,0.037037037037037035,0,0,0,0,D: distractor drift
A106,Conditional reference (CondAttr-style kNN),6,15.0,0.06666666666666667,1,0,0,0,D: distractor drift
A106,Simple fix: sliding-baseline deviation,6,15.0,0.06666666666666667,0,0,0,0,D: distractor drift
A106,"LENS-U (original, label-free)",6,46.0,0.021739130434782608,0,0,0,0,D: distractor drift
A106,"LENS-SW (state-switched, exploratory)",6,35.0,0.02857142857142857,0,0,0,0,D: distractor drift
A106,Raw deviation |z|,6,30.0,0.03333333333333333,0,0,0,0,D: distractor drift
A107,LENS v2 (full),6,29.0,0.034482758620689655,1,0,0,0,D: distractor drift
A107,LENS v2 without own-history term,6,28.0,0.03571428571428571,1,0,0,0,D: distractor drift
A107,LENS v2 without adaptation,6,25.0,0.04,1,0,0,0,D: distractor drift
A107,LENS v2 without CUSUM,6,33.0,0.030303030303030304,1,0,0,0,D: distractor drift
A107,Linear forecast residual (GDN-style),6,49.0,0.02040816326530612,0,0,0,0,D: distractor drift
A107,Conditional reference (CondAttr-style kNN),6,10.0,0.1,1,0,0,0,D: distractor drift
A107,Simple fix: sliding-baseline deviation,6,44.0,0.022727272727272728,0,0,0,0,D: distractor drift
A107,"LENS-U (original, label-free)",6,34.0,0.029411764705882353,1,0,0,0,D: distractor drift
A107,"LENS-SW (state-switched, exploratory)",6,21.0,0.047619047619047616,0,0,0,0,D: distractor drift
A107,Raw deviation |z|,6,19.0,0.05263157894736842,1,0,0,0,D: distractor drift
A201,LENS v2 (full),6,59.5,0.01680672268907563,1,0,0,0,D: distractor drift
A201,LENS v2 without own-history term,6,59.0,0.01694915254237288,1,0,0,0,D: distractor drift
A201,LENS v2 without adaptation,6,67.0,0.014925373134328358,1,0,0,0,D: distractor drift
A201,LENS v2 without CUSUM,6,53.0,0.018867924528301886,1,0,0,0,D: distractor drift
A201,Linear forecast residual (GDN-style),6,14.0,0.07142857142857142,0,0,0,0,D: distractor drift
A201,Conditional reference (CondAttr-style kNN),6,53.0,0.018867924528301886,1,0,0,0,D: distractor drift
A201,Simple fix: sliding-baseline deviation,6,18.0,0.05555555555555555,1,0,0,0,D: distractor drift
A201,"LENS-U (original, label-free)",6,29.0,0.034482758620689655,1,0,0,0,D: distractor drift
A201,"LENS-SW (state-switched, exploratory)",6,19.0,0.05263157894736842,0,0,0,0,D: distractor drift
A201,Raw deviation |z|,6,47.0,0.02127659574468085,1,0,0,0,D: distractor drift
A202,LENS v2 (full),6,9.5,0.10526315789473684,1,0,0,0,D: distractor drift
A202,LENS v2 without own-history term,6,9.0,0.1111111111111111,1,0,0,0,D: distractor drift
A202,LENS v2 without adaptation,6,21.0,0.047619047619047616,1,0,0,0,D: distractor drift
A202,LENS v2 without CUSUM,6,16.0,0.0625,1,0,0,0,D: distractor drift
A202,Linear forecast residual (GDN-style),6,12.0,0.08333333333333333,0,0,0,0,D: distractor drift
A202,Conditional reference (CondAttr-style kNN),6,46.0,0.021739130434782608,1,0,0,0,D: distractor drift
A202,Simple fix: sliding-baseline deviation,6,42.0,0.023809523809523808,1,0,0,0,D: distractor drift
A202,"LENS-U (original, label-free)",6,53.0,0.018867924528301886,1,0,0,0,D: distractor drift
A202,"LENS-SW (state-switched, exploratory)",6,49.0,0.02040816326530612,1,0,0,0,D: distractor drift
A202,Raw deviation |z|,6,52.0,0.019230769230769232,1,0,0,0,D: distractor drift
A203,LENS v2 (full),6,22.0,0.045454545454545456,0,0,0,0,D: distractor drift
A203,LENS v2 without own-history term,6,17.0,0.058823529411764705,0,0,0,0,D: distractor drift
A203,LENS v2 without adaptation,6,22.5,0.044444444444444446,0,0,0,0,D: distractor drift
A203,LENS v2 without CUSUM,6,21.0,0.047619047619047616,0,0,0,0,D: distractor drift
A203,Linear forecast residual (GDN-style),6,63.0,0.015873015873015872,0,0,0,0,D: distractor drift
A203,Conditional reference (CondAttr-style kNN),6,7.0,0.14285714285714285,0,0,0,0,D: distractor drift
A203,Simple fix: sliding-baseline deviation,6,69.0,0.014492753623188406,0,0,0,0,D: distractor drift
A203,"LENS-U (original, label-free)",6,52.0,0.019230769230769232,0,0,0,0,D: distractor drift
A203,"LENS-SW (state-switched, exploratory)",6,48.0,0.020833333333333332,0,0,0,0,D: distractor drift
A203,Raw deviation |z|,6,41.0,0.024390243902439025,1,0,0,0,D: distractor drift
A204,LENS v2 (full),6,20.0,0.05,1,0,0,0,D: distractor drift
A204,LENS v2 without own-history term,6,18.0,0.05555555555555555,1,0,0,0,D: distractor drift
A204,LENS v2 without adaptation,6,25.5,0.0392156862745098,1,0,0,0,D: distractor drift
A204,LENS v2 without CUSUM,6,20.0,0.05,1,0,0,0,D: distractor drift
A204,Linear forecast residual (GDN-style),6,39.0,0.02564102564102564,0,0,0,0,D: distractor drift
A204,Conditional reference (CondAttr-style kNN),6,16.0,0.0625,1,0,0,0,D: distractor drift
A204,Simple fix: sliding-baseline deviation,6,25.0,0.04,1,0,0,0,D: distractor drift
A204,"LENS-U (original, label-free)",6,36.0,0.027777777777777776,0,0,0,0,D: distractor drift
A204,"LENS-SW (state-switched, exploratory)",6,27.0,0.037037037037037035,1,0,0,0,D: distractor drift
A204,Raw deviation |z|,6,44.0,0.022727272727272728,0,0,0,0,D: distractor drift
A205,LENS v2 (full),6,9.5,0.10526315789473684,0,0,0,0,D: distractor drift
A205,LENS v2 without own-history term,6,8.5,0.11764705882352941,0,0,0,0,D: distractor drift
A205,LENS v2 without adaptation,6,24.5,0.04081632653061224,0,0,0,0,D: distractor drift
A205,LENS v2 without CUSUM,6,11.0,0.09090909090909091,0,0,0,0,D: distractor drift
A205,Linear forecast residual (GDN-style),6,3.5,0.2857142857142857,1,0,0,1,D: distractor drift
A205,Conditional reference (CondAttr-style kNN),6,30.0,0.03333333333333333,0,0,0,0,D: distractor drift
A205,Simple fix: sliding-baseline deviation,6,40.0,0.025,0,0,0,0,D: distractor drift
A205,"LENS-U (original, label-free)",6,5.0,0.2,0,0,0,1,D: distractor drift
A205,"LENS-SW (state-switched, exploratory)",6,3.0,0.3333333333333333,0,0,1,1,D: distractor drift
A205,Raw deviation |z|,6,61.0,0.01639344262295082,0,0,0,0,D: distractor drift
A206,LENS v2 (full),6,19.0,0.05263157894736842,1,0,0,0,D: distractor drift
A206,LENS v2 without own-history term,6,18.0,0.05555555555555555,1,0,0,0,D: distractor drift
A206,LENS v2 without adaptation,6,25.0,0.04,1,0,0,0,D: distractor drift
A206,LENS v2 without CUSUM,6,19.0,0.05263157894736842,1,0,0,0,D: distractor drift
A206,Linear forecast residual (GDN-style),6,12.0,0.08333333333333333,0,0,0,0,D: distractor drift
A206,Conditional reference (CondAttr-style kNN),6,14.0,0.07142857142857142,1,0,0,0,D: distractor drift
A206,Simple fix: sliding-baseline deviation,6,27.0,0.037037037037037035,1,0,0,0,D: distractor drift
A206,"LENS-U (original, label-free)",6,42.0,0.023809523809523808,0,0,0,0,D: distractor drift
A206,"LENS-SW (state-switched, exploratory)",6,29.0,0.034482758620689655,0,0,0,0,D: distractor drift
A206,Raw deviation |z|,6,44.0,0.022727272727272728,1,0,0,0,D: distractor drift
A207,LENS v2 (full),6,19.0,0.05263157894736842,1,0,0,0,D: distractor drift
A207,LENS v2 without own-history term,6,17.0,0.058823529411764705,1,0,0,0,D: distractor drift
A207,LENS v2 without adaptation,6,24.0,0.041666666666666664,1,0,0,0,D: distractor drift
A207,LENS v2 without CUSUM,6,19.0,0.05263157894736842,1,0,0,0,D: distractor drift
A207,Linear forecast residual (GDN-style),6,11.0,0.09090909090909091,0,0,0,0,D: distractor drift
A207,Conditional reference (CondAttr-style kNN),6,39.0,0.02564102564102564,1,0,0,0,D: distractor drift
A207,Simple fix: sliding-baseline deviation,6,3.0,0.3333333333333333,1,0,1,1,D: distractor drift
A207,"LENS-U (original, label-free)",6,14.0,0.07142857142857142,0,0,0,0,D: distractor drift
A207,"LENS-SW (state-switched, exploratory)",6,14.0,0.07142857142857142,0,0,0,0,D: distractor drift
A207,Raw deviation |z|,6,8.0,0.125,0,0,0,0,D: distractor drift
A208,LENS v2 (full),6,21.0,0.047619047619047616,0,0,0,0,D: distractor drift
A208,LENS v2 without own-history term,6,20.0,0.05,0,0,0,0,D: distractor drift
A208,LENS v2 without adaptation,6,49.0,0.02040816326530612,0,0,0,0,D: distractor drift
A208,LENS v2 without CUSUM,6,16.0,0.0625,0,0,0,0,D: distractor drift
A208,Linear forecast residual (GDN-style),6,41.0,0.024390243902439025,0,0,0,0,D: distractor drift
A208,Conditional reference (CondAttr-style kNN),6,15.0,0.06666666666666667,0,0,0,0,D: distractor drift
A208,Simple fix: sliding-baseline deviation,6,26.0,0.038461538461538464,0,0,0,0,D: distractor drift
A208,"LENS-U (original, label-free)",6,41.0,0.024390243902439025,0,0,0,0,D: distractor drift
A208,"LENS-SW (state-switched, exploratory)",6,27.0,0.037037037037037035,0,0,0,0,D: distractor drift
A208,Raw deviation |z|,6,49.0,0.02040816326530612,1,0,0,0,D: distractor drift
A209,LENS v2 (full),6,27.0,0.037037037037037035,1,0,0,0,D: distractor drift
A209,LENS v2 without own-history term,6,26.0,0.038461538461538464,1,0,0,0,D: distractor drift
A209,LENS v2 without adaptation,6,24.5,0.04081632653061224,1,0,0,0,D: distractor drift
A209,LENS v2 without CUSUM,6,35.0,0.02857142857142857,1,0,0,0,D: distractor drift
A209,Linear forecast residual (GDN-style),6,12.0,0.08333333333333333,0,0,0,0,D: distractor drift
A209,Conditional reference (CondAttr-style kNN),6,33.0,0.030303030303030304,1,0,0,0,D: distractor drift
A209,Simple fix: sliding-baseline deviation,6,21.0,0.047619047619047616,1,0,0,0,D: distractor drift
A209,"LENS-U (original, label-free)",6,31.0,0.03225806451612903,0,0,0,0,D: distractor drift
A209,"LENS-SW (state-switched, exploratory)",6,23.0,0.043478260869565216,1,0,0,0,D: distractor drift
A209,Raw deviation |z|,6,22.0,0.045454545454545456,0,0,0,0,D: distractor drift
A210,LENS v2 (full),6,10.0,0.1,0,0,0,0,D: distractor drift
A210,LENS v2 without own-history term,6,19.0,0.05263157894736842,0,0,0,0,D: distractor drift
A210,LENS v2 without adaptation,6,23.5,0.0425531914893617,0,0,0,0,D: distractor drift
A210,LENS v2 without CUSUM,6,1.0,1.0,1,1,1,1,D: distractor drift
A210,Linear forecast residual (GDN-style),6,64.0,0.015625,0,0,0,0,D: distractor drift
A210,Conditional reference (CondAttr-style kNN),6,11.0,0.09090909090909091,0,0,0,0,D: distractor drift
A210,Simple fix: sliding-baseline deviation,6,69.5,0.014388489208633094,1,0,0,0,D: distractor drift
A210,"LENS-U (original, label-free)",6,40.0,0.025,0,0,0,0,D: distractor drift
A210,"LENS-SW (state-switched, exploratory)",6,31.0,0.03225806451612903,1,0,0,0,D: distractor drift
A210,Raw deviation |z|,6,34.0,0.029411764705882353,0,0,0,0,D: distractor drift
A211,LENS v2 (full),6,27.0,0.037037037037037035,1,0,0,0,D: distractor drift
A211,LENS v2 without own-history term,6,25.0,0.04,1,0,0,0,D: distractor drift
A211,LENS v2 without adaptation,6,25.0,0.04,1,0,0,0,D: distractor drift
A211,LENS v2 without CUSUM,6,25.0,0.04,0,0,0,0,D: distractor drift
A211,Linear forecast residual (GDN-style),6,15.0,0.06666666666666667,0,0,0,0,D: distractor drift
A211,Conditional reference (CondAttr-style kNN),6,32.0,0.03125,1,0,0,0,D: distractor drift
A211,Simple fix: sliding-baseline deviation,6,16.0,0.0625,1,0,0,0,D: distractor drift
A211,"LENS-U (original, label-free)",6,29.0,0.034482758620689655,0,0,0,0,D: distractor drift
A211,"LENS-SW (state-switched, exploratory)",6,17.0,0.058823529411764705,0,0,0,0,D: distractor drift
A211,Raw deviation |z|,6,43.0,0.023255813953488372,0,0,0,0,D: distractor drift
A212,LENS v2 (full),6,10.0,0.1,0,0,0,0,D: distractor drift
A212,LENS v2 without own-history term,6,10.0,0.1,0,0,0,0,D: distractor drift
A212,LENS v2 without adaptation,6,25.5,0.0392156862745098,0,0,0,0,D: distractor drift
A212,LENS v2 without CUSUM,6,15.0,0.06666666666666667,0,0,0,0,D: distractor drift
A212,Linear forecast residual (GDN-style),6,3.5,0.2857142857142857,1,0,0,1,D: distractor drift
A212,Conditional reference (CondAttr-style kNN),6,16.0,0.0625,0,0,0,0,D: distractor drift
A212,Simple fix: sliding-baseline deviation,6,34.0,0.029411764705882353,0,0,0,0,D: distractor drift
A212,"LENS-U (original, label-free)",6,4.0,0.25,0,0,0,1,D: distractor drift
A212,"LENS-SW (state-switched, exploratory)",6,4.0,0.25,0,0,0,1,D: distractor drift
A212,Raw deviation |z|,6,53.0,0.018867924528301886,0,0,0,0,D: distractor drift
A213,LENS v2 (full),6,57.0,0.017543859649122806,1,0,0,0,D: distractor drift
A213,LENS v2 without own-history term,6,57.0,0.017543859649122806,1,0,0,0,D: distractor drift
A213,LENS v2 without adaptation,6,51.0,0.0196078431372549,1,0,0,0,D: distractor drift
A213,LENS v2 without CUSUM,6,52.0,0.019230769230769232,1,0,0,0,D: distractor drift
A213,Linear forecast residual (GDN-style),6,25.0,0.04,0,0,0,0,D: distractor drift
A213,Conditional reference (CondAttr-style kNN),6,3.0,0.3333333333333333,1,0,1,1,D: distractor drift
A213,Simple fix: sliding-baseline deviation,6,1.0,1.0,1,1,1,1,D: distractor drift
A213,"LENS-U (original, label-free)",6,9.0,0.1111111111111111,0,0,0,0,D: distractor drift
A213,"LENS-SW (state-switched, exploratory)",6,4.0,0.25,0,0,0,1,D: distractor drift
A213,Raw deviation |z|,6,6.0,0.16666666666666666,0,0,0,0,D: distractor drift
A214,LENS v2 (full),6,10.5,0.09523809523809523,0,0,0,0,D: distractor drift
A214,LENS v2 without own-history term,6,9.5,0.10526315789473684,0,0,0,0,D: distractor drift
A214,LENS v2 without adaptation,6,26.0,0.038461538461538464,0,0,0,0,D: distractor drift
A214,LENS v2 without CUSUM,6,12.0,0.08333333333333333,0,0,0,0,D: distractor drift
A214,Linear forecast residual (GDN-style),6,3.5,0.2857142857142857,1,0,0,1,D: distractor drift
A214,Conditional reference (CondAttr-style kNN),6,42.0,0.023809523809523808,0,0,0,0,D: distractor drift
A214,Simple fix: sliding-baseline deviation,6,5.0,0.2,0,0,0,1,D: distractor drift
A214,"LENS-U (original, label-free)",6,3.0,0.3333333333333333,0,0,1,1,D: distractor drift
A214,"LENS-SW (state-switched, exploratory)",6,1.0,1.0,1,1,1,1,D: distractor drift
A214,Raw deviation |z|,6,25.0,0.04,0,0,0,0,D: distractor drift
A215,LENS v2 (full),6,9.0,0.1111111111111111,1,0,0,0,D: distractor drift
A215,LENS v2 without own-history term,6,9.0,0.1111111111111111,1,0,0,0,D: distractor drift
A215,LENS v2 without adaptation,6,24.5,0.04081632653061224,1,0,0,0,D: distractor drift
A215,LENS v2 without CUSUM,6,11.0,0.09090909090909091,0,0,0,0,D: distractor drift
A215,Linear forecast residual (GDN-style),6,9.0,0.1111111111111111,0,0,0,0,D: distractor drift
A215,Conditional reference (CondAttr-style kNN),6,13.0,0.07692307692307693,1,0,0,0,D: distractor drift
A215,Simple fix: sliding-baseline deviation,6,39.0,0.02564102564102564,1,0,0,0,D: distractor drift
A215,"LENS-U (original, label-free)",6,29.0,0.034482758620689655,1,0,0,0,D: distractor drift
A215,"LENS-SW (state-switched, exploratory)",6,8.0,0.125,1,0,0,0,D: distractor drift
A215,Raw deviation |z|,6,42.0,0.023809523809523808,0,0,0,0,D: distractor drift
A216,LENS v2 (full),6,10.0,0.1,1,0,0,0,D: distractor drift
A216,LENS v2 without own-history term,6,9.5,0.10526315789473684,1,0,0,0,D: distractor drift
A216,LENS v2 without adaptation,6,24.0,0.041666666666666664,1,0,0,0,D: distractor drift
A216,LENS v2 without CUSUM,6,12.0,0.08333333333333333,1,0,0,0,D: distractor drift
A216,Linear forecast residual (GDN-style),6,12.0,0.08333333333333333,0,0,0,0,D: distractor drift
A216,Conditional reference (CondAttr-style kNN),6,7.0,0.14285714285714285,1,0,0,0,D: distractor drift
A216,Simple fix: sliding-baseline deviation,6,25.0,0.04,1,0,0,0,D: distractor drift
A216,"LENS-U (original, label-free)",6,20.0,0.05,0,0,0,0,D: distractor drift
A216,"LENS-SW (state-switched, exploratory)",6,8.0,0.125,0,0,0,0,D: distractor drift
A216,Raw deviation |z|,6,44.0,0.022727272727272728,0,0,0,0,D: distractor drift
A217,LENS v2 (full),6,9.5,0.10526315789473684,1,0,0,0,D: distractor drift
A217,LENS v2 without own-history term,6,9.5,0.10526315789473684,1,0,0,0,D: distractor drift
A217,LENS v2 without adaptation,6,25.0,0.04,1,0,0,0,D: distractor drift
A217,LENS v2 without CUSUM,6,15.0,0.06666666666666667,1,0,0,0,D: distractor drift
A217,Linear forecast residual (GDN-style),6,13.0,0.07692307692307693,0,0,0,0,D: distractor drift
A217,Conditional reference (CondAttr-style kNN),6,29.0,0.034482758620689655,1,0,0,0,D: distractor drift
A217,Simple fix: sliding-baseline deviation,6,33.0,0.030303030303030304,1,0,0,0,D: distractor drift
A217,"LENS-U (original, label-free)",6,38.0,0.02631578947368421,0,0,0,0,D: distractor drift
A217,"LENS-SW (state-switched, exploratory)",6,29.0,0.034482758620689655,0,0,0,0,D: distractor drift
A217,Raw deviation |z|,6,39.0,0.02564102564102564,0,0,0,0,D: distractor drift
A301,LENS v2 (full),6,9.5,0.10526315789473684,1,0,0,0,D: distractor drift
A301,LENS v2 without own-history term,6,9.0,0.1111111111111111,1,0,0,0,D: distractor drift
A301,LENS v2 without adaptation,6,15.5,0.06451612903225806,1,0,0,0,D: distractor drift
A301,LENS v2 without CUSUM,6,10.0,0.1,1,0,0,0,D: distractor drift
A301,Linear forecast residual (GDN-style),6,5.0,0.2,1,0,0,1,D: distractor drift
A301,Conditional reference (CondAttr-style kNN),6,7.0,0.14285714285714285,1,0,0,0,D: distractor drift
A301,Simple fix: sliding-baseline deviation,6,13.0,0.07692307692307693,1,0,0,0,D: distractor drift
A301,"LENS-U (original, label-free)",6,17.0,0.058823529411764705,1,0,0,0,D: distractor drift
A301,"LENS-SW (state-switched, exploratory)",6,3.0,0.3333333333333333,1,0,1,1,D: distractor drift
A301,Raw deviation |z|,6,32.0,0.03125,1,0,0,0,D: distractor drift
A302,LENS v2 (full),6,26.0,0.038461538461538464,1,0,0,0,D: distractor drift
A302,LENS v2 without own-history term,6,23.0,0.043478260869565216,1,0,0,0,D: distractor drift
A302,LENS v2 without adaptation,6,24.5,0.04081632653061224,1,0,0,0,D: distractor drift
A302,LENS v2 without CUSUM,6,27.0,0.037037037037037035,1,0,0,0,D: distractor drift
A302,Linear forecast residual (GDN-style),6,13.0,0.07692307692307693,0,0,0,0,D: distractor drift
A302,Conditional reference (CondAttr-style kNN),6,34.0,0.029411764705882353,1,0,0,0,D: distractor drift
A302,Simple fix: sliding-baseline deviation,6,4.0,0.25,1,0,0,1,D: distractor drift
A302,"LENS-U (original, label-free)",6,30.0,0.03333333333333333,0,0,0,0,D: distractor drift
A302,"LENS-SW (state-switched, exploratory)",6,17.0,0.058823529411764705,0,0,0,0,D: distractor drift
A302,Raw deviation |z|,6,21.0,0.047619047619047616,0,0,0,0,D: distractor drift
A303,LENS v2 (full),6,9.5,0.10526315789473684,1,0,0,0,D: distractor drift
A303,LENS v2 without own-history term,6,8.5,0.11764705882352941,1,0,0,0,D: distractor drift
A303,LENS v2 without adaptation,6,25.0,0.04,1,0,0,0,D: distractor drift
A303,LENS v2 without CUSUM,6,10.0,0.1,1,0,0,0,D: distractor drift
A303,Linear forecast residual (GDN-style),6,3.5,0.2857142857142857,1,0,0,1,D: distractor drift
A303,Conditional reference (CondAttr-style kNN),6,24.0,0.041666666666666664,1,0,0,0,D: distractor drift
A303,Simple fix: sliding-baseline deviation,6,1.0,1.0,1,1,1,1,D: distractor drift
A303,"LENS-U (original, label-free)",6,2.0,0.5,0,0,1,1,D: distractor drift
A303,"LENS-SW (state-switched, exploratory)",6,1.0,1.0,1,1,1,1,D: distractor drift
A303,Raw deviation |z|,6,9.0,0.1111111111111111,0,0,0,0,D: distractor drift
A304,LENS v2 (full),6,9.5,0.10526315789473684,1,0,0,0,D: distractor drift
A304,LENS v2 without own-history term,6,8.5,0.11764705882352941,1,0,0,0,D: distractor drift
A304,LENS v2 without adaptation,6,25.5,0.0392156862745098,1,0,0,0,D: distractor drift
A304,LENS v2 without CUSUM,6,11.0,0.09090909090909091,1,0,0,0,D: distractor drift
A304,Linear forecast residual (GDN-style),6,3.5,0.2857142857142857,1,0,0,1,D: distractor drift
A304,Conditional reference (CondAttr-style kNN),6,12.0,0.08333333333333333,1,0,0,0,D: distractor drift
A304,Simple fix: sliding-baseline deviation,6,6.0,0.16666666666666666,1,0,0,0,D: distractor drift
A304,"LENS-U (original, label-free)",6,8.0,0.125,0,0,0,0,D: distractor drift
A304,"LENS-SW (state-switched, exploratory)",6,3.0,0.3333333333333333,1,0,1,1,D: distractor drift
A304,Raw deviation |z|,6,19.0,0.05263157894736842,0,0,0,0,D: distractor drift
A305,LENS v2 (full),6,9.5,0.10526315789473684,1,0,0,0,D: distractor drift
A305,LENS v2 without own-history term,6,8.5,0.11764705882352941,1,0,0,0,D: distractor drift
A305,LENS v2 without adaptation,6,22.0,0.045454545454545456,1,0,0,0,D: distractor drift
A305,LENS v2 without CUSUM,6,1.0,1.0,1,1,1,1,D: distractor drift
A305,Linear forecast residual (GDN-style),6,3.0,0.3333333333333333,1,0,1,1,D: distractor drift
A305,Conditional reference (CondAttr-style kNN),6,8.0,0.125,1,0,0,0,D: distractor drift
A305,Simple fix: sliding-baseline deviation,6,1.0,1.0,1,1,1,1,D: distractor drift
A305,"LENS-U (original, label-free)",6,3.0,0.3333333333333333,0,0,1,1,D: distractor drift
A305,"LENS-SW (state-switched, exploratory)",6,1.0,1.0,1,1,1,1,D: distractor drift
A305,Raw deviation |z|,6,2.0,0.5,0,0,1,1,D: distractor drift
A306,LENS v2 (full),6,24.0,0.041666666666666664,1,0,0,0,D: distractor drift
A306,LENS v2 without own-history term,6,20.0,0.05,1,0,0,0,D: distractor drift
A306,LENS v2 without adaptation,6,26.0,0.038461538461538464,1,0,0,0,D: distractor drift
A306,LENS v2 without CUSUM,6,21.0,0.047619047619047616,0,0,0,0,D: distractor drift
A306,Linear forecast residual (GDN-style),6,14.0,0.07142857142857142,0,0,0,0,D: distractor drift
A306,Conditional reference (CondAttr-style kNN),6,24.0,0.041666666666666664,1,0,0,0,D: distractor drift
A306,Simple fix: sliding-baseline deviation,6,3.0,0.3333333333333333,1,0,1,1,D: distractor drift
A306,"LENS-U (original, label-free)",6,32.0,0.03125,0,0,0,0,D: distractor drift
A306,"LENS-SW (state-switched, exploratory)",6,23.0,0.043478260869565216,0,0,0,0,D: distractor drift
A306,Raw deviation |z|,6,15.0,0.06666666666666667,0,0,0,0,D: distractor drift
A307,LENS v2 (full),6,23.0,0.043478260869565216,1,0,0,0,D: distractor drift
A307,LENS v2 without own-history term,6,21.0,0.047619047619047616,1,0,0,0,D: distractor drift
A307,LENS v2 without adaptation,6,25.0,0.04,1,0,0,0,D: distractor drift
A307,LENS v2 without CUSUM,6,26.0,0.038461538461538464,1,0,0,0,D: distractor drift
A307,Linear forecast residual (GDN-style),6,20.0,0.05,0,0,0,0,D: distractor drift
A307,Conditional reference (CondAttr-style kNN),6,49.0,0.02040816326530612,1,0,0,0,D: distractor drift
A307,Simple fix: sliding-baseline deviation,6,45.0,0.022222222222222223,1,0,0,0,D: distractor drift
A307,"LENS-U (original, label-free)",6,14.0,0.07142857142857142,0,0,0,0,D: distractor drift
A307,"LENS-SW (state-switched, exploratory)",6,24.0,0.041666666666666664,0,0,0,0,D: distractor drift
A307,Raw deviation |z|,6,17.0,0.058823529411764705,0,0,0,0,D: distractor drift
A308,LENS v2 (full),6,20.0,0.05,1,0,0,0,D: distractor drift
A308,LENS v2 without own-history term,6,18.0,0.05555555555555555,1,0,0,0,D: distractor drift
A308,LENS v2 without adaptation,6,23.5,0.0425531914893617,1,0,0,0,D: distractor drift
A308,LENS v2 without CUSUM,6,20.0,0.05,0,0,0,0,D: distractor drift
A308,Linear forecast residual (GDN-style),6,16.0,0.0625,0,0,0,0,D: distractor drift
A308,Conditional reference (CondAttr-style kNN),6,8.0,0.125,1,0,0,0,D: distractor drift
A308,Simple fix: sliding-baseline deviation,6,2.0,0.5,0,0,1,1,D: distractor drift
A308,"LENS-U (original, label-free)",6,34.0,0.029411764705882353,1,0,0,0,D: distractor drift
A308,"LENS-SW (state-switched, exploratory)",6,21.0,0.047619047619047616,0,0,0,0,D: distractor drift
A308,Raw deviation |z|,6,7.0,0.14285714285714285,1,0,0,0,D: distractor drift
A309,LENS v2 (full),6,10.0,0.1,1,0,0,0,D: distractor drift
A309,LENS v2 without own-history term,6,9.5,0.10526315789473684,1,0,0,0,D: distractor drift
A309,LENS v2 without adaptation,6,24.5,0.04081632653061224,1,0,0,0,D: distractor drift
A309,LENS v2 without CUSUM,6,13.0,0.07692307692307693,0,0,0,0,D: distractor drift
A309,Linear forecast residual (GDN-style),6,29.0,0.034482758620689655,0,0,0,0,D: distractor drift
A309,Conditional reference (CondAttr-style kNN),6,7.0,0.14285714285714285,1,0,0,0,D: distractor drift
A309,Simple fix: sliding-baseline deviation,6,43.0,0.023255813953488372,1,0,0,0,D: distractor drift
A309,"LENS-U (original, label-free)",6,20.0,0.05,0,0,0,0,D: distractor drift
A309,"LENS-SW (state-switched, exploratory)",6,12.0,0.08333333333333333,0,0,0,0,D: distractor drift
A309,Raw deviation |z|,6,15.0,0.06666666666666667,0,0,0,0,D: distractor drift
A310,LENS v2 (full),6,10.0,0.1,0,0,0,0,D: distractor drift
A310,LENS v2 without own-history term,6,9.5,0.10526315789473684,0,0,0,0,D: distractor drift
A310,LENS v2 without adaptation,6,23.5,0.0425531914893617,0,0,0,0,D: distractor drift
A310,LENS v2 without CUSUM,6,13.0,0.07692307692307693,0,0,0,0,D: distractor drift
A310,Linear forecast residual (GDN-style),6,3.5,0.2857142857142857,1,0,0,1,D: distractor drift
A310,Conditional reference (CondAttr-style kNN),6,15.0,0.06666666666666667,0,0,0,0,D: distractor drift
A310,Simple fix: sliding-baseline deviation,6,2.0,0.5,1,0,1,1,D: distractor drift
A310,"LENS-U (original, label-free)",6,6.0,0.16666666666666666,0,0,0,0,D: distractor drift
A310,"LENS-SW (state-switched, exploratory)",6,4.0,0.25,1,0,0,1,D: distractor drift
A310,Raw deviation |z|,6,16.0,0.0625,0,0,0,0,D: distractor drift
A401,LENS v2 (full),6,21.0,0.047619047619047616,0,0,0,0,D: distractor drift
A401,LENS v2 without own-history term,6,23.0,0.043478260869565216,0,0,0,0,D: distractor drift
A401,LENS v2 without adaptation,6,35.0,0.02857142857142857,0,0,0,0,D: distractor drift
A401,LENS v2 without CUSUM,6,6.0,0.16666666666666666,0,0,0,0,D: distractor drift
A401,Linear forecast residual (GDN-style),6,7.0,0.14285714285714285,0,0,0,0,D: distractor drift
A401,Conditional reference (CondAttr-style kNN),6,1.0,1.0,1,1,1,1,D: distractor drift
A401,Simple fix: sliding-baseline deviation,6,1.0,1.0,1,1,1,1,D: distractor drift
A401,"LENS-U (original, label-free)",6,1.0,1.0,1,1,1,1,D: distractor drift
A401,"LENS-SW (state-switched, exploratory)",6,1.0,1.0,1,1,1,1,D: distractor drift
A401,Raw deviation |z|,6,1.0,1.0,1,1,1,1,D: distractor drift
A402,LENS v2 (full),6,29.0,0.034482758620689655,1,0,0,0,D: distractor drift
A402,LENS v2 without own-history term,6,29.0,0.034482758620689655,1,0,0,0,D: distractor drift
A402,LENS v2 without adaptation,6,21.0,0.047619047619047616,1,0,0,0,D: distractor drift
A402,LENS v2 without CUSUM,6,29.0,0.034482758620689655,1,0,0,0,D: distractor drift
A402,Linear forecast residual (GDN-style),6,45.0,0.022222222222222223,0,0,0,0,D: distractor drift
A402,Conditional reference (CondAttr-style kNN),6,37.0,0.02702702702702703,1,0,0,0,D: distractor drift
A402,Simple fix: sliding-baseline deviation,6,41.0,0.024390243902439025,0,0,0,0,D: distractor drift
A402,"LENS-U (original, label-free)",6,30.0,0.03333333333333333,0,0,0,0,D: distractor drift
A402,"LENS-SW (state-switched, exploratory)",6,21.0,0.047619047619047616,0,0,0,0,D: distractor drift
A402,Raw deviation |z|,6,18.0,0.05555555555555555,0,0,0,0,D: distractor drift
A403,LENS v2 (full),6,58.0,0.017241379310344827,0,0,0,0,D: distractor drift
A403,LENS v2 without own-history term,6,57.0,0.017543859649122806,0,0,0,0,D: distractor drift
A403,LENS v2 without adaptation,6,70.5,0.014184397163120567,0,0,0,0,D: distractor drift
A403,LENS v2 without CUSUM,6,77.5,0.012903225806451613,0,0,0,0,D: distractor drift
A403,Linear forecast residual (GDN-style),6,77.5,0.012903225806451613,0,0,0,0,D: distractor drift
A403,Conditional reference (CondAttr-style kNN),6,76.0,0.013157894736842105,0,0,0,0,D: distractor drift
A403,Simple fix: sliding-baseline deviation,6,69.5,0.014388489208633094,0,0,0,0,D: distractor drift
A403,"LENS-U (original, label-free)",6,77.5,0.012903225806451613,0,0,0,0,D: distractor drift
A403,"LENS-SW (state-switched, exploratory)",6,77.5,0.012903225806451613,0,0,0,0,D: distractor drift
A403,Raw deviation |z|,6,77.5,0.012903225806451613,0,0,0,0,D: distractor drift
A404,LENS v2 (full),6,10.0,0.1,0,0,0,0,D: distractor drift
A404,LENS v2 without own-history term,6,9.5,0.10526315789473684,0,0,0,0,D: distractor drift
A404,LENS v2 without adaptation,6,24.0,0.041666666666666664,0,0,0,0,D: distractor drift
A404,LENS v2 without CUSUM,6,11.0,0.09090909090909091,0,0,0,0,D: distractor drift
A404,Linear forecast residual (GDN-style),6,3.5,0.2857142857142857,1,0,0,1,D: distractor drift
A404,Conditional reference (CondAttr-style kNN),6,19.0,0.05263157894736842,0,0,0,0,D: distractor drift
A404,Simple fix: sliding-baseline deviation,6,9.0,0.1111111111111111,0,0,0,0,D: distractor drift
A404,"LENS-U (original, label-free)",6,1.0,1.0,1,1,1,1,D: distractor drift
A404,"LENS-SW (state-switched, exploratory)",6,1.0,1.0,1,1,1,1,D: distractor drift
A404,Raw deviation |z|,6,34.0,0.029411764705882353,0,0,0,0,D: distractor drift
A405,LENS v2 (full),6,57.5,0.017391304347826087,1,0,0,0,D: distractor drift
A405,LENS v2 without own-history term,6,56.5,0.017699115044247787,1,0,0,0,D: distractor drift
A405,LENS v2 without adaptation,6,69.5,0.014388489208633094,1,0,0,0,D: distractor drift
A405,LENS v2 without CUSUM,6,61.0,0.01639344262295082,1,0,0,0,D: distractor drift
A405,Linear forecast residual (GDN-style),6,44.0,0.022727272727272728,0,0,0,0,D: distractor drift
A405,Conditional reference (CondAttr-style kNN),6,56.0,0.017857142857142856,1,0,0,0,D: distractor drift
A405,Simple fix: sliding-baseline deviation,6,69.5,0.014388489208633094,0,0,0,0,D: distractor drift
A405,"LENS-U (original, label-free)",6,45.0,0.022222222222222223,1,0,0,0,D: distractor drift
A405,"LENS-SW (state-switched, exploratory)",6,32.0,0.03125,0,0,0,0,D: distractor drift
A405,Raw deviation |z|,6,19.0,0.05263157894736842,1,0,0,0,D: distractor drift
A406,LENS v2 (full),6,10.0,0.1,1,0,0,0,D: distractor drift
A406,LENS v2 without own-history term,6,10.0,0.1,1,0,0,0,D: distractor drift
A406,LENS v2 without adaptation,6,24.5,0.04081632653061224,1,0,0,0,D: distractor drift
A406,LENS v2 without CUSUM,6,12.0,0.08333333333333333,1,0,0,0,D: distractor drift
A406,Linear forecast residual (GDN-style),6,9.0,0.1111111111111111,0,0,0,0,D: distractor drift
A406,Conditional reference (CondAttr-style kNN),6,28.0,0.03571428571428571,1,0,0,0,D: distractor drift
A406,Simple fix: sliding-baseline deviation,6,42.0,0.023809523809523808,1,0,0,0,D: distractor drift
A406,"LENS-U (original, label-free)",6,8.0,0.125,0,0,0,0,D: distractor drift
A406,"LENS-SW (state-switched, exploratory)",6,3.0,0.3333333333333333,0,0,1,1,D: distractor drift
A406,Raw deviation |z|,6,15.0,0.06666666666666667,0,0,0,0,D: distractor drift
A407,LENS v2 (full),6,10.0,0.1,1,0,0,0,D: distractor drift
A407,LENS v2 without own-history term,6,10.0,0.1,1,0,0,0,D: distractor drift
A407,LENS v2 without adaptation,6,25.5,0.0392156862745098,1,0,0,0,D: distractor drift
A407,LENS v2 without CUSUM,6,17.0,0.058823529411764705,1,0,0,0,D: distractor drift
A407,Linear forecast residual (GDN-style),6,13.0,0.07692307692307693,0,0,0,0,D: distractor drift
A407,Conditional reference (CondAttr-style kNN),6,50.0,0.02,1,0,0,0,D: distractor drift
A407,Simple fix: sliding-baseline deviation,6,43.0,0.023255813953488372,1,0,0,0,D: distractor drift
A407,"LENS-U (original, label-free)",6,42.0,0.023809523809523808,1,0,0,0,D: distractor drift
A407,"LENS-SW (state-switched, exploratory)",6,28.0,0.03571428571428571,0,0,0,0,D: distractor drift
A407,Raw deviation |z|,6,61.0,0.01639344262295082,1,0,0,0,D: distractor drift
A408,LENS v2 (full),6,22.0,0.045454545454545456,1,0,0,0,D: distractor drift
A408,LENS v2 without own-history term,6,22.0,0.045454545454545456,1,0,0,0,D: distractor drift
A408,LENS v2 without adaptation,6,24.5,0.04081632653061224,1,0,0,0,D: distractor drift
A408,LENS v2 without CUSUM,6,22.0,0.045454545454545456,1,0,0,0,D: distractor drift
A408,Linear forecast residual (GDN-style),6,17.0,0.058823529411764705,0,0,0,0,D: distractor drift
A408,Conditional reference (CondAttr-style kNN),6,28.0,0.03571428571428571,1,0,0,0,D: distractor drift
A408,Simple fix: sliding-baseline deviation,6,14.0,0.07142857142857142,0,0,0,0,D: distractor drift
A408,"LENS-U (original, label-free)",6,9.0,0.1111111111111111,1,0,0,0,D: distractor drift
A408,"LENS-SW (state-switched, exploratory)",6,11.0,0.09090909090909091,0,0,0,0,D: distractor drift
A408,Raw deviation |z|,6,9.0,0.1111111111111111,0,0,0,0,D: distractor drift
A409,LENS v2 (full),6,21.0,0.047619047619047616,1,0,0,0,D: distractor drift
A409,LENS v2 without own-history term,6,22.0,0.045454545454545456,1,0,0,0,D: distractor drift
A409,LENS v2 without adaptation,6,22.0,0.045454545454545456,1,0,0,0,D: distractor drift
A409,LENS v2 without CUSUM,6,1.0,1.0,1,1,1,1,D: distractor drift
A409,Linear forecast residual (GDN-style),6,9.0,0.1111111111111111,0,0,0,0,D: distractor drift
A409,Conditional reference (CondAttr-style kNN),6,10.0,0.1,1,0,0,0,D: distractor drift
A409,Simple fix: sliding-baseline deviation,6,1.0,1.0,1,1,1,1,D: distractor drift
A409,"LENS-U (original, label-free)",6,2.0,0.5,0,0,1,1,D: distractor drift
A409,"LENS-SW (state-switched, exploratory)",6,1.0,1.0,1,1,1,1,D: distractor drift
A409,Raw deviation |z|,6,5.0,0.2,0,0,0,1,D: distractor drift
A410,LENS v2 (full),6,10.5,0.09523809523809523,1,0,0,0,D: distractor drift
A410,LENS v2 without own-history term,6,11.0,0.09090909090909091,1,0,0,0,D: distractor drift
A410,LENS v2 without adaptation,6,24.0,0.041666666666666664,1,0,0,0,D: distractor drift
A410,LENS v2 without CUSUM,6,12.0,0.08333333333333333,1,0,0,0,D: distractor drift
A410,Linear forecast residual (GDN-style),6,9.0,0.1111111111111111,0,0,0,0,D: distractor drift
A410,Conditional reference (CondAttr-style kNN),6,7.0,0.14285714285714285,1,0,0,0,D: distractor drift
A410,Simple fix: sliding-baseline deviation,6,25.0,0.04,1,0,0,0,D: distractor drift
A410,"LENS-U (original, label-free)",6,14.0,0.07142857142857142,0,0,0,0,D: distractor drift
A410,"LENS-SW (state-switched, exploratory)",6,5.0,0.2,0,0,0,1,D: distractor drift
A410,Raw deviation |z|,6,22.0,0.045454545454545456,1,0,0,0,D: distractor drift
A411,LENS v2 (full),6,62.0,0.016129032258064516,1,0,0,0,D: distractor drift
A411,LENS v2 without own-history term,6,11.0,0.09090909090909091,1,0,0,0,D: distractor drift
A411,LENS v2 without adaptation,6,25.5,0.0392156862745098,1,0,0,0,D: distractor drift
A411,LENS v2 without CUSUM,6,30.0,0.03333333333333333,1,0,0,0,D: distractor drift
A411,Linear forecast residual (GDN-style),6,28.0,0.03571428571428571,0,0,0,0,D: distractor drift
A411,Conditional reference (CondAttr-style kNN),6,3.0,0.3333333333333333,1,0,1,1,D: distractor drift
A411,Simple fix: sliding-baseline deviation,6,1.0,1.0,1,1,1,1,D: distractor drift
A411,"LENS-U (original, label-free)",6,12.0,0.08333333333333333,1,0,0,0,D: distractor drift
A411,"LENS-SW (state-switched, exploratory)",6,6.0,0.16666666666666666,1,0,0,0,D: distractor drift
A411,Raw deviation |z|,6,6.0,0.16666666666666666,1,0,0,0,D: distractor drift
A412,LENS v2 (full),6,35.0,0.02857142857142857,1,0,0,0,D: distractor drift
A412,LENS v2 without own-history term,6,34.0,0.029411764705882353,1,0,0,0,D: distractor drift
A412,LENS v2 without adaptation,6,25.0,0.04,1,0,0,0,D: distractor drift
A412,LENS v2 without CUSUM,6,38.0,0.02631578947368421,0,0,0,0,D: distractor drift
A412,Linear forecast residual (GDN-style),6,12.0,0.08333333333333333,0,0,0,0,D: distractor drift
A412,Conditional reference (CondAttr-style kNN),6,23.0,0.043478260869565216,1,0,0,0,D: distractor drift
A412,Simple fix: sliding-baseline deviation,6,12.0,0.08333333333333333,0,0,0,0,D: distractor drift
A412,"LENS-U (original, label-free)",6,15.0,0.06666666666666667,0,0,0,0,D: distractor drift
A412,"LENS-SW (state-switched, exploratory)",6,18.0,0.05555555555555555,0,0,0,0,D: distractor drift
A412,Raw deviation |z|,6,8.0,0.125,0,0,0,0,D: distractor drift
A413,LENS v2 (full),6,21.0,0.047619047619047616,1,0,0,0,D: distractor drift
A413,LENS v2 without own-history term,6,22.0,0.045454545454545456,1,0,0,0,D: distractor drift
A413,LENS v2 without adaptation,6,24.0,0.041666666666666664,1,0,0,0,D: distractor drift
A413,LENS v2 without CUSUM,6,19.0,0.05263157894736842,1,0,0,0,D: distractor drift
A413,Linear forecast residual (GDN-style),6,16.0,0.0625,0,0,0,0,D: distractor drift
A413,Conditional reference (CondAttr-style kNN),6,23.0,0.043478260869565216,1,0,0,0,D: distractor drift
A413,Simple fix: sliding-baseline deviation,6,4.0,0.25,0,0,0,1,D: distractor drift
A413,"LENS-U (original, label-free)",6,9.0,0.1111111111111111,1,0,0,0,D: distractor drift
A413,"LENS-SW (state-switched, exploratory)",6,7.0,0.14285714285714285,1,0,0,0,D: distractor drift
A413,Raw deviation |z|,6,9.0,0.1111111111111111,1,0,0,0,D: distractor drift
A414,LENS v2 (full),6,10.5,0.09523809523809523,0,0,0,0,D: distractor drift
A414,LENS v2 without own-history term,6,10.5,0.09523809523809523,0,0,0,0,D: distractor drift
A414,LENS v2 without adaptation,6,23.5,0.0425531914893617,0,0,0,0,D: distractor drift
A414,LENS v2 without CUSUM,6,14.0,0.07142857142857142,0,0,0,0,D: distractor drift
A414,Linear forecast residual (GDN-style),6,3.5,0.2857142857142857,1,0,0,1,D: distractor drift
A414,Conditional reference (CondAttr-style kNN),6,19.0,0.05263157894736842,0,0,0,0,D: distractor drift
A414,Simple fix: sliding-baseline deviation,6,19.0,0.05263157894736842,1,0,0,0,D: distractor drift
A414,"LENS-U (original, label-free)",6,4.0,0.25,0,0,0,1,D: distractor drift
A414,"LENS-SW (state-switched, exploratory)",6,3.0,0.3333333333333333,1,0,1,1,D: distractor drift
A414,Raw deviation |z|,6,40.0,0.025,0,0,0,0,D: distractor drift
A415,LENS v2 (full),6,58.5,0.017094017094017096,0,0,0,0,D: distractor drift
A415,LENS v2 without own-history term,6,59.0,0.01694915254237288,0,0,0,0,D: distractor drift
A415,LENS v2 without adaptation,6,70.5,0.014184397163120567,0,0,0,0,D: distractor drift
A415,LENS v2 without CUSUM,6,77.5,0.012903225806451613,0,0,0,0,D: distractor drift
A415,Linear forecast residual (GDN-style),6,77.5,0.012903225806451613,0,0,0,0,D: distractor drift
A415,Conditional reference (CondAttr-style kNN),6,76.0,0.013157894736842105,0,0,0,0,D: distractor drift
A415,Simple fix: sliding-baseline deviation,6,69.5,0.014388489208633094,0,0,0,0,D: distractor drift
A415,"LENS-U (original, label-free)",6,77.5,0.012903225806451613,0,0,0,0,D: distractor drift
A415,"LENS-SW (state-switched, exploratory)",6,77.5,0.012903225806451613,0,0,0,0,D: distractor drift
A415,Raw deviation |z|,6,77.5,0.012903225806451613,0,0,0,0,D: distractor drift
A416,LENS v2 (full),6,10.0,0.1,1,0,0,0,D: distractor drift
A416,LENS v2 without own-history term,6,10.5,0.09523809523809523,1,0,0,0,D: distractor drift
A416,LENS v2 without adaptation,6,25.0,0.04,1,0,0,0,D: distractor drift
A416,LENS v2 without CUSUM,6,11.0,0.09090909090909091,1,0,0,0,D: distractor drift
A416,Linear forecast residual (GDN-style),6,9.0,0.1111111111111111,0,0,0,0,D: distractor drift
A416,Conditional reference (CondAttr-style kNN),6,19.0,0.05263157894736842,1,0,0,0,D: distractor drift
A416,Simple fix: sliding-baseline deviation,6,28.0,0.03571428571428571,1,0,0,0,D: distractor drift
A416,"LENS-U (original, label-free)",6,21.0,0.047619047619047616,0,0,0,0,D: distractor drift
A416,"LENS-SW (state-switched, exploratory)",6,12.0,0.08333333333333333,0,0,0,0,D: distractor drift
A416,Raw deviation |z|,6,35.0,0.02857142857142857,0,0,0,0,D: distractor drift
A417,LENS v2 (full),6,56.5,0.017699115044247787,1,0,0,0,D: distractor drift
A417,LENS v2 without own-history term,6,57.0,0.017543859649122806,1,0,0,0,D: distractor drift
A417,LENS v2 without adaptation,6,25.0,0.04,1,0,0,0,D: distractor drift
A417,LENS v2 without CUSUM,6,33.0,0.030303030303030304,1,0,0,0,D: distractor drift
A417,Linear forecast residual (GDN-style),6,61.0,0.01639344262295082,0,0,0,0,D: distractor drift
A417,Conditional reference (CondAttr-style kNN),6,7.0,0.14285714285714285,1,0,0,0,D: distractor drift
A417,Simple fix: sliding-baseline deviation,6,69.5,0.014388489208633094,1,0,0,0,D: distractor drift
A417,"LENS-U (original, label-free)",6,55.0,0.01818181818181818,0,0,0,0,D: distractor drift
A417,"LENS-SW (state-switched, exploratory)",6,52.0,0.019230769230769232,1,0,0,0,D: distractor drift
A417,Raw deviation |z|,6,49.0,0.02040816326530612,0,0,0,0,D: distractor drift
A418,LENS v2 (full),6,22.0,0.045454545454545456,1,0,0,0,D: distractor drift
A418,LENS v2 without own-history term,6,25.0,0.04,1,0,0,0,D: distractor drift
A418,LENS v2 without adaptation,6,25.5,0.0392156862745098,1,0,0,0,D: distractor drift
A418,LENS v2 without CUSUM,6,24.0,0.041666666666666664,1,0,0,0,D: distractor drift
A418,Linear forecast residual (GDN-style),6,12.0,0.08333333333333333,0,0,0,0,D: distractor drift
A418,Conditional reference (CondAttr-style kNN),6,34.0,0.029411764705882353,1,0,0,0,D: distractor drift
A418,Simple fix: sliding-baseline deviation,6,27.0,0.037037037037037035,1,0,0,0,D: distractor drift
A418,"LENS-U (original, label-free)",6,37.0,0.02702702702702703,0,0,0,0,D: distractor drift
A418,"LENS-SW (state-switched, exploratory)",6,38.0,0.02631578947368421,0,0,0,0,D: distractor drift
A418,Raw deviation |z|,6,61.0,0.01639344262295082,0,0,0,0,D: distractor drift
A419,LENS v2 (full),6,9.5,0.10526315789473684,1,0,0,0,D: distractor drift
A419,LENS v2 without own-history term,6,9.5,0.10526315789473684,1,0,0,0,D: distractor drift
A419,LENS v2 without adaptation,6,24.5,0.04081632653061224,1,0,0,0,D: distractor drift
A419,LENS v2 without CUSUM,6,13.0,0.07692307692307693,0,0,0,0,D: distractor drift
A419,Linear forecast residual (GDN-style),6,3.5,0.2857142857142857,1,0,0,1,D: distractor drift
A419,Conditional reference (CondAttr-style kNN),6,21.0,0.047619047619047616,1,0,0,0,D: distractor drift
A419,Simple fix: sliding-baseline deviation,6,20.0,0.05,1,0,0,0,D: distractor drift
A419,"LENS-U (original, label-free)",6,5.0,0.2,0,0,0,1,D: distractor drift
A419,"LENS-SW (state-switched, exploratory)",6,4.0,0.25,1,0,0,1,D: distractor drift
A419,Raw deviation |z|,6,36.0,0.027777777777777776,0,0,0,0,D: distractor drift
A420,LENS v2 (full),6,20.0,0.05,1,0,0,0,D: distractor drift
A420,LENS v2 without own-history term,6,21.0,0.047619047619047616,1,0,0,0,D: distractor drift
A420,LENS v2 without adaptation,6,52.0,0.019230769230769232,1,0,0,0,D: distractor drift
A420,LENS v2 without CUSUM,6,2.0,0.5,1,0,1,1,D: distractor drift
A420,Linear forecast residual (GDN-style),6,12.0,0.08333333333333333,0,0,0,0,D: distractor drift
A420,Conditional reference (CondAttr-style kNN),6,28.0,0.03571428571428571,1,0,0,0,D: distractor drift
A420,Simple fix: sliding-baseline deviation,6,12.0,0.08333333333333333,1,0,0,0,D: distractor drift
A420,"LENS-U (original, label-free)",6,17.0,0.058823529411764705,0,0,0,0,D: distractor drift
A420,"LENS-SW (state-switched, exploratory)",6,4.0,0.25,0,0,0,1,D: distractor drift
A420,Raw deviation |z|,6,16.0,0.0625,0,0,0,0,D: distractor drift
A421,LENS v2 (full),6,21.0,0.047619047619047616,1,0,0,0,D: distractor drift
A421,LENS v2 without own-history term,6,19.0,0.05263157894736842,1,0,0,0,D: distractor drift
A421,LENS v2 without adaptation,6,25.0,0.04,1,0,0,0,D: distractor drift
A421,LENS v2 without CUSUM,6,2.0,0.5,1,0,1,1,D: distractor drift
A421,Linear forecast residual (GDN-style),6,27.0,0.037037037037037035,0,0,0,0,D: distractor drift
A421,Conditional reference (CondAttr-style kNN),6,9.0,0.1111111111111111,1,0,0,0,D: distractor drift
A421,Simple fix: sliding-baseline deviation,6,5.0,0.2,0,0,0,1,D: distractor drift
A421,"LENS-U (original, label-free)",6,45.0,0.022222222222222223,0,0,0,0,D: distractor drift
A421,"LENS-SW (state-switched, exploratory)",6,29.0,0.034482758620689655,0,0,0,0,D: distractor drift
A421,Raw deviation |z|,6,29.0,0.034482758620689655,1,0,0,0,D: distractor drift
A422,LENS v2 (full),6,20.0,0.05,1,0,0,0,D: distractor drift
A422,LENS v2 without own-history term,6,20.0,0.05,1,0,0,0,D: distractor drift
A422,LENS v2 without adaptation,6,25.5,0.0392156862745098,1,0,0,0,D: distractor drift
A422,LENS v2 without CUSUM,6,19.0,0.05263157894736842,1,0,0,0,D: distractor drift
A422,Linear forecast residual (GDN-style),6,12.0,0.08333333333333333,0,0,0,0,D: distractor drift
A422,Conditional reference (CondAttr-style kNN),6,13.0,0.07692307692307693,1,0,0,0,D: distractor drift
A422,Simple fix: sliding-baseline deviation,6,19.0,0.05263157894736842,1,0,0,0,D: distractor drift
A422,"LENS-U (original, label-free)",6,40.0,0.025,1,0,0,0,D: distractor drift
A422,"LENS-SW (state-switched, exploratory)",6,27.0,0.037037037037037035,0,0,0,0,D: distractor drift
A422,Raw deviation |z|,6,32.0,0.03125,1,0,0,0,D: distractor drift
A423,LENS v2 (full),6,9.5,0.10526315789473684,1,0,0,0,D: distractor drift
A423,LENS v2 without own-history term,6,9.0,0.1111111111111111,1,0,0,0,D: distractor drift
A423,LENS v2 without adaptation,6,25.0,0.04,1,0,0,0,D: distractor drift
A423,LENS v2 without CUSUM,6,15.0,0.06666666666666667,1,0,0,0,D: distractor drift
A423,Linear forecast residual (GDN-style),6,28.0,0.03571428571428571,0,0,0,0,D: distractor drift
A423,Conditional reference (CondAttr-style kNN),6,11.0,0.09090909090909091,1,0,0,0,D: distractor drift
A423,Simple fix: sliding-baseline deviation,6,16.0,0.0625,1,0,0,0,D: distractor drift
A423,"LENS-U (original, label-free)",6,25.0,0.04,0,0,0,0,D: distractor drift
A423,"LENS-SW (state-switched, exploratory)",6,11.0,0.09090909090909091,0,0,0,0,D: distractor drift
A423,Raw deviation |z|,6,32.0,0.03125,0,0,0,0,D: distractor drift
A424,LENS v2 (full),6,9.5,0.10526315789473684,1,0,0,0,D: distractor drift
A424,LENS v2 without own-history term,6,9.0,0.1111111111111111,1,0,0,0,D: distractor drift
A424,LENS v2 without adaptation,6,24.5,0.04081632653061224,1,0,0,0,D: distractor drift
A424,LENS v2 without CUSUM,6,15.0,0.06666666666666667,1,0,0,0,D: distractor drift
A424,Linear forecast residual (GDN-style),6,13.0,0.07692307692307693,0,0,0,0,D: distractor drift
A424,Conditional reference (CondAttr-style kNN),6,12.0,0.08333333333333333,1,0,0,0,D: distractor drift
A424,Simple fix: sliding-baseline deviation,6,12.0,0.08333333333333333,0,0,0,0,D: distractor drift
A424,"LENS-U (original, label-free)",6,6.0,0.16666666666666666,1,0,0,0,D: distractor drift
A424,"LENS-SW (state-switched, exploratory)",6,10.0,0.1,0,0,0,0,D: distractor drift
A424,Raw deviation |z|,6,18.0,0.05555555555555555,0,0,0,0,D: distractor drift
A101,LENS v2 (full),10,25.0,0.04,1,0,0,0,D: distractor drift
A101,LENS v2 without own-history term,10,24.0,0.041666666666666664,1,0,0,0,D: distractor drift
A101,LENS v2 without adaptation,10,53.0,0.018867924528301886,1,0,0,0,D: distractor drift
A101,LENS v2 without CUSUM,10,24.0,0.041666666666666664,1,0,0,0,D: distractor drift
A101,Linear forecast residual (GDN-style),10,33.0,0.030303030303030304,1,0,0,0,D: distractor drift
A101,Conditional reference (CondAttr-style kNN),10,26.0,0.038461538461538464,1,0,0,0,D: distractor drift
A101,Simple fix: sliding-baseline deviation,10,22.0,0.045454545454545456,1,0,0,0,D: distractor drift
A101,"LENS-U (original, label-free)",10,26.0,0.038461538461538464,0,0,0,0,D: distractor drift
A101,"LENS-SW (state-switched, exploratory)",10,16.0,0.0625,0,0,0,0,D: distractor drift
A101,Raw deviation |z|,10,7.0,0.14285714285714285,0,0,0,0,D: distractor drift
A102,LENS v2 (full),10,23.0,0.043478260869565216,1,0,0,0,D: distractor drift
A102,LENS v2 without own-history term,10,24.0,0.041666666666666664,1,0,0,0,D: distractor drift
A102,LENS v2 without adaptation,10,25.5,0.0392156862745098,1,0,0,0,D: distractor drift
A102,LENS v2 without CUSUM,10,21.0,0.047619047619047616,1,0,0,0,D: distractor drift
A102,Linear forecast residual (GDN-style),10,12.0,0.08333333333333333,1,0,0,0,D: distractor drift
A102,Conditional reference (CondAttr-style kNN),10,20.0,0.05,1,0,0,0,D: distractor drift
A102,Simple fix: sliding-baseline deviation,10,1.0,1.0,1,1,1,1,D: distractor drift
A102,"LENS-U (original, label-free)",10,11.0,0.09090909090909091,0,0,0,0,D: distractor drift
A102,"LENS-SW (state-switched, exploratory)",10,9.0,0.1111111111111111,1,0,0,0,D: distractor drift
A102,Raw deviation |z|,10,7.0,0.14285714285714285,0,0,0,0,D: distractor drift
A103,LENS v2 (full),10,11.5,0.08695652173913043,1,0,0,0,D: distractor drift
A103,LENS v2 without own-history term,10,12.0,0.08333333333333333,1,0,0,0,D: distractor drift
A103,LENS v2 without adaptation,10,26.0,0.038461538461538464,1,0,0,0,D: distractor drift
A103,LENS v2 without CUSUM,10,12.0,0.08333333333333333,1,0,0,0,D: distractor drift
A103,Linear forecast residual (GDN-style),10,5.0,0.2,1,0,0,1,D: distractor drift
A103,Conditional reference (CondAttr-style kNN),10,24.0,0.041666666666666664,1,0,0,0,D: distractor drift
A103,Simple fix: sliding-baseline deviation,10,10.0,0.1,0,0,0,0,D: distractor drift
A103,"LENS-U (original, label-free)",10,14.0,0.07142857142857142,0,0,0,0,D: distractor drift
A103,"LENS-SW (state-switched, exploratory)",10,8.0,0.125,1,0,0,0,D: distractor drift
A103,Raw deviation |z|,10,19.0,0.05263157894736842,0,0,0,0,D: distractor drift
A104,LENS v2 (full),10,12.0,0.08333333333333333,0,0,0,0,D: distractor drift
A104,LENS v2 without own-history term,10,11.5,0.08695652173913043,0,0,0,0,D: distractor drift
A104,LENS v2 without adaptation,10,26.5,0.03773584905660377,0,0,0,0,D: distractor drift
A104,LENS v2 without CUSUM,10,13.0,0.07692307692307693,0,0,0,0,D: distractor drift
A104,Linear forecast residual (GDN-style),10,5.0,0.2,0,0,0,1,D: distractor drift
A104,Conditional reference (CondAttr-style kNN),10,33.0,0.030303030303030304,0,0,0,0,D: distractor drift
A104,Simple fix: sliding-baseline deviation,10,45.0,0.022222222222222223,0,0,0,0,D: distractor drift
A104,"LENS-U (original, label-free)",10,3.0,0.3333333333333333,0,0,1,1,D: distractor drift
A104,"LENS-SW (state-switched, exploratory)",10,3.0,0.3333333333333333,0,0,1,1,D: distractor drift
A104,Raw deviation |z|,10,64.0,0.015625,0,0,0,0,D: distractor drift
A105,LENS v2 (full),10,41.0,0.024390243902439025,1,0,0,0,D: distractor drift
A105,LENS v2 without own-history term,10,39.0,0.02564102564102564,1,0,0,0,D: distractor drift
A105,LENS v2 without adaptation,10,25.5,0.0392156862745098,1,0,0,0,D: distractor drift
A105,LENS v2 without CUSUM,10,34.0,0.029411764705882353,1,0,0,0,D: distractor drift
A105,Linear forecast residual (GDN-style),10,44.0,0.022727272727272728,1,0,0,0,D: distractor drift
A105,Conditional reference (CondAttr-style kNN),10,28.0,0.03571428571428571,1,0,0,0,D: distractor drift
A105,Simple fix: sliding-baseline deviation,10,13.0,0.07692307692307693,1,0,0,0,D: distractor drift
A105,"LENS-U (original, label-free)",10,46.0,0.021739130434782608,0,0,0,0,D: distractor drift
A105,"LENS-SW (state-switched, exploratory)",10,49.0,0.02040816326530612,0,0,0,0,D: distractor drift
A105,Raw deviation |z|,10,20.0,0.05,1,0,0,0,D: distractor drift
A106,LENS v2 (full),10,26.0,0.038461538461538464,1,0,0,0,D: distractor drift
A106,LENS v2 without own-history term,10,11.0,0.09090909090909091,1,0,0,0,D: distractor drift
A106,LENS v2 without adaptation,10,26.0,0.038461538461538464,1,0,0,0,D: distractor drift
A106,LENS v2 without CUSUM,10,25.0,0.04,1,0,0,0,D: distractor drift
A106,Linear forecast residual (GDN-style),10,26.0,0.038461538461538464,1,0,0,0,D: distractor drift
A106,Conditional reference (CondAttr-style kNN),10,5.0,0.2,1,0,0,1,D: distractor drift
A106,Simple fix: sliding-baseline deviation,10,15.0,0.06666666666666667,0,0,0,0,D: distractor drift
A106,"LENS-U (original, label-free)",10,48.0,0.020833333333333332,0,0,0,0,D: distractor drift
A106,"LENS-SW (state-switched, exploratory)",10,33.0,0.030303030303030304,0,0,0,0,D: distractor drift
A106,Raw deviation |z|,10,30.0,0.03333333333333333,0,0,0,0,D: distractor drift
A107,LENS v2 (full),10,31.0,0.03225806451612903,1,0,0,0,D: distractor drift
A107,LENS v2 without own-history term,10,29.0,0.034482758620689655,1,0,0,0,D: distractor drift
A107,LENS v2 without adaptation,10,26.0,0.038461538461538464,1,0,0,0,D: distractor drift
A107,LENS v2 without CUSUM,10,36.0,0.027777777777777776,1,0,0,0,D: distractor drift
A107,Linear forecast residual (GDN-style),10,51.0,0.0196078431372549,1,0,0,0,D: distractor drift
A107,Conditional reference (CondAttr-style kNN),10,12.0,0.08333333333333333,1,0,0,0,D: distractor drift
A107,Simple fix: sliding-baseline deviation,10,44.0,0.022727272727272728,0,0,0,0,D: distractor drift
A107,"LENS-U (original, label-free)",10,32.0,0.03125,1,0,0,0,D: distractor drift
A107,"LENS-SW (state-switched, exploratory)",10,18.0,0.05555555555555555,0,0,0,0,D: distractor drift
A107,Raw deviation |z|,10,19.0,0.05263157894736842,1,0,0,0,D: distractor drift
A201,LENS v2 (full),10,59.5,0.01680672268907563,1,0,0,0,D: distractor drift
A201,LENS v2 without own-history term,10,58.5,0.017094017094017096,1,0,0,0,D: distractor drift
A201,LENS v2 without adaptation,10,69.0,0.014492753623188406,1,0,0,0,D: distractor drift
A201,LENS v2 without CUSUM,10,53.0,0.018867924528301886,1,0,0,0,D: distractor drift
A201,Linear forecast residual (GDN-style),10,12.0,0.08333333333333333,0,0,0,0,D: distractor drift
A201,Conditional reference (CondAttr-style kNN),10,55.0,0.01818181818181818,1,0,0,0,D: distractor drift
A201,Simple fix: sliding-baseline deviation,10,18.0,0.05555555555555555,1,0,0,0,D: distractor drift
A201,"LENS-U (original, label-free)",10,29.0,0.034482758620689655,0,0,0,0,D: distractor drift
A201,"LENS-SW (state-switched, exploratory)",10,18.0,0.05555555555555555,0,0,0,0,D: distractor drift
A201,Raw deviation |z|,10,47.0,0.02127659574468085,0,0,0,0,D: distractor drift
A202,LENS v2 (full),10,11.5,0.08695652173913043,1,0,0,0,D: distractor drift
A202,LENS v2 without own-history term,10,10.5,0.09523809523809523,1,0,0,0,D: distractor drift
A202,LENS v2 without adaptation,10,24.0,0.041666666666666664,1,0,0,0,D: distractor drift
A202,LENS v2 without CUSUM,10,17.0,0.058823529411764705,1,0,0,0,D: distractor drift
A202,Linear forecast residual (GDN-style),10,12.0,0.08333333333333333,1,0,0,0,D: distractor drift
A202,Conditional reference (CondAttr-style kNN),10,43.0,0.023255813953488372,1,0,0,0,D: distractor drift
A202,Simple fix: sliding-baseline deviation,10,41.0,0.024390243902439025,1,0,0,0,D: distractor drift
A202,"LENS-U (original, label-free)",10,47.0,0.02127659574468085,1,0,0,0,D: distractor drift
A202,"LENS-SW (state-switched, exploratory)",10,31.0,0.03225806451612903,1,0,0,0,D: distractor drift
A202,Raw deviation |z|,10,52.0,0.019230769230769232,0,0,0,0,D: distractor drift
A203,LENS v2 (full),10,26.0,0.038461538461538464,0,0,0,0,D: distractor drift
A203,LENS v2 without own-history term,10,23.0,0.043478260869565216,0,0,0,0,D: distractor drift
A203,LENS v2 without adaptation,10,25.5,0.0392156862745098,0,0,0,0,D: distractor drift
A203,LENS v2 without CUSUM,10,26.0,0.038461538461538464,0,0,0,0,D: distractor drift
A203,Linear forecast residual (GDN-style),10,60.0,0.016666666666666666,0,0,0,0,D: distractor drift
A203,Conditional reference (CondAttr-style kNN),10,14.0,0.07142857142857142,0,0,0,0,D: distractor drift
A203,Simple fix: sliding-baseline deviation,10,69.0,0.014492753623188406,0,0,0,0,D: distractor drift
A203,"LENS-U (original, label-free)",10,54.0,0.018518518518518517,0,0,0,0,D: distractor drift
A203,"LENS-SW (state-switched, exploratory)",10,47.0,0.02127659574468085,0,0,0,0,D: distractor drift
A203,Raw deviation |z|,10,41.0,0.024390243902439025,1,0,0,0,D: distractor drift
A204,LENS v2 (full),10,24.0,0.041666666666666664,1,0,0,0,D: distractor drift
A204,LENS v2 without own-history term,10,22.0,0.045454545454545456,1,0,0,0,D: distractor drift
A204,LENS v2 without adaptation,10,27.0,0.037037037037037035,1,0,0,0,D: distractor drift
A204,LENS v2 without CUSUM,10,24.0,0.041666666666666664,1,0,0,0,D: distractor drift
A204,Linear forecast residual (GDN-style),10,44.0,0.022727272727272728,1,0,0,0,D: distractor drift
A204,Conditional reference (CondAttr-style kNN),10,16.0,0.0625,1,0,0,0,D: distractor drift
A204,Simple fix: sliding-baseline deviation,10,25.0,0.04,1,0,0,0,D: distractor drift
A204,"LENS-U (original, label-free)",10,37.0,0.02702702702702703,0,0,0,0,D: distractor drift
A204,"LENS-SW (state-switched, exploratory)",10,27.0,0.037037037037037035,1,0,0,0,D: distractor drift
A204,Raw deviation |z|,10,44.0,0.022727272727272728,0,0,0,0,D: distractor drift
A205,LENS v2 (full),10,11.5,0.08695652173913043,0,0,0,0,D: distractor drift
A205,LENS v2 without own-history term,10,10.5,0.09523809523809523,0,0,0,0,D: distractor drift
A205,LENS v2 without adaptation,10,26.5,0.03773584905660377,0,0,0,0,D: distractor drift
A205,LENS v2 without CUSUM,10,11.0,0.09090909090909091,0,0,0,0,D: distractor drift
A205,Linear forecast residual (GDN-style),10,5.0,0.2,0,0,0,1,D: distractor drift
A205,Conditional reference (CondAttr-style kNN),10,30.0,0.03333333333333333,0,0,0,0,D: distractor drift
A205,Simple fix: sliding-baseline deviation,10,40.0,0.025,0,0,0,0,D: distractor drift
A205,"LENS-U (original, label-free)",10,4.0,0.25,0,0,0,1,D: distractor drift
A205,"LENS-SW (state-switched, exploratory)",10,3.0,0.3333333333333333,0,0,1,1,D: distractor drift
A205,Raw deviation |z|,10,61.0,0.01639344262295082,0,0,0,0,D: distractor drift
A206,LENS v2 (full),10,23.0,0.043478260869565216,1,0,0,0,D: distractor drift
A206,LENS v2 without own-history term,10,21.0,0.047619047619047616,1,0,0,0,D: distractor drift
A206,LENS v2 without adaptation,10,26.0,0.038461538461538464,1,0,0,0,D: distractor drift
A206,LENS v2 without CUSUM,10,23.0,0.043478260869565216,1,0,0,0,D: distractor drift
A206,Linear forecast residual (GDN-style),10,12.0,0.08333333333333333,1,0,0,0,D: distractor drift
A206,Conditional reference (CondAttr-style kNN),10,23.0,0.043478260869565216,1,0,0,0,D: distractor drift
A206,Simple fix: sliding-baseline deviation,10,27.0,0.037037037037037035,1,0,0,0,D: distractor drift
A206,"LENS-U (original, label-free)",10,42.0,0.023809523809523808,0,0,0,0,D: distractor drift
A206,"LENS-SW (state-switched, exploratory)",10,29.0,0.034482758620689655,0,0,0,0,D: distractor drift
A206,Raw deviation |z|,10,44.0,0.022727272727272728,1,0,0,0,D: distractor drift
A207,LENS v2 (full),10,23.0,0.043478260869565216,1,0,0,0,D: distractor drift
A207,LENS v2 without own-history term,10,21.0,0.047619047619047616,1,0,0,0,D: distractor drift
A207,LENS v2 without adaptation,10,26.5,0.03773584905660377,1,0,0,0,D: distractor drift
A207,LENS v2 without CUSUM,10,23.0,0.043478260869565216,1,0,0,0,D: distractor drift
A207,Linear forecast residual (GDN-style),10,12.0,0.08333333333333333,1,0,0,0,D: distractor drift
A207,Conditional reference (CondAttr-style kNN),10,36.0,0.027777777777777776,1,0,0,0,D: distractor drift
A207,Simple fix: sliding-baseline deviation,10,3.0,0.3333333333333333,1,0,1,1,D: distractor drift
A207,"LENS-U (original, label-free)",10,16.0,0.0625,0,0,0,0,D: distractor drift
A207,"LENS-SW (state-switched, exploratory)",10,15.0,0.06666666666666667,0,0,0,0,D: distractor drift
A207,Raw deviation |z|,10,8.0,0.125,0,0,0,0,D: distractor drift
A208,LENS v2 (full),10,25.0,0.04,0,0,0,0,D: distractor drift
A208,LENS v2 without own-history term,10,24.0,0.041666666666666664,0,0,0,0,D: distractor drift
A208,LENS v2 without adaptation,10,26.0,0.038461538461538464,0,0,0,0,D: distractor drift
A208,LENS v2 without CUSUM,10,20.0,0.05,0,0,0,0,D: distractor drift
A208,Linear forecast residual (GDN-style),10,48.0,0.020833333333333332,0,0,0,0,D: distractor drift
A208,Conditional reference (CondAttr-style kNN),10,17.0,0.058823529411764705,0,0,0,0,D: distractor drift
A208,Simple fix: sliding-baseline deviation,10,26.0,0.038461538461538464,0,0,0,0,D: distractor drift
A208,"LENS-U (original, label-free)",10,41.0,0.024390243902439025,0,0,0,0,D: distractor drift
A208,"LENS-SW (state-switched, exploratory)",10,30.0,0.03333333333333333,0,0,0,0,D: distractor drift
A208,Raw deviation |z|,10,49.0,0.02040816326530612,1,0,0,0,D: distractor drift
A209,LENS v2 (full),10,30.0,0.03333333333333333,1,0,0,0,D: distractor drift
A209,LENS v2 without own-history term,10,30.0,0.03333333333333333,1,0,0,0,D: distractor drift
A209,LENS v2 without adaptation,10,26.0,0.038461538461538464,1,0,0,0,D: distractor drift
A209,LENS v2 without CUSUM,10,36.0,0.027777777777777776,1,0,0,0,D: distractor drift
A209,Linear forecast residual (GDN-style),10,12.0,0.08333333333333333,1,0,0,0,D: distractor drift
A209,Conditional reference (CondAttr-style kNN),10,33.0,0.030303030303030304,1,0,0,0,D: distractor drift
A209,Simple fix: sliding-baseline deviation,10,21.0,0.047619047619047616,1,0,0,0,D: distractor drift
A209,"LENS-U (original, label-free)",10,30.0,0.03333333333333333,0,0,0,0,D: distractor drift
A209,"LENS-SW (state-switched, exploratory)",10,26.0,0.038461538461538464,1,0,0,0,D: distractor drift
A209,Raw deviation |z|,10,22.0,0.045454545454545456,0,0,0,0,D: distractor drift
A210,LENS v2 (full),10,12.0,0.08333333333333333,0,0,0,0,D: distractor drift
A210,LENS v2 without own-history term,10,23.0,0.043478260869565216,0,0,0,0,D: distractor drift
A210,LENS v2 without adaptation,10,25.5,0.0392156862745098,0,0,0,0,D: distractor drift
A210,LENS v2 without CUSUM,10,1.0,1.0,1,1,1,1,D: distractor drift
A210,Linear forecast residual (GDN-style),10,63.0,0.015873015873015872,0,0,0,0,D: distractor drift
A210,Conditional reference (CondAttr-style kNN),10,10.0,0.1,0,0,0,0,D: distractor drift
A210,Simple fix: sliding-baseline deviation,10,69.5,0.014388489208633094,1,0,0,0,D: distractor drift
A210,"LENS-U (original, label-free)",10,40.0,0.025,0,0,0,0,D: distractor drift
A210,"LENS-SW (state-switched, exploratory)",10,31.0,0.03225806451612903,1,0,0,0,D: distractor drift
A210,Raw deviation |z|,10,34.0,0.029411764705882353,0,0,0,0,D: distractor drift
A211,LENS v2 (full),10,31.0,0.03225806451612903,1,0,0,0,D: distractor drift
A211,LENS v2 without own-history term,10,29.0,0.034482758620689655,1,0,0,0,D: distractor drift
A211,LENS v2 without adaptation,10,24.5,0.04081632653061224,1,0,0,0,D: distractor drift
A211,LENS v2 without CUSUM,10,29.0,0.034482758620689655,0,0,0,0,D: distractor drift
A211,Linear forecast residual (GDN-style),10,16.0,0.0625,1,0,0,0,D: distractor drift
A211,Conditional reference (CondAttr-style kNN),10,33.0,0.030303030303030304,1,0,0,0,D: distractor drift
A211,Simple fix: sliding-baseline deviation,10,16.0,0.0625,1,0,0,0,D: distractor drift
A211,"LENS-U (original, label-free)",10,29.0,0.034482758620689655,0,0,0,0,D: distractor drift
A211,"LENS-SW (state-switched, exploratory)",10,19.0,0.05263157894736842,0,0,0,0,D: distractor drift
A211,Raw deviation |z|,10,43.0,0.023255813953488372,0,0,0,0,D: distractor drift
A212,LENS v2 (full),10,12.0,0.08333333333333333,0,0,0,0,D: distractor drift
A212,LENS v2 without own-history term,10,12.0,0.08333333333333333,0,0,0,0,D: distractor drift
A212,LENS v2 without adaptation,10,27.0,0.037037037037037035,0,0,0,0,D: distractor drift
A212,LENS v2 without CUSUM,10,13.0,0.07692307692307693,0,0,0,0,D: distractor drift
A212,Linear forecast residual (GDN-style),10,5.5,0.18181818181818182,0,0,0,0,D: distractor drift
A212,Conditional reference (CondAttr-style kNN),10,16.0,0.0625,0,0,0,0,D: distractor drift
A212,Simple fix: sliding-baseline deviation,10,34.0,0.029411764705882353,0,0,0,0,D: distractor drift
A212,"LENS-U (original, label-free)",10,4.0,0.25,0,0,0,1,D: distractor drift
A212,"LENS-SW (state-switched, exploratory)",10,5.0,0.2,0,0,0,1,D: distractor drift
A212,Raw deviation |z|,10,53.0,0.018867924528301886,0,0,0,0,D: distractor drift
A213,LENS v2 (full),10,59.0,0.01694915254237288,1,0,0,0,D: distractor drift
A213,LENS v2 without own-history term,10,11.5,0.08695652173913043,1,0,0,0,D: distractor drift
A213,LENS v2 without adaptation,10,53.0,0.018867924528301886,1,0,0,0,D: distractor drift
A213,LENS v2 without CUSUM,10,52.0,0.019230769230769232,1,0,0,0,D: distractor drift
A213,Linear forecast residual (GDN-style),10,26.0,0.038461538461538464,1,0,0,0,D: distractor drift
A213,Conditional reference (CondAttr-style kNN),10,4.0,0.25,1,0,0,1,D: distractor drift
A213,Simple fix: sliding-baseline deviation,10,1.0,1.0,1,1,1,1,D: distractor drift
A213,"LENS-U (original, label-free)",10,12.0,0.08333333333333333,0,0,0,0,D: distractor drift
A213,"LENS-SW (state-switched, exploratory)",10,6.0,0.16666666666666666,0,0,0,0,D: distractor drift
A213,Raw deviation |z|,10,6.0,0.16666666666666666,0,0,0,0,D: distractor drift
A214,LENS v2 (full),10,12.5,0.08,0,0,0,0,D: distractor drift
A214,LENS v2 without own-history term,10,11.5,0.08695652173913043,0,0,0,0,D: distractor drift
A214,LENS v2 without adaptation,10,26.5,0.03773584905660377,0,0,0,0,D: distractor drift
A214,LENS v2 without CUSUM,10,14.0,0.07142857142857142,0,0,0,0,D: distractor drift
A214,Linear forecast residual (GDN-style),10,5.5,0.18181818181818182,0,0,0,0,D: distractor drift
A214,Conditional reference (CondAttr-style kNN),10,43.0,0.023255813953488372,0,0,0,0,D: distractor drift
A214,Simple fix: sliding-baseline deviation,10,5.0,0.2,0,0,0,1,D: distractor drift
A214,"LENS-U (original, label-free)",10,4.0,0.25,0,0,0,1,D: distractor drift
A214,"LENS-SW (state-switched, exploratory)",10,1.0,1.0,1,1,1,1,D: distractor drift
A214,Raw deviation |z|,10,25.0,0.04,0,0,0,0,D: distractor drift
A215,LENS v2 (full),10,11.5,0.08695652173913043,1,0,0,0,D: distractor drift
A215,LENS v2 without own-history term,10,11.0,0.09090909090909091,1,0,0,0,D: distractor drift
A215,LENS v2 without adaptation,10,26.5,0.03773584905660377,1,0,0,0,D: distractor drift
A215,LENS v2 without CUSUM,10,11.0,0.09090909090909091,0,0,0,0,D: distractor drift
A215,Linear forecast residual (GDN-style),10,5.5,0.18181818181818182,1,0,0,0,D: distractor drift
A215,Conditional reference (CondAttr-style kNN),10,11.0,0.09090909090909091,1,0,0,0,D: distractor drift
A215,Simple fix: sliding-baseline deviation,10,39.0,0.02564102564102564,1,0,0,0,D: distractor drift
A215,"LENS-U (original, label-free)",10,23.0,0.043478260869565216,1,0,0,0,D: distractor drift
A215,"LENS-SW (state-switched, exploratory)",10,8.0,0.125,1,0,0,0,D: distractor drift
A215,Raw deviation |z|,10,42.0,0.023809523809523808,0,0,0,0,D: distractor drift
A216,LENS v2 (full),10,12.5,0.08,1,0,0,0,D: distractor drift
A216,LENS v2 without own-history term,10,11.5,0.08695652173913043,1,0,0,0,D: distractor drift
A216,LENS v2 without adaptation,10,27.0,0.037037037037037035,1,0,0,0,D: distractor drift
A216,LENS v2 without CUSUM,10,12.0,0.08333333333333333,1,0,0,0,D: distractor drift
A216,Linear forecast residual (GDN-style),10,12.0,0.08333333333333333,1,0,0,0,D: distractor drift
A216,Conditional reference (CondAttr-style kNN),10,7.0,0.14285714285714285,1,0,0,0,D: distractor drift
A216,Simple fix: sliding-baseline deviation,10,25.0,0.04,1,0,0,0,D: distractor drift
A216,"LENS-U (original, label-free)",10,18.0,0.05555555555555555,0,0,0,0,D: distractor drift
A216,"LENS-SW (state-switched, exploratory)",10,8.0,0.125,0,0,0,0,D: distractor drift
A216,Raw deviation |z|,10,44.0,0.022727272727272728,0,0,0,0,D: distractor drift
A217,LENS v2 (full),10,12.0,0.08333333333333333,1,0,0,0,D: distractor drift
A217,LENS v2 without own-history term,10,11.5,0.08695652173913043,1,0,0,0,D: distractor drift
A217,LENS v2 without adaptation,10,26.5,0.03773584905660377,1,0,0,0,D: distractor drift
A217,LENS v2 without CUSUM,10,15.0,0.06666666666666667,1,0,0,0,D: distractor drift
A217,Linear forecast residual (GDN-style),10,13.0,0.07692307692307693,1,0,0,0,D: distractor drift
A217,Conditional reference (CondAttr-style kNN),10,30.0,0.03333333333333333,1,0,0,0,D: distractor drift
A217,Simple fix: sliding-baseline deviation,10,33.0,0.030303030303030304,1,0,0,0,D: distractor drift
A217,"LENS-U (original, label-free)",10,34.0,0.029411764705882353,0,0,0,0,D: distractor drift
A217,"LENS-SW (state-switched, exploratory)",10,22.0,0.045454545454545456,0,0,0,0,D: distractor drift
A217,Raw deviation |z|,10,39.0,0.02564102564102564,0,0,0,0,D: distractor drift
A301,LENS v2 (full),10,11.0,0.09090909090909091,1,0,0,0,D: distractor drift
A301,LENS v2 without own-history term,10,10.5,0.09523809523809523,1,0,0,0,D: distractor drift
A301,LENS v2 without adaptation,10,19.0,0.05263157894736842,1,0,0,0,D: distractor drift
A301,LENS v2 without CUSUM,10,5.5,0.18181818181818182,1,0,0,0,D: distractor drift
A301,Linear forecast residual (GDN-style),10,5.0,0.2,1,0,0,1,D: distractor drift
A301,Conditional reference (CondAttr-style kNN),10,6.0,0.16666666666666666,1,0,0,0,D: distractor drift
A301,Simple fix: sliding-baseline deviation,10,15.0,0.06666666666666667,1,0,0,0,D: distractor drift
A301,"LENS-U (original, label-free)",10,17.0,0.058823529411764705,1,0,0,0,D: distractor drift
A301,"LENS-SW (state-switched, exploratory)",10,3.0,0.3333333333333333,1,0,1,1,D: distractor drift
A301,Raw deviation |z|,10,34.0,0.029411764705882353,1,0,0,0,D: distractor drift
A302,LENS v2 (full),10,57.0,0.017543859649122806,1,0,0,0,D: distractor drift
A302,LENS v2 without own-history term,10,55.0,0.01818181818181818,1,0,0,0,D: distractor drift
A302,LENS v2 without adaptation,10,26.5,0.03773584905660377,1,0,0,0,D: distractor drift
A302,LENS v2 without CUSUM,10,31.0,0.03225806451612903,1,0,0,0,D: distractor drift
A302,Linear forecast residual (GDN-style),10,18.0,0.05555555555555555,1,0,0,0,D: distractor drift
A302,Conditional reference (CondAttr-style kNN),10,37.0,0.02702702702702703,1,0,0,0,D: distractor drift
A302,Simple fix: sliding-baseline deviation,10,4.0,0.25,1,0,0,1,D: distractor drift
A302,"LENS-U (original, label-free)",10,30.0,0.03333333333333333,0,0,0,0,D: distractor drift
A302,"LENS-SW (state-switched, exploratory)",10,17.0,0.058823529411764705,0,0,0,0,D: distractor drift
A302,Raw deviation |z|,10,21.0,0.047619047619047616,0,0,0,0,D: distractor drift
A303,LENS v2 (full),10,11.0,0.09090909090909091,1,0,0,0,D: distractor drift
A303,LENS v2 without own-history term,10,10.0,0.1,1,0,0,0,D: distractor drift
A303,LENS v2 without adaptation,10,26.0,0.038461538461538464,1,0,0,0,D: distractor drift
A303,LENS v2 without CUSUM,10,10.0,0.1,1,0,0,0,D: distractor drift
A303,Linear forecast residual (GDN-style),10,5.5,0.18181818181818182,1,0,0,0,D: distractor drift
A303,Conditional reference (CondAttr-style kNN),10,22.0,0.045454545454545456,1,0,0,0,D: distractor drift
A303,Simple fix: sliding-baseline deviation,10,1.0,1.0,1,1,1,1,D: distractor drift
A303,"LENS-U (original, label-free)",10,2.0,0.5,0,0,1,1,D: distractor drift
A303,"LENS-SW (state-switched, exploratory)",10,1.0,1.0,1,1,1,1,D: distractor drift
A303,Raw deviation |z|,10,9.0,0.1111111111111111,0,0,0,0,D: distractor drift
A304,LENS v2 (full),10,11.0,0.09090909090909091,1,0,0,0,D: distractor drift
A304,LENS v2 without own-history term,10,10.0,0.1,1,0,0,0,D: distractor drift
A304,LENS v2 without adaptation,10,27.0,0.037037037037037035,1,0,0,0,D: distractor drift
A304,LENS v2 without CUSUM,10,11.0,0.09090909090909091,1,0,0,0,D: distractor drift
A304,Linear forecast residual (GDN-style),10,5.5,0.18181818181818182,1,0,0,0,D: distractor drift
A304,Conditional reference (CondAttr-style kNN),10,13.0,0.07692307692307693,1,0,0,0,D: distractor drift
A304,Simple fix: sliding-baseline deviation,10,6.0,0.16666666666666666,1,0,0,0,D: distractor drift
A304,"LENS-U (original, label-free)",10,8.0,0.125,0,0,0,0,D: distractor drift
A304,"LENS-SW (state-switched, exploratory)",10,7.0,0.14285714285714285,1,0,0,0,D: distractor drift
A304,Raw deviation |z|,10,19.0,0.05263157894736842,0,0,0,0,D: distractor drift
A305,LENS v2 (full),10,11.0,0.09090909090909091,1,0,0,0,D: distractor drift
A305,LENS v2 without own-history term,10,10.0,0.1,1,0,0,0,D: distractor drift
A305,LENS v2 without adaptation,10,24.0,0.041666666666666664,1,0,0,0,D: distractor drift
A305,LENS v2 without CUSUM,10,1.0,1.0,1,1,1,1,D: distractor drift
A305,Linear forecast residual (GDN-style),10,5.5,0.18181818181818182,1,0,0,0,D: distractor drift
A305,Conditional reference (CondAttr-style kNN),10,8.0,0.125,1,0,0,0,D: distractor drift
A305,Simple fix: sliding-baseline deviation,10,1.0,1.0,1,1,1,1,D: distractor drift
A305,"LENS-U (original, label-free)",10,4.0,0.25,0,0,0,1,D: distractor drift
A305,"LENS-SW (state-switched, exploratory)",10,1.0,1.0,1,1,1,1,D: distractor drift
A305,Raw deviation |z|,10,6.0,0.16666666666666666,0,0,0,0,D: distractor drift
A306,LENS v2 (full),10,27.0,0.037037037037037035,1,0,0,0,D: distractor drift
A306,LENS v2 without own-history term,10,23.0,0.043478260869565216,1,0,0,0,D: distractor drift
A306,LENS v2 without adaptation,10,26.0,0.038461538461538464,1,0,0,0,D: distractor drift
A306,LENS v2 without CUSUM,10,24.0,0.041666666666666664,1,0,0,0,D: distractor drift
A306,Linear forecast residual (GDN-style),10,18.0,0.05555555555555555,1,0,0,0,D: distractor drift
A306,Conditional reference (CondAttr-style kNN),10,20.0,0.05,1,0,0,0,D: distractor drift
A306,Simple fix: sliding-baseline deviation,10,3.0,0.3333333333333333,1,0,1,1,D: distractor drift
A306,"LENS-U (original, label-free)",10,33.0,0.030303030303030304,0,0,0,0,D: distractor drift
A306,"LENS-SW (state-switched, exploratory)",10,24.0,0.041666666666666664,0,0,0,0,D: distractor drift
A306,Raw deviation |z|,10,15.0,0.06666666666666667,0,0,0,0,D: distractor drift
A307,LENS v2 (full),10,26.0,0.038461538461538464,1,0,0,0,D: distractor drift
A307,LENS v2 without own-history term,10,24.0,0.041666666666666664,1,0,0,0,D: distractor drift
A307,LENS v2 without adaptation,10,27.0,0.037037037037037035,1,0,0,0,D: distractor drift
A307,LENS v2 without CUSUM,10,29.0,0.034482758620689655,1,0,0,0,D: distractor drift
A307,Linear forecast residual (GDN-style),10,20.0,0.05,1,0,0,0,D: distractor drift
A307,Conditional reference (CondAttr-style kNN),10,43.0,0.023255813953488372,1,0,0,0,D: distractor drift
A307,Simple fix: sliding-baseline deviation,10,45.0,0.022222222222222223,1,0,0,0,D: distractor drift
A307,"LENS-U (original, label-free)",10,17.0,0.058823529411764705,0,0,0,0,D: distractor drift
A307,"LENS-SW (state-switched, exploratory)",10,21.0,0.047619047619047616,0,0,0,0,D: distractor drift
A307,Raw deviation |z|,10,17.0,0.058823529411764705,0,0,0,0,D: distractor drift
A308,LENS v2 (full),10,23.0,0.043478260869565216,1,0,0,0,D: distractor drift
A308,LENS v2 without own-history term,10,10.0,0.1,1,0,0,0,D: distractor drift
A308,LENS v2 without adaptation,10,26.5,0.03773584905660377,1,0,0,0,D: distractor drift
A308,LENS v2 without CUSUM,10,23.0,0.043478260869565216,0,0,0,0,D: distractor drift
A308,Linear forecast residual (GDN-style),10,16.0,0.0625,1,0,0,0,D: distractor drift
A308,Conditional reference (CondAttr-style kNN),10,6.0,0.16666666666666666,1,0,0,0,D: distractor drift
A308,Simple fix: sliding-baseline deviation,10,2.0,0.5,0,0,1,1,D: distractor drift
A308,"LENS-U (original, label-free)",10,36.0,0.027777777777777776,1,0,0,0,D: distractor drift
A308,"LENS-SW (state-switched, exploratory)",10,22.0,0.045454545454545456,0,0,0,0,D: distractor drift
A308,Raw deviation |z|,10,7.0,0.14285714285714285,1,0,0,0,D: distractor drift
A309,LENS v2 (full),10,11.5,0.08695652173913043,1,0,0,0,D: distractor drift
A309,LENS v2 without own-history term,10,11.0,0.09090909090909091,1,0,0,0,D: distractor drift
A309,LENS v2 without adaptation,10,27.0,0.037037037037037035,1,0,0,0,D: distractor drift
A309,LENS v2 without CUSUM,10,12.0,0.08333333333333333,0,0,0,0,D: distractor drift
A309,Linear forecast residual (GDN-style),10,29.0,0.034482758620689655,1,0,0,0,D: distractor drift
A309,Conditional reference (CondAttr-style kNN),10,7.0,0.14285714285714285,1,0,0,0,D: distractor drift
A309,Simple fix: sliding-baseline deviation,10,43.0,0.023255813953488372,1,0,0,0,D: distractor drift
A309,"LENS-U (original, label-free)",10,17.0,0.058823529411764705,0,0,0,0,D: distractor drift
A309,"LENS-SW (state-switched, exploratory)",10,8.0,0.125,0,0,0,0,D: distractor drift
A309,Raw deviation |z|,10,15.0,0.06666666666666667,0,0,0,0,D: distractor drift
A310,LENS v2 (full),10,11.5,0.08695652173913043,0,0,0,0,D: distractor drift
A310,LENS v2 without own-history term,10,11.0,0.09090909090909091,0,0,0,0,D: distractor drift
A310,LENS v2 without adaptation,10,26.0,0.038461538461538464,0,0,0,0,D: distractor drift
A310,LENS v2 without CUSUM,10,13.0,0.07692307692307693,0,0,0,0,D: distractor drift
A310,Linear forecast residual (GDN-style),10,5.5,0.18181818181818182,0,0,0,0,D: distractor drift
A310,Conditional reference (CondAttr-style kNN),10,12.0,0.08333333333333333,0,0,0,0,D: distractor drift
A310,Simple fix: sliding-baseline deviation,10,2.0,0.5,1,0,1,1,D: distractor drift
A310,"LENS-U (original, label-free)",10,6.0,0.16666666666666666,0,0,0,0,D: distractor drift
A310,"LENS-SW (state-switched, exploratory)",10,2.0,0.5,1,0,1,1,D: distractor drift
A310,Raw deviation |z|,10,16.0,0.0625,0,0,0,0,D: distractor drift
A401,LENS v2 (full),10,24.0,0.041666666666666664,0,0,0,0,D: distractor drift
A401,LENS v2 without own-history term,10,25.0,0.04,0,0,0,0,D: distractor drift
A401,LENS v2 without adaptation,10,42.0,0.023809523809523808,0,0,0,0,D: distractor drift
A401,LENS v2 without CUSUM,10,12.0,0.08333333333333333,0,0,0,0,D: distractor drift
A401,Linear forecast residual (GDN-style),10,11.0,0.09090909090909091,0,0,0,0,D: distractor drift
A401,Conditional reference (CondAttr-style kNN),10,2.0,0.5,0,0,1,1,D: distractor drift
A401,Simple fix: sliding-baseline deviation,10,1.0,1.0,1,1,1,1,D: distractor drift
A401,"LENS-U (original, label-free)",10,3.0,0.3333333333333333,0,0,1,1,D: distractor drift
A401,"LENS-SW (state-switched, exploratory)",10,1.0,1.0,1,1,1,1,D: distractor drift
A401,Raw deviation |z|,10,1.0,1.0,1,1,1,1,D: distractor drift
A402,LENS v2 (full),10,56.5,0.017699115044247787,1,0,0,0,D: distractor drift
A402,LENS v2 without own-history term,10,56.0,0.017857142857142856,1,0,0,0,D: distractor drift
A402,LENS v2 without adaptation,10,24.0,0.041666666666666664,1,0,0,0,D: distractor drift
A402,LENS v2 without CUSUM,10,34.0,0.029411764705882353,1,0,0,0,D: distractor drift
A402,Linear forecast residual (GDN-style),10,50.0,0.02,0,0,0,0,D: distractor drift
A402,Conditional reference (CondAttr-style kNN),10,37.0,0.02702702702702703,1,0,0,0,D: distractor drift
A402,Simple fix: sliding-baseline deviation,10,41.0,0.024390243902439025,0,0,0,0,D: distractor drift
A402,"LENS-U (original, label-free)",10,29.0,0.034482758620689655,0,0,0,0,D: distractor drift
A402,"LENS-SW (state-switched, exploratory)",10,17.0,0.058823529411764705,1,0,0,0,D: distractor drift
A402,Raw deviation |z|,10,18.0,0.05555555555555555,0,0,0,0,D: distractor drift
A403,LENS v2 (full),10,59.0,0.01694915254237288,0,0,0,0,D: distractor drift
A403,LENS v2 without own-history term,10,57.0,0.017543859649122806,0,0,0,0,D: distractor drift
A403,LENS v2 without adaptation,10,71.0,0.014084507042253521,0,0,0,0,D: distractor drift
A403,LENS v2 without CUSUM,10,77.5,0.012903225806451613,0,0,0,0,D: distractor drift
A403,Linear forecast residual (GDN-style),10,77.5,0.012903225806451613,0,0,0,0,D: distractor drift
A403,Conditional reference (CondAttr-style kNN),10,76.0,0.013157894736842105,0,0,0,0,D: distractor drift
A403,Simple fix: sliding-baseline deviation,10,69.5,0.014388489208633094,0,0,0,0,D: distractor drift
A403,"LENS-U (original, label-free)",10,77.5,0.012903225806451613,0,0,0,0,D: distractor drift
A403,"LENS-SW (state-switched, exploratory)",10,77.5,0.012903225806451613,0,0,0,0,D: distractor drift
A403,Raw deviation |z|,10,77.5,0.012903225806451613,0,0,0,0,D: distractor drift
A404,LENS v2 (full),10,11.5,0.08695652173913043,0,0,0,0,D: distractor drift
A404,LENS v2 without own-history term,10,10.5,0.09523809523809523,0,0,0,0,D: distractor drift
A404,LENS v2 without adaptation,10,25.5,0.0392156862745098,0,0,0,0,D: distractor drift
A404,LENS v2 without CUSUM,10,7.0,0.14285714285714285,0,0,0,0,D: distractor drift
A404,Linear forecast residual (GDN-style),10,5.5,0.18181818181818182,0,0,0,0,D: distractor drift
A404,Conditional reference (CondAttr-style kNN),10,25.0,0.04,0,0,0,0,D: distractor drift
A404,Simple fix: sliding-baseline deviation,10,9.0,0.1111111111111111,0,0,0,0,D: distractor drift
A404,"LENS-U (original, label-free)",10,3.0,0.3333333333333333,0,0,1,1,D: distractor drift
A404,"LENS-SW (state-switched, exploratory)",10,1.0,1.0,1,1,1,1,D: distractor drift
A404,Raw deviation |z|,10,34.0,0.029411764705882353,0,0,0,0,D: distractor drift
A405,LENS v2 (full),10,58.5,0.017094017094017096,1,0,0,0,D: distractor drift
A405,LENS v2 without own-history term,10,57.5,0.017391304347826087,1,0,0,0,D: distractor drift
A405,LENS v2 without adaptation,10,70.5,0.014184397163120567,1,0,0,0,D: distractor drift
A405,LENS v2 without CUSUM,10,61.0,0.01639344262295082,1,0,0,0,D: distractor drift
A405,Linear forecast residual (GDN-style),10,44.0,0.022727272727272728,1,0,0,0,D: distractor drift
A405,Conditional reference (CondAttr-style kNN),10,40.0,0.025,1,0,0,0,D: distractor drift
A405,Simple fix: sliding-baseline deviation,10,69.5,0.014388489208633094,0,0,0,0,D: distractor drift
A405,"LENS-U (original, label-free)",10,47.0,0.02127659574468085,1,0,0,0,D: distractor drift
A405,"LENS-SW (state-switched, exploratory)",10,35.0,0.02857142857142857,0,0,0,0,D: distractor drift
A405,Raw deviation |z|,10,19.0,0.05263157894736842,1,0,0,0,D: distractor drift
A406,LENS v2 (full),10,11.5,0.08695652173913043,1,0,0,0,D: distractor drift
A406,LENS v2 without own-history term,10,11.0,0.09090909090909091,1,0,0,0,D: distractor drift
A406,LENS v2 without adaptation,10,26.0,0.038461538461538464,1,0,0,0,D: distractor drift
A406,LENS v2 without CUSUM,10,12.0,0.08333333333333333,1,0,0,0,D: distractor drift
A406,Linear forecast residual (GDN-style),10,5.5,0.18181818181818182,1,0,0,0,D: distractor drift
A406,Conditional reference (CondAttr-style kNN),10,28.0,0.03571428571428571,1,0,0,0,D: distractor drift
A406,Simple fix: sliding-baseline deviation,10,42.0,0.023809523809523808,1,0,0,0,D: distractor drift
A406,"LENS-U (original, label-free)",10,7.0,0.14285714285714285,0,0,0,0,D: distractor drift
A406,"LENS-SW (state-switched, exploratory)",10,3.0,0.3333333333333333,0,0,1,1,D: distractor drift
A406,Raw deviation |z|,10,15.0,0.06666666666666667,0,0,0,0,D: distractor drift
A407,LENS v2 (full),10,11.5,0.08695652173913043,1,0,0,0,D: distractor drift
A407,LENS v2 without own-history term,10,11.0,0.09090909090909091,1,0,0,0,D: distractor drift
A407,LENS v2 without adaptation,10,27.0,0.037037037037037035,1,0,0,0,D: distractor drift
A407,LENS v2 without CUSUM,10,16.0,0.0625,1,0,0,0,D: distractor drift
A407,Linear forecast residual (GDN-style),10,13.0,0.07692307692307693,1,0,0,0,D: distractor drift
A407,Conditional reference (CondAttr-style kNN),10,46.0,0.021739130434782608,1,0,0,0,D: distractor drift
A407,Simple fix: sliding-baseline deviation,10,43.0,0.023255813953488372,1,0,0,0,D: distractor drift
A407,"LENS-U (original, label-free)",10,36.0,0.027777777777777776,1,0,0,0,D: distractor drift
A407,"LENS-SW (state-switched, exploratory)",10,27.0,0.037037037037037035,0,0,0,0,D: distractor drift
A407,Raw deviation |z|,10,61.0,0.01639344262295082,1,0,0,0,D: distractor drift
A408,LENS v2 (full),10,24.0,0.041666666666666664,1,0,0,0,D: distractor drift
A408,LENS v2 without own-history term,10,23.0,0.043478260869565216,1,0,0,0,D: distractor drift
A408,LENS v2 without adaptation,10,26.5,0.03773584905660377,1,0,0,0,D: distractor drift
A408,LENS v2 without CUSUM,10,24.0,0.041666666666666664,1,0,0,0,D: distractor drift
A408,Linear forecast residual (GDN-style),10,17.0,0.058823529411764705,1,0,0,0,D: distractor drift
A408,Conditional reference (CondAttr-style kNN),10,26.0,0.038461538461538464,1,0,0,0,D: distractor drift
A408,Simple fix: sliding-baseline deviation,10,14.0,0.07142857142857142,0,0,0,0,D: distractor drift
A408,"LENS-U (original, label-free)",10,9.0,0.1111111111111111,1,0,0,0,D: distractor drift
A408,"LENS-SW (state-switched, exploratory)",10,12.0,0.08333333333333333,0,0,0,0,D: distractor drift
A408,Raw deviation |z|,10,9.0,0.1111111111111111,0,0,0,0,D: distractor drift
A409,LENS v2 (full),10,24.0,0.041666666666666664,1,0,0,0,D: distractor drift
A409,LENS v2 without own-history term,10,24.0,0.041666666666666664,1,0,0,0,D: distractor drift
A409,LENS v2 without adaptation,10,26.0,0.038461538461538464,1,0,0,0,D: distractor drift
A409,LENS v2 without CUSUM,10,1.0,1.0,1,1,1,1,D: distractor drift
A409,Linear forecast residual (GDN-style),10,12.0,0.08333333333333333,1,0,0,0,D: distractor drift
A409,Conditional reference (CondAttr-style kNN),10,11.0,0.09090909090909091,1,0,0,0,D: distractor drift
A409,Simple fix: sliding-baseline deviation,10,1.0,1.0,1,1,1,1,D: distractor drift
A409,"LENS-U (original, label-free)",10,3.0,0.3333333333333333,0,0,1,1,D: distractor drift
A409,"LENS-SW (state-switched, exploratory)",10,1.0,1.0,1,1,1,1,D: distractor drift
A409,Raw deviation |z|,10,6.0,0.16666666666666666,0,0,0,0,D: distractor drift
A410,LENS v2 (full),10,12.0,0.08333333333333333,1,0,0,0,D: distractor drift
A410,LENS v2 without own-history term,10,12.0,0.08333333333333333,1,0,0,0,D: distractor drift
A410,LENS v2 without adaptation,10,25.5,0.0392156862745098,1,0,0,0,D: distractor drift
A410,LENS v2 without CUSUM,10,12.0,0.08333333333333333,1,0,0,0,D: distractor drift
A410,Linear forecast residual (GDN-style),10,5.5,0.18181818181818182,1,0,0,0,D: distractor drift
A410,Conditional reference (CondAttr-style kNN),10,7.0,0.14285714285714285,1,0,0,0,D: distractor drift
A410,Simple fix: sliding-baseline deviation,10,25.0,0.04,1,0,0,0,D: distractor drift
A410,"LENS-U (original, label-free)",10,10.0,0.1,0,0,0,0,D: distractor drift
A410,"LENS-SW (state-switched, exploratory)",10,3.0,0.3333333333333333,0,0,1,1,D: distractor drift
A410,Raw deviation |z|,10,22.0,0.045454545454545456,1,0,0,0,D: distractor drift
A411,LENS v2 (full),10,62.5,0.016,1,0,0,0,D: distractor drift
A411,LENS v2 without own-history term,10,12.0,0.08333333333333333,1,0,0,0,D: distractor drift
A411,LENS v2 without adaptation,10,52.0,0.019230769230769232,1,0,0,0,D: distractor drift
A411,LENS v2 without CUSUM,10,32.0,0.03125,1,0,0,0,D: distractor drift
A411,Linear forecast residual (GDN-style),10,26.0,0.038461538461538464,1,0,0,0,D: distractor drift
A411,Conditional reference (CondAttr-style kNN),10,4.0,0.25,1,0,0,1,D: distractor drift
A411,Simple fix: sliding-baseline deviation,10,1.0,1.0,1,1,1,1,D: distractor drift
A411,"LENS-U (original, label-free)",10,12.0,0.08333333333333333,1,0,0,0,D: distractor drift
A411,"LENS-SW (state-switched, exploratory)",10,10.0,0.1,1,0,0,0,D: distractor drift
A411,Raw deviation |z|,10,6.0,0.16666666666666666,1,0,0,0,D: distractor drift
A412,LENS v2 (full),10,37.0,0.02702702702702703,1,0,0,0,D: distractor drift
A412,LENS v2 without own-history term,10,36.0,0.027777777777777776,1,0,0,0,D: distractor drift
A412,LENS v2 without adaptation,10,26.5,0.03773584905660377,1,0,0,0,D: distractor drift
A412,LENS v2 without CUSUM,10,40.0,0.025,0,0,0,0,D: distractor drift
A412,Linear forecast residual (GDN-style),10,12.0,0.08333333333333333,1,0,0,0,D: distractor drift
A412,Conditional reference (CondAttr-style kNN),10,24.0,0.041666666666666664,1,0,0,0,D: distractor drift
A412,Simple fix: sliding-baseline deviation,10,12.0,0.08333333333333333,0,0,0,0,D: distractor drift
A412,"LENS-U (original, label-free)",10,16.0,0.0625,0,0,0,0,D: distractor drift
A412,"LENS-SW (state-switched, exploratory)",10,20.0,0.05,0,0,0,0,D: distractor drift
A412,Raw deviation |z|,10,8.0,0.125,0,0,0,0,D: distractor drift
A413,LENS v2 (full),10,24.0,0.041666666666666664,1,0,0,0,D: distractor drift
A413,LENS v2 without own-history term,10,24.0,0.041666666666666664,1,0,0,0,D: distractor drift
A413,LENS v2 without adaptation,10,25.5,0.0392156862745098,1,0,0,0,D: distractor drift
A413,LENS v2 without CUSUM,10,22.0,0.045454545454545456,1,0,0,0,D: distractor drift
A413,Linear forecast residual (GDN-style),10,19.0,0.05263157894736842,1,0,0,0,D: distractor drift
A413,Conditional reference (CondAttr-style kNN),10,27.0,0.037037037037037035,1,0,0,0,D: distractor drift
A413,Simple fix: sliding-baseline deviation,10,4.0,0.25,0,0,0,1,D: distractor drift
A413,"LENS-U (original, label-free)",10,10.0,0.1,1,0,0,0,D: distractor drift
A413,"LENS-SW (state-switched, exploratory)",10,10.0,0.1,1,0,0,0,D: distractor drift
A413,Raw deviation |z|,10,9.0,0.1111111111111111,1,0,0,0,D: distractor drift
A414,LENS v2 (full),10,11.5,0.08695652173913043,0,0,0,0,D: distractor drift
A414,LENS v2 without own-history term,10,11.5,0.08695652173913043,0,0,0,0,D: distractor drift
A414,LENS v2 without adaptation,10,26.0,0.038461538461538464,0,0,0,0,D: distractor drift
A414,LENS v2 without CUSUM,10,14.0,0.07142857142857142,0,0,0,0,D: distractor drift
A414,Linear forecast residual (GDN-style),10,5.5,0.18181818181818182,0,0,0,0,D: distractor drift
A414,Conditional reference (CondAttr-style kNN),10,20.0,0.05,0,0,0,0,D: distractor drift
A414,Simple fix: sliding-baseline deviation,10,19.0,0.05263157894736842,1,0,0,0,D: distractor drift
A414,"LENS-U (original, label-free)",10,5.0,0.2,0,0,0,1,D: distractor drift
A414,"LENS-SW (state-switched, exploratory)",10,3.0,0.3333333333333333,1,0,1,1,D: distractor drift
A414,Raw deviation |z|,10,40.0,0.025,0,0,0,0,D: distractor drift
A415,LENS v2 (full),10,59.5,0.01680672268907563,0,0,0,0,D: distractor drift
A415,LENS v2 without own-history term,10,60.0,0.016666666666666666,0,0,0,0,D: distractor drift
A415,LENS v2 without adaptation,10,72.5,0.013793103448275862,0,0,0,0,D: distractor drift
A415,LENS v2 without CUSUM,10,77.5,0.012903225806451613,0,0,0,0,D: distractor drift
A415,Linear forecast residual (GDN-style),10,77.5,0.012903225806451613,0,0,0,0,D: distractor drift
A415,Conditional reference (CondAttr-style kNN),10,76.0,0.013157894736842105,0,0,0,0,D: distractor drift
A415,Simple fix: sliding-baseline deviation,10,69.5,0.014388489208633094,0,0,0,0,D: distractor drift
A415,"LENS-U (original, label-free)",10,77.5,0.012903225806451613,0,0,0,0,D: distractor drift
A415,"LENS-SW (state-switched, exploratory)",10,77.5,0.012903225806451613,0,0,0,0,D: distractor drift
A415,Raw deviation |z|,10,77.5,0.012903225806451613,0,0,0,0,D: distractor drift
A416,LENS v2 (full),10,11.5,0.08695652173913043,1,0,0,0,D: distractor drift
A416,LENS v2 without own-history term,10,11.5,0.08695652173913043,1,0,0,0,D: distractor drift
A416,LENS v2 without adaptation,10,27.0,0.037037037037037035,1,0,0,0,D: distractor drift
A416,LENS v2 without CUSUM,10,11.0,0.09090909090909091,1,0,0,0,D: distractor drift
A416,Linear forecast residual (GDN-style),10,5.5,0.18181818181818182,1,0,0,0,D: distractor drift
A416,Conditional reference (CondAttr-style kNN),10,17.0,0.058823529411764705,1,0,0,0,D: distractor drift
A416,Simple fix: sliding-baseline deviation,10,28.0,0.03571428571428571,1,0,0,0,D: distractor drift
A416,"LENS-U (original, label-free)",10,19.0,0.05263157894736842,0,0,0,0,D: distractor drift
A416,"LENS-SW (state-switched, exploratory)",10,12.0,0.08333333333333333,0,0,0,0,D: distractor drift
A416,Raw deviation |z|,10,35.0,0.02857142857142857,0,0,0,0,D: distractor drift
A417,LENS v2 (full),10,58.0,0.017241379310344827,1,0,0,0,D: distractor drift
A417,LENS v2 without own-history term,10,58.0,0.017241379310344827,1,0,0,0,D: distractor drift
A417,LENS v2 without adaptation,10,26.0,0.038461538461538464,1,0,0,0,D: distractor drift
A417,LENS v2 without CUSUM,10,36.0,0.027777777777777776,1,0,0,0,D: distractor drift
A417,Linear forecast residual (GDN-style),10,61.0,0.01639344262295082,1,0,0,0,D: distractor drift
A417,Conditional reference (CondAttr-style kNN),10,8.0,0.125,1,0,0,0,D: distractor drift
A417,Simple fix: sliding-baseline deviation,10,69.5,0.014388489208633094,1,0,0,0,D: distractor drift
A417,"LENS-U (original, label-free)",10,55.0,0.01818181818181818,0,0,0,0,D: distractor drift
A417,"LENS-SW (state-switched, exploratory)",10,52.0,0.019230769230769232,1,0,0,0,D: distractor drift
A417,Raw deviation |z|,10,49.0,0.02040816326530612,0,0,0,0,D: distractor drift
A418,LENS v2 (full),10,24.0,0.041666666666666664,1,0,0,0,D: distractor drift
A418,LENS v2 without own-history term,10,27.0,0.037037037037037035,1,0,0,0,D: distractor drift
A418,LENS v2 without adaptation,10,26.0,0.038461538461538464,1,0,0,0,D: distractor drift
A418,LENS v2 without CUSUM,10,26.0,0.038461538461538464,1,0,0,0,D: distractor drift
A418,Linear forecast residual (GDN-style),10,12.0,0.08333333333333333,1,0,0,0,D: distractor drift
A418,Conditional reference (CondAttr-style kNN),10,28.0,0.03571428571428571,1,0,0,0,D: distractor drift
A418,Simple fix: sliding-baseline deviation,10,27.0,0.037037037037037035,1,0,0,0,D: distractor drift
A418,"LENS-U (original, label-free)",10,37.0,0.02702702702702703,0,0,0,0,D: distractor drift
A418,"LENS-SW (state-switched, exploratory)",10,42.0,0.023809523809523808,0,0,0,0,D: distractor drift
A418,Raw deviation |z|,10,61.0,0.01639344262295082,0,0,0,0,D: distractor drift
A419,LENS v2 (full),10,11.5,0.08695652173913043,1,0,0,0,D: distractor drift
A419,LENS v2 without own-history term,10,11.0,0.09090909090909091,1,0,0,0,D: distractor drift
A419,LENS v2 without adaptation,10,26.5,0.03773584905660377,1,0,0,0,D: distractor drift
A419,LENS v2 without CUSUM,10,13.0,0.07692307692307693,0,0,0,0,D: distractor drift
A419,Linear forecast residual (GDN-style),10,5.5,0.18181818181818182,1,0,0,0,D: distractor drift
A419,Conditional reference (CondAttr-style kNN),10,24.0,0.041666666666666664,1,0,0,0,D: distractor drift
A419,Simple fix: sliding-baseline deviation,10,20.0,0.05,1,0,0,0,D: distractor drift
A419,"LENS-U (original, label-free)",10,5.0,0.2,0,0,0,1,D: distractor drift
A419,"LENS-SW (state-switched, exploratory)",10,2.0,0.5,1,0,1,1,D: distractor drift
A419,Raw deviation |z|,10,36.0,0.027777777777777776,0,0,0,0,D: distractor drift
A420,LENS v2 (full),10,24.0,0.041666666666666664,1,0,0,0,D: distractor drift
A420,LENS v2 without own-history term,10,24.0,0.041666666666666664,1,0,0,0,D: distractor drift
A420,LENS v2 without adaptation,10,54.0,0.018518518518518517,1,0,0,0,D: distractor drift
A420,LENS v2 without CUSUM,10,2.0,0.5,1,0,1,1,D: distractor drift
A420,Linear forecast residual (GDN-style),10,18.0,0.05555555555555555,1,0,0,0,D: distractor drift
A420,Conditional reference (CondAttr-style kNN),10,28.0,0.03571428571428571,1,0,0,0,D: distractor drift
A420,Simple fix: sliding-baseline deviation,10,12.0,0.08333333333333333,1,0,0,0,D: distractor drift
A420,"LENS-U (original, label-free)",10,16.0,0.0625,0,0,0,0,D: distractor drift
A420,"LENS-SW (state-switched, exploratory)",10,7.0,0.14285714285714285,0,0,0,0,D: distractor drift
A420,Raw deviation |z|,10,16.0,0.0625,0,0,0,0,D: distractor drift
A421,LENS v2 (full),10,25.0,0.04,1,0,0,0,D: distractor drift
A421,LENS v2 without own-history term,10,10.5,0.09523809523809523,1,0,0,0,D: distractor drift
A421,LENS v2 without adaptation,10,50.0,0.02,1,0,0,0,D: distractor drift
A421,LENS v2 without CUSUM,10,2.0,0.5,1,0,1,1,D: distractor drift
A421,Linear forecast residual (GDN-style),10,26.0,0.038461538461538464,1,0,0,0,D: distractor drift
A421,Conditional reference (CondAttr-style kNN),10,8.0,0.125,1,0,0,0,D: distractor drift
A421,Simple fix: sliding-baseline deviation,10,5.0,0.2,0,0,0,1,D: distractor drift
A421,"LENS-U (original, label-free)",10,48.0,0.020833333333333332,1,0,0,0,D: distractor drift
A421,"LENS-SW (state-switched, exploratory)",10,33.0,0.030303030303030304,0,0,0,0,D: distractor drift
A421,Raw deviation |z|,10,29.0,0.034482758620689655,1,0,0,0,D: distractor drift
A422,LENS v2 (full),10,23.0,0.043478260869565216,1,0,0,0,D: distractor drift
A422,LENS v2 without own-history term,10,23.0,0.043478260869565216,1,0,0,0,D: distractor drift
A422,LENS v2 without adaptation,10,25.5,0.0392156862745098,1,0,0,0,D: distractor drift
A422,LENS v2 without CUSUM,10,23.0,0.043478260869565216,1,0,0,0,D: distractor drift
A422,Linear forecast residual (GDN-style),10,12.0,0.08333333333333333,1,0,0,0,D: distractor drift
A422,Conditional reference (CondAttr-style kNN),10,15.0,0.06666666666666667,1,0,0,0,D: distractor drift
A422,Simple fix: sliding-baseline deviation,10,19.0,0.05263157894736842,1,0,0,0,D: distractor drift
A422,"LENS-U (original, label-free)",10,41.0,0.024390243902439025,1,0,0,0,D: distractor drift
A422,"LENS-SW (state-switched, exploratory)",10,28.0,0.03571428571428571,0,0,0,0,D: distractor drift
A422,Raw deviation |z|,10,32.0,0.03125,1,0,0,0,D: distractor drift
A423,LENS v2 (full),10,11.5,0.08695652173913043,1,0,0,0,D: distractor drift
A423,LENS v2 without own-history term,10,11.0,0.09090909090909091,1,0,0,0,D: distractor drift
A423,LENS v2 without adaptation,10,26.0,0.038461538461538464,1,0,0,0,D: distractor drift
A423,LENS v2 without CUSUM,10,14.0,0.07142857142857142,1,0,0,0,D: distractor drift
A423,Linear forecast residual (GDN-style),10,28.0,0.03571428571428571,1,0,0,0,D: distractor drift
A423,Conditional reference (CondAttr-style kNN),10,12.0,0.08333333333333333,1,0,0,0,D: distractor drift
A423,Simple fix: sliding-baseline deviation,10,16.0,0.0625,1,0,0,0,D: distractor drift
A423,"LENS-U (original, label-free)",10,24.0,0.041666666666666664,0,0,0,0,D: distractor drift
A423,"LENS-SW (state-switched, exploratory)",10,10.0,0.1,0,0,0,0,D: distractor drift
A423,Raw deviation |z|,10,32.0,0.03125,0,0,0,0,D: distractor drift
A424,LENS v2 (full),10,11.5,0.08695652173913043,1,0,0,0,D: distractor drift
A424,LENS v2 without own-history term,10,11.0,0.09090909090909091,1,0,0,0,D: distractor drift
A424,LENS v2 without adaptation,10,26.0,0.038461538461538464,1,0,0,0,D: distractor drift
A424,LENS v2 without CUSUM,10,13.0,0.07692307692307693,1,0,0,0,D: distractor drift
A424,Linear forecast residual (GDN-style),10,13.0,0.07692307692307693,1,0,0,0,D: distractor drift
A424,Conditional reference (CondAttr-style kNN),10,13.0,0.07692307692307693,1,0,0,0,D: distractor drift
A424,Simple fix: sliding-baseline deviation,10,12.0,0.08333333333333333,0,0,0,0,D: distractor drift
A424,"LENS-U (original, label-free)",10,7.0,0.14285714285714285,1,0,0,0,D: distractor drift
A424,"LENS-SW (state-switched, exploratory)",10,12.0,0.08333333333333333,0,0,0,0,D: distractor drift
A424,Raw deviation |z|,10,18.0,0.05555555555555555,0,0,0,0,D: distractor drift
A101,LENS v2 (full),0,4.0,0.25,1,0,0,1,T: target pre-drift
A101,LENS v2 without own-history term,0,4.0,0.25,1,0,0,1,T: target pre-drift
A101,LENS v2 without adaptation,0,11.0,0.09090909090909091,1,0,0,0,T: target pre-drift
A101,LENS v2 without CUSUM,0,2.0,0.5,0,0,1,1,T: target pre-drift
A101,Linear forecast residual (GDN-style),0,2.0,0.5,1,0,1,1,T: target pre-drift
A101,Conditional reference (CondAttr-style kNN),0,18.0,0.05555555555555555,1,0,0,0,T: target pre-drift
A101,Simple fix: sliding-baseline deviation,0,22.0,0.045454545454545456,1,0,0,0,T: target pre-drift
A101,"LENS-U (original, label-free)",0,6.0,0.16666666666666666,0,0,0,0,T: target pre-drift
A101,"LENS-SW (state-switched, exploratory)",0,1.0,1.0,1,1,1,1,T: target pre-drift
A101,Raw deviation |z|,0,2.0,0.5,1,0,1,1,T: target pre-drift
A102,LENS v2 (full),0,1.0,1.0,1,1,1,1,T: target pre-drift
A102,LENS v2 without own-history term,0,2.0,0.5,1,0,1,1,T: target pre-drift
A102,LENS v2 without adaptation,0,10.0,0.1,1,0,0,0,T: target pre-drift
A102,LENS v2 without CUSUM,0,1.0,1.0,1,1,1,1,T: target pre-drift
A102,Linear forecast residual (GDN-style),0,1.0,1.0,1,1,1,1,T: target pre-drift
A102,Conditional reference (CondAttr-style kNN),0,9.0,0.1111111111111111,1,0,0,0,T: target pre-drift
A102,Simple fix: sliding-baseline deviation,0,1.0,1.0,1,1,1,1,T: target pre-drift
A102,"LENS-U (original, label-free)",0,2.0,0.5,1,0,1,1,T: target pre-drift
A102,"LENS-SW (state-switched, exploratory)",0,1.0,1.0,1,1,1,1,T: target pre-drift
A102,Raw deviation |z|,0,2.0,0.5,1,0,1,1,T: target pre-drift
A103,LENS v2 (full),0,1.0,1.0,1,1,1,1,T: target pre-drift
A103,LENS v2 without own-history term,0,2.0,0.5,1,0,1,1,T: target pre-drift
A103,LENS v2 without adaptation,0,8.0,0.125,1,0,0,0,T: target pre-drift
A103,LENS v2 without CUSUM,0,1.0,1.0,1,1,1,1,T: target pre-drift
A103,Linear forecast residual (GDN-style),0,2.0,0.5,1,0,1,1,T: target pre-drift
A103,Conditional reference (CondAttr-style kNN),0,11.0,0.09090909090909091,1,0,0,0,T: target pre-drift
A103,Simple fix: sliding-baseline deviation,0,10.0,0.1,0,0,0,0,T: target pre-drift
A103,"LENS-U (original, label-free)",0,8.0,0.125,1,0,0,0,T: target pre-drift
A103,"LENS-SW (state-switched, exploratory)",0,5.0,0.2,1,0,0,1,T: target pre-drift
A103,Raw deviation |z|,0,17.0,0.058823529411764705,1,0,0,0,T: target pre-drift
A104,LENS v2 (full),0,5.0,0.2,0,0,0,1,T: target pre-drift
A104,LENS v2 without own-history term,0,4.0,0.25,0,0,0,1,T: target pre-drift
A104,LENS v2 without adaptation,0,14.0,0.07142857142857142,0,0,0,0,T: target pre-drift
A104,LENS v2 without CUSUM,0,3.0,0.3333333333333333,0,0,1,1,T: target pre-drift
A104,Linear forecast residual (GDN-style),0,7.0,0.14285714285714285,0,0,0,0,T: target pre-drift
A104,Conditional reference (CondAttr-style kNN),0,17.0,0.058823529411764705,0,0,0,0,T: target pre-drift
A104,Simple fix: sliding-baseline deviation,0,45.0,0.022222222222222223,0,0,0,0,T: target pre-drift
A104,"LENS-U (original, label-free)",0,1.0,1.0,1,1,1,1,T: target pre-drift
A104,"LENS-SW (state-switched, exploratory)",0,2.0,0.5,0,0,1,1,T: target pre-drift
A104,Raw deviation |z|,0,64.0,0.015625,0,0,0,0,T: target pre-drift
A105,LENS v2 (full),0,30.0,0.03333333333333333,1,0,0,0,T: target pre-drift
A105,LENS v2 without own-history term,0,25.0,0.04,1,0,0,0,T: target pre-drift
A105,LENS v2 without adaptation,0,26.0,0.038461538461538464,1,0,0,0,T: target pre-drift
A105,LENS v2 without CUSUM,0,24.0,0.041666666666666664,1,0,0,0,T: target pre-drift
A105,Linear forecast residual (GDN-style),0,55.0,0.01818181818181818,1,0,0,0,T: target pre-drift
A105,Conditional reference (CondAttr-style kNN),0,10.0,0.1,1,0,0,0,T: target pre-drift
A105,Simple fix: sliding-baseline deviation,0,13.0,0.07692307692307693,1,0,0,0,T: target pre-drift
A105,"LENS-U (original, label-free)",0,40.0,0.025,1,0,0,0,T: target pre-drift
A105,"LENS-SW (state-switched, exploratory)",0,44.0,0.022727272727272728,1,0,0,0,T: target pre-drift
A105,Raw deviation |z|,0,16.0,0.0625,1,0,0,0,T: target pre-drift
A106,LENS v2 (full),0,8.0,0.125,1,0,0,0,T: target pre-drift
A106,LENS v2 without own-history term,0,7.0,0.14285714285714285,1,0,0,0,T: target pre-drift
A106,LENS v2 without adaptation,0,5.0,0.2,1,0,0,1,T: target pre-drift
A106,LENS v2 without CUSUM,0,4.0,0.25,1,0,0,1,T: target pre-drift
A106,Linear forecast residual (GDN-style),0,3.0,0.3333333333333333,1,0,1,1,T: target pre-drift
A106,Conditional reference (CondAttr-style kNN),0,5.0,0.2,1,0,0,1,T: target pre-drift
A106,Simple fix: sliding-baseline deviation,0,15.0,0.06666666666666667,0,0,0,0,T: target pre-drift
A106,"LENS-U (original, label-free)",0,27.0,0.037037037037037035,1,0,0,0,T: target pre-drift
A106,"LENS-SW (state-switched, exploratory)",0,23.0,0.043478260869565216,1,0,0,0,T: target pre-drift
A106,Raw deviation |z|,0,28.0,0.03571428571428571,1,0,0,0,T: target pre-drift
A107,LENS v2 (full),0,19.0,0.05263157894736842,1,0,0,0,T: target pre-drift
A107,LENS v2 without own-history term,0,16.0,0.0625,1,0,0,0,T: target pre-drift
A107,LENS v2 without adaptation,0,51.0,0.0196078431372549,1,0,0,0,T: target pre-drift
A107,LENS v2 without CUSUM,0,23.0,0.043478260869565216,1,0,0,0,T: target pre-drift
A107,Linear forecast residual (GDN-style),0,13.0,0.07692307692307693,1,0,0,0,T: target pre-drift
A107,Conditional reference (CondAttr-style kNN),0,32.0,0.03125,1,0,0,0,T: target pre-drift
A107,Simple fix: sliding-baseline deviation,0,44.0,0.022727272727272728,0,0,0,0,T: target pre-drift
A107,"LENS-U (original, label-free)",0,38.0,0.02631578947368421,0,0,0,0,T: target pre-drift
A107,"LENS-SW (state-switched, exploratory)",0,35.0,0.02857142857142857,1,0,0,0,T: target pre-drift
A107,Raw deviation |z|,0,15.0,0.06666666666666667,0,0,0,0,T: target pre-drift
A201,LENS v2 (full),0,55.5,0.018018018018018018,1,0,0,0,T: target pre-drift
A201,LENS v2 without own-history term,0,54.5,0.01834862385321101,1,0,0,0,T: target pre-drift
A201,LENS v2 without adaptation,0,55.5,0.018018018018018018,1,0,0,0,T: target pre-drift
A201,LENS v2 without CUSUM,0,56.0,0.017857142857142856,1,0,0,0,T: target pre-drift
A201,Linear forecast residual (GDN-style),0,33.0,0.030303030303030304,1,0,0,0,T: target pre-drift
A201,Conditional reference (CondAttr-style kNN),0,45.0,0.022222222222222223,1,0,0,0,T: target pre-drift
A201,Simple fix: sliding-baseline deviation,0,13.0,0.07692307692307693,1,0,0,0,T: target pre-drift
A201,"LENS-U (original, label-free)",0,27.0,0.037037037037037035,1,0,0,0,T: target pre-drift
A201,"LENS-SW (state-switched, exploratory)",0,15.0,0.06666666666666667,1,0,0,0,T: target pre-drift
A201,Raw deviation |z|,0,47.0,0.02127659574468085,1,0,0,0,T: target pre-drift
A202,LENS v2 (full),0,20.0,0.05,1,0,0,0,T: target pre-drift
A202,LENS v2 without own-history term,0,18.0,0.05555555555555555,1,0,0,0,T: target pre-drift
A202,LENS v2 without adaptation,0,18.0,0.05555555555555555,1,0,0,0,T: target pre-drift
A202,LENS v2 without CUSUM,0,23.0,0.043478260869565216,1,0,0,0,T: target pre-drift
A202,Linear forecast residual (GDN-style),0,3.0,0.3333333333333333,1,0,1,1,T: target pre-drift
A202,Conditional reference (CondAttr-style kNN),0,34.0,0.029411764705882353,1,0,0,0,T: target pre-drift
A202,Simple fix: sliding-baseline deviation,0,40.0,0.025,1,0,0,0,T: target pre-drift
A202,"LENS-U (original, label-free)",0,51.0,0.0196078431372549,0,0,0,0,T: target pre-drift
A202,"LENS-SW (state-switched, exploratory)",0,49.0,0.02040816326530612,0,0,0,0,T: target pre-drift
A202,Raw deviation |z|,0,52.0,0.019230769230769232,1,0,0,0,T: target pre-drift
A203,LENS v2 (full),0,2.0,0.5,0,0,1,1,T: target pre-drift
A203,LENS v2 without own-history term,0,1.0,1.0,1,1,1,1,T: target pre-drift
A203,LENS v2 without adaptation,0,7.0,0.14285714285714285,0,0,0,0,T: target pre-drift
A203,LENS v2 without CUSUM,0,1.0,1.0,1,1,1,1,T: target pre-drift
A203,Linear forecast residual (GDN-style),0,59.0,0.01694915254237288,1,0,0,0,T: target pre-drift
A203,Conditional reference (CondAttr-style kNN),0,6.0,0.16666666666666666,0,0,0,0,T: target pre-drift
A203,Simple fix: sliding-baseline deviation,0,69.0,0.014492753623188406,0,0,0,0,T: target pre-drift
A203,"LENS-U (original, label-free)",0,40.0,0.025,0,0,0,0,T: target pre-drift
A203,"LENS-SW (state-switched, exploratory)",0,37.0,0.02702702702702703,0,0,0,0,T: target pre-drift
A203,Raw deviation |z|,0,40.0,0.025,0,0,0,0,T: target pre-drift
A204,LENS v2 (full),0,3.0,0.3333333333333333,1,0,1,1,T: target pre-drift
A204,LENS v2 without own-history term,0,3.0,0.3333333333333333,1,0,1,1,T: target pre-drift
A204,LENS v2 without adaptation,0,9.0,0.1111111111111111,1,0,0,0,T: target pre-drift
A204,LENS v2 without CUSUM,0,2.0,0.5,1,0,1,1,T: target pre-drift
A204,Linear forecast residual (GDN-style),0,1.0,1.0,1,1,1,1,T: target pre-drift
A204,Conditional reference (CondAttr-style kNN),0,10.0,0.1,0,0,0,0,T: target pre-drift
A204,Simple fix: sliding-baseline deviation,0,25.0,0.04,1,0,0,0,T: target pre-drift
A204,"LENS-U (original, label-free)",0,18.0,0.05555555555555555,0,0,0,0,T: target pre-drift
A204,"LENS-SW (state-switched, exploratory)",0,4.0,0.25,1,0,0,1,T: target pre-drift
A204,Raw deviation |z|,0,43.0,0.023255813953488372,1,0,0,0,T: target pre-drift
A205,LENS v2 (full),0,5.0,0.2,0,0,0,1,T: target pre-drift
A205,LENS v2 without own-history term,0,5.0,0.2,0,0,0,1,T: target pre-drift
A205,LENS v2 without adaptation,0,11.0,0.09090909090909091,0,0,0,0,T: target pre-drift
A205,LENS v2 without CUSUM,0,3.0,0.3333333333333333,0,0,1,1,T: target pre-drift
A205,Linear forecast residual (GDN-style),0,8.0,0.125,0,0,0,0,T: target pre-drift
A205,Conditional reference (CondAttr-style kNN),0,21.0,0.047619047619047616,0,0,0,0,T: target pre-drift
A205,Simple fix: sliding-baseline deviation,0,40.0,0.025,0,0,0,0,T: target pre-drift
A205,"LENS-U (original, label-free)",0,3.0,0.3333333333333333,0,0,1,1,T: target pre-drift
A205,"LENS-SW (state-switched, exploratory)",0,1.0,1.0,1,1,1,1,T: target pre-drift
A205,Raw deviation |z|,0,61.0,0.01639344262295082,0,0,0,0,T: target pre-drift
A206,LENS v2 (full),0,4.0,0.25,1,0,0,1,T: target pre-drift
A206,LENS v2 without own-history term,0,4.0,0.25,1,0,0,1,T: target pre-drift
A206,LENS v2 without adaptation,0,9.0,0.1111111111111111,1,0,0,0,T: target pre-drift
A206,LENS v2 without CUSUM,0,1.0,1.0,1,1,1,1,T: target pre-drift
A206,Linear forecast residual (GDN-style),0,11.0,0.09090909090909091,1,0,0,0,T: target pre-drift
A206,Conditional reference (CondAttr-style kNN),0,9.0,0.1111111111111111,1,0,0,0,T: target pre-drift
A206,Simple fix: sliding-baseline deviation,0,27.0,0.037037037037037035,1,0,0,0,T: target pre-drift
A206,"LENS-U (original, label-free)",0,41.0,0.024390243902439025,1,0,0,0,T: target pre-drift
A206,"LENS-SW (state-switched, exploratory)",0,32.0,0.03125,1,0,0,0,T: target pre-drift
A206,Raw deviation |z|,0,44.0,0.022727272727272728,1,0,0,0,T: target pre-drift
A207,LENS v2 (full),0,2.0,0.5,1,0,1,1,T: target pre-drift
A207,LENS v2 without own-history term,0,2.0,0.5,1,0,1,1,T: target pre-drift
A207,LENS v2 without adaptation,0,7.0,0.14285714285714285,1,0,0,0,T: target pre-drift
A207,LENS v2 without CUSUM,0,1.0,1.0,1,1,1,1,T: target pre-drift
A207,Linear forecast residual (GDN-style),0,1.0,1.0,1,1,1,1,T: target pre-drift
A207,Conditional reference (CondAttr-style kNN),0,33.0,0.030303030303030304,1,0,0,0,T: target pre-drift
A207,Simple fix: sliding-baseline deviation,0,3.0,0.3333333333333333,1,0,1,1,T: target pre-drift
A207,"LENS-U (original, label-free)",0,4.0,0.25,1,0,0,1,T: target pre-drift
A207,"LENS-SW (state-switched, exploratory)",0,4.0,0.25,1,0,0,1,T: target pre-drift
A207,Raw deviation |z|,0,3.0,0.3333333333333333,1,0,1,1,T: target pre-drift
A208,LENS v2 (full),0,4.0,0.25,0,0,0,1,T: target pre-drift
A208,LENS v2 without own-history term,0,5.0,0.2,0,0,0,1,T: target pre-drift
A208,LENS v2 without adaptation,0,9.0,0.1111111111111111,0,0,0,0,T: target pre-drift
A208,LENS v2 without CUSUM,0,2.0,0.5,1,0,1,1,T: target pre-drift
A208,Linear forecast residual (GDN-style),0,2.0,0.5,0,0,1,1,T: target pre-drift
A208,Conditional reference (CondAttr-style kNN),0,9.0,0.1111111111111111,0,0,0,0,T: target pre-drift
A208,Simple fix: sliding-baseline deviation,0,26.0,0.038461538461538464,0,0,0,0,T: target pre-drift
A208,"LENS-U (original, label-free)",0,21.0,0.047619047619047616,0,0,0,0,T: target pre-drift
A208,"LENS-SW (state-switched, exploratory)",0,4.0,0.25,0,0,0,1,T: target pre-drift
A208,Raw deviation |z|,0,47.0,0.02127659574468085,0,0,0,0,T: target pre-drift
A209,LENS v2 (full),0,12.0,0.08333333333333333,1,0,0,0,T: target pre-drift
A209,LENS v2 without own-history term,0,13.0,0.07692307692307693,1,0,0,0,T: target pre-drift
A209,LENS v2 without adaptation,0,19.0,0.05263157894736842,1,0,0,0,T: target pre-drift
A209,LENS v2 without CUSUM,0,28.0,0.03571428571428571,1,0,0,0,T: target pre-drift
A209,Linear forecast residual (GDN-style),0,16.0,0.0625,1,0,0,0,T: target pre-drift
A209,Conditional reference (CondAttr-style kNN),0,47.0,0.02127659574468085,1,0,0,0,T: target pre-drift
A209,Simple fix: sliding-baseline deviation,0,21.0,0.047619047619047616,1,0,0,0,T: target pre-drift
A209,"LENS-U (original, label-free)",0,32.0,0.03125,0,0,0,0,T: target pre-drift
A209,"LENS-SW (state-switched, exploratory)",0,25.0,0.04,0,0,0,0,T: target pre-drift
A209,Raw deviation |z|,0,19.0,0.05263157894736842,1,0,0,0,T: target pre-drift
A210,LENS v2 (full),0,1.0,1.0,1,1,1,1,T: target pre-drift
A210,LENS v2 without own-history term,0,3.0,0.3333333333333333,0,0,1,1,T: target pre-drift
A210,LENS v2 without adaptation,0,7.0,0.14285714285714285,0,0,0,0,T: target pre-drift
A210,LENS v2 without CUSUM,0,1.0,1.0,1,1,1,1,T: target pre-drift
A210,Linear forecast residual (GDN-style),0,57.0,0.017543859649122806,1,0,0,0,T: target pre-drift
A210,Conditional reference (CondAttr-style kNN),0,4.0,0.25,0,0,0,1,T: target pre-drift
A210,Simple fix: sliding-baseline deviation,0,69.5,0.014388489208633094,1,0,0,0,T: target pre-drift
A210,"LENS-U (original, label-free)",0,20.0,0.05,1,0,0,0,T: target pre-drift
A210,"LENS-SW (state-switched, exploratory)",0,13.0,0.07692307692307693,1,0,0,0,T: target pre-drift
A210,Raw deviation |z|,0,30.0,0.03333333333333333,0,0,0,0,T: target pre-drift
A211,LENS v2 (full),0,11.0,0.09090909090909091,1,0,0,0,T: target pre-drift
A211,LENS v2 without own-history term,0,9.0,0.1111111111111111,1,0,0,0,T: target pre-drift
A211,LENS v2 without adaptation,0,13.0,0.07692307692307693,1,0,0,0,T: target pre-drift
A211,LENS v2 without CUSUM,0,7.0,0.14285714285714285,0,0,0,0,T: target pre-drift
A211,Linear forecast residual (GDN-style),0,2.0,0.5,0,0,1,1,T: target pre-drift
A211,Conditional reference (CondAttr-style kNN),0,34.0,0.029411764705882353,1,0,0,0,T: target pre-drift
A211,Simple fix: sliding-baseline deviation,0,16.0,0.0625,1,0,0,0,T: target pre-drift
A211,"LENS-U (original, label-free)",0,25.0,0.04,1,0,0,0,T: target pre-drift
A211,"LENS-SW (state-switched, exploratory)",0,16.0,0.0625,1,0,0,0,T: target pre-drift
A211,Raw deviation |z|,0,42.0,0.023809523809523808,1,0,0,0,T: target pre-drift
A212,LENS v2 (full),0,5.0,0.2,0,0,0,1,T: target pre-drift
A212,LENS v2 without own-history term,0,8.0,0.125,0,0,0,0,T: target pre-drift
A212,LENS v2 without adaptation,0,11.0,0.09090909090909091,0,0,0,0,T: target pre-drift
A212,LENS v2 without CUSUM,0,2.0,0.5,0,0,1,1,T: target pre-drift
A212,Linear forecast residual (GDN-style),0,4.0,0.25,1,0,0,1,T: target pre-drift
A212,Conditional reference (CondAttr-style kNN),0,24.0,0.041666666666666664,0,0,0,0,T: target pre-drift
A212,Simple fix: sliding-baseline deviation,0,34.0,0.029411764705882353,0,0,0,0,T: target pre-drift
A212,"LENS-U (original, label-free)",0,1.0,1.0,1,1,1,1,T: target pre-drift
A212,"LENS-SW (state-switched, exploratory)",0,2.0,0.5,0,0,1,1,T: target pre-drift
A212,Raw deviation |z|,0,53.0,0.018867924528301886,0,0,0,0,T: target pre-drift
A213,LENS v2 (full),0,51.5,0.019417475728155338,1,0,0,0,T: target pre-drift
A213,LENS v2 without own-history term,0,52.0,0.019230769230769232,1,0,0,0,T: target pre-drift
A213,LENS v2 without adaptation,0,3.0,0.3333333333333333,1,0,1,1,T: target pre-drift
A213,LENS v2 without CUSUM,0,50.0,0.02,1,0,0,0,T: target pre-drift
A213,Linear forecast residual (GDN-style),0,2.0,0.5,1,0,1,1,T: target pre-drift
A213,Conditional reference (CondAttr-style kNN),0,1.5,0.6666666666666666,1,0,1,1,T: target pre-drift
A213,Simple fix: sliding-baseline deviation,0,1.0,1.0,1,1,1,1,T: target pre-drift
A213,"LENS-U (original, label-free)",0,1.0,1.0,1,1,1,1,T: target pre-drift
A213,"LENS-SW (state-switched, exploratory)",0,1.0,1.0,1,1,1,1,T: target pre-drift
A213,Raw deviation |z|,0,1.0,1.0,1,1,1,1,T: target pre-drift
A214,LENS v2 (full),0,6.0,0.16666666666666666,0,0,0,0,T: target pre-drift
A214,LENS v2 without own-history term,0,6.0,0.16666666666666666,0,0,0,0,T: target pre-drift
A214,LENS v2 without adaptation,0,15.0,0.06666666666666667,0,0,0,0,T: target pre-drift
A214,LENS v2 without CUSUM,0,4.0,0.25,0,0,0,1,T: target pre-drift
A214,Linear forecast residual (GDN-style),0,7.0,0.14285714285714285,1,0,0,0,T: target pre-drift
A214,Conditional reference (CondAttr-style kNN),0,26.0,0.038461538461538464,0,0,0,0,T: target pre-drift
A214,Simple fix: sliding-baseline deviation,0,5.0,0.2,0,0,0,1,T: target pre-drift
A214,"LENS-U (original, label-free)",0,1.0,1.0,1,1,1,1,T: target pre-drift
A214,"LENS-SW (state-switched, exploratory)",0,1.0,1.0,1,1,1,1,T: target pre-drift
A214,Raw deviation |z|,0,22.0,0.045454545454545456,0,0,0,0,T: target pre-drift
A215,LENS v2 (full),0,5.0,0.2,1,0,0,1,T: target pre-drift
A215,LENS v2 without own-history term,0,3.0,0.3333333333333333,1,0,1,1,T: target pre-drift
A215,LENS v2 without adaptation,0,16.0,0.0625,1,0,0,0,T: target pre-drift
A215,LENS v2 without CUSUM,0,2.0,0.5,1,0,1,1,T: target pre-drift
A215,Linear forecast residual (GDN-style),0,9.0,0.1111111111111111,1,0,0,0,T: target pre-drift
A215,Conditional reference (CondAttr-style kNN),0,14.0,0.07142857142857142,1,0,0,0,T: target pre-drift
A215,Simple fix: sliding-baseline deviation,0,39.0,0.02564102564102564,1,0,0,0,T: target pre-drift
A215,"LENS-U (original, label-free)",0,36.0,0.027777777777777776,1,0,0,0,T: target pre-drift
A215,"LENS-SW (state-switched, exploratory)",0,29.0,0.034482758620689655,1,0,0,0,T: target pre-drift
A215,Raw deviation |z|,0,41.0,0.024390243902439025,1,0,0,0,T: target pre-drift
A216,LENS v2 (full),0,8.0,0.125,1,0,0,0,T: target pre-drift
A216,LENS v2 without own-history term,0,11.0,0.09090909090909091,1,0,0,0,T: target pre-drift
A216,LENS v2 without adaptation,0,13.0,0.07692307692307693,1,0,0,0,T: target pre-drift
A216,LENS v2 without CUSUM,0,3.0,0.3333333333333333,0,0,1,1,T: target pre-drift
A216,Linear forecast residual (GDN-style),0,21.0,0.047619047619047616,1,0,0,0,T: target pre-drift
A216,Conditional reference (CondAttr-style kNN),0,20.0,0.05,1,0,0,0,T: target pre-drift
A216,Simple fix: sliding-baseline deviation,0,25.0,0.04,1,0,0,0,T: target pre-drift
A216,"LENS-U (original, label-free)",0,31.0,0.03225806451612903,1,0,0,0,T: target pre-drift
A216,"LENS-SW (state-switched, exploratory)",0,29.0,0.034482758620689655,1,0,0,0,T: target pre-drift
A216,Raw deviation |z|,0,43.0,0.023255813953488372,1,0,0,0,T: target pre-drift
A217,LENS v2 (full),0,7.0,0.14285714285714285,1,0,0,0,T: target pre-drift
A217,LENS v2 without own-history term,0,9.0,0.1111111111111111,1,0,0,0,T: target pre-drift
A217,LENS v2 without adaptation,0,14.0,0.07142857142857142,1,0,0,0,T: target pre-drift
A217,LENS v2 without CUSUM,0,4.0,0.25,1,0,0,1,T: target pre-drift
A217,Linear forecast residual (GDN-style),0,6.0,0.16666666666666666,1,0,0,0,T: target pre-drift
A217,Conditional reference (CondAttr-style kNN),0,44.0,0.022727272727272728,1,0,0,0,T: target pre-drift
A217,Simple fix: sliding-baseline deviation,0,33.0,0.030303030303030304,1,0,0,0,T: target pre-drift
A217,"LENS-U (original, label-free)",0,46.0,0.021739130434782608,1,0,0,0,T: target pre-drift
A217,"LENS-SW (state-switched, exploratory)",0,39.0,0.02564102564102564,1,0,0,0,T: target pre-drift
A217,Raw deviation |z|,0,38.0,0.02631578947368421,1,0,0,0,T: target pre-drift
A301,LENS v2 (full),0,20.0,0.05,1,0,0,0,T: target pre-drift
A301,LENS v2 without own-history term,0,20.0,0.05,1,0,0,0,T: target pre-drift
A301,LENS v2 without adaptation,0,24.0,0.041666666666666664,1,0,0,0,T: target pre-drift
A301,LENS v2 without CUSUM,0,17.0,0.058823529411764705,1,0,0,0,T: target pre-drift
A301,Linear forecast residual (GDN-style),0,11.0,0.09090909090909091,1,0,0,0,T: target pre-drift
A301,Conditional reference (CondAttr-style kNN),0,10.0,0.1,1,0,0,0,T: target pre-drift
A301,Simple fix: sliding-baseline deviation,0,12.0,0.08333333333333333,1,0,0,0,T: target pre-drift
A301,"LENS-U (original, label-free)",0,34.0,0.029411764705882353,1,0,0,0,T: target pre-drift
A301,"LENS-SW (state-switched, exploratory)",0,30.0,0.03333333333333333,1,0,0,0,T: target pre-drift
A301,Raw deviation |z|,0,30.0,0.03333333333333333,1,0,0,0,T: target pre-drift
A302,LENS v2 (full),0,10.0,0.1,1,0,0,0,T: target pre-drift
A302,LENS v2 without own-history term,0,8.0,0.125,1,0,0,0,T: target pre-drift
A302,LENS v2 without adaptation,0,14.0,0.07142857142857142,1,0,0,0,T: target pre-drift
A302,LENS v2 without CUSUM,0,7.0,0.14285714285714285,1,0,0,0,T: target pre-drift
A302,Linear forecast residual (GDN-style),0,1.0,1.0,1,1,1,1,T: target pre-drift
A302,Conditional reference (CondAttr-style kNN),0,16.0,0.0625,1,0,0,0,T: target pre-drift
A302,Simple fix: sliding-baseline deviation,0,4.0,0.25,1,0,0,1,T: target pre-drift
A302,"LENS-U (original, label-free)",0,13.0,0.07692307692307693,1,0,0,0,T: target pre-drift
A302,"LENS-SW (state-switched, exploratory)",0,8.0,0.125,1,0,0,0,T: target pre-drift
A302,Raw deviation |z|,0,17.0,0.058823529411764705,1,0,0,0,T: target pre-drift
A303,LENS v2 (full),0,4.0,0.25,0,0,0,1,T: target pre-drift
A303,LENS v2 without own-history term,0,4.0,0.25,0,0,0,1,T: target pre-drift
A303,LENS v2 without adaptation,0,14.0,0.07142857142857142,1,0,0,0,T: target pre-drift
A303,LENS v2 without CUSUM,0,3.0,0.3333333333333333,0,0,1,1,T: target pre-drift
A303,Linear forecast residual (GDN-style),0,1.0,1.0,1,1,1,1,T: target pre-drift
A303,Conditional reference (CondAttr-style kNN),0,18.0,0.05555555555555555,1,0,0,0,T: target pre-drift
A303,Simple fix: sliding-baseline deviation,0,1.0,1.0,1,1,1,1,T: target pre-drift
A303,"LENS-U (original, label-free)",0,1.0,1.0,1,1,1,1,T: target pre-drift
A303,"LENS-SW (state-switched, exploratory)",0,1.0,1.0,1,1,1,1,T: target pre-drift
A303,Raw deviation |z|,0,4.0,0.25,1,0,0,1,T: target pre-drift
A304,LENS v2 (full),0,5.0,0.2,0,0,0,1,T: target pre-drift
A304,LENS v2 without own-history term,0,4.0,0.25,1,0,0,1,T: target pre-drift
A304,LENS v2 without adaptation,0,16.0,0.0625,1,0,0,0,T: target pre-drift
A304,LENS v2 without CUSUM,0,3.0,0.3333333333333333,0,0,1,1,T: target pre-drift
A304,Linear forecast residual (GDN-style),0,5.0,0.2,1,0,0,1,T: target pre-drift
A304,Conditional reference (CondAttr-style kNN),0,16.0,0.0625,1,0,0,0,T: target pre-drift
A304,Simple fix: sliding-baseline deviation,0,6.0,0.16666666666666666,1,0,0,0,T: target pre-drift
A304,"LENS-U (original, label-free)",0,5.0,0.2,1,0,0,1,T: target pre-drift
A304,"LENS-SW (state-switched, exploratory)",0,3.0,0.3333333333333333,0,0,1,1,T: target pre-drift
A304,Raw deviation |z|,0,15.0,0.06666666666666667,1,0,0,0,T: target pre-drift
A305,LENS v2 (full),0,1.0,1.0,1,1,1,1,T: target pre-drift
A305,LENS v2 without own-history term,0,1.0,1.0,1,1,1,1,T: target pre-drift
A305,LENS v2 without adaptation,0,9.0,0.1111111111111111,1,0,0,0,T: target pre-drift
A305,LENS v2 without CUSUM,0,1.0,1.0,1,1,1,1,T: target pre-drift
A305,Linear forecast residual (GDN-style),0,1.0,1.0,1,1,1,1,T: target pre-drift
A305,Conditional reference (CondAttr-style kNN),0,5.0,0.2,1,0,0,1,T: target pre-drift
A305,Simple fix: sliding-baseline deviation,0,1.0,1.0,1,1,1,1,T: target pre-drift
A305,"LENS-U (original, label-free)",0,1.0,1.0,1,1,1,1,T: target pre-drift
A305,"LENS-SW (state-switched, exploratory)",0,1.0,1.0,1,1,1,1,T: target pre-drift
A305,Raw deviation |z|,0,1.0,1.0,1,1,1,1,T: target pre-drift
A306,LENS v2 (full),0,7.0,0.14285714285714285,0,0,0,0,T: target pre-drift
A306,LENS v2 without own-history term,0,7.0,0.14285714285714285,0,0,0,0,T: target pre-drift
A306,LENS v2 without adaptation,0,15.0,0.06666666666666667,1,0,0,0,T: target pre-drift
A306,LENS v2 without CUSUM,0,3.0,0.3333333333333333,0,0,1,1,T: target pre-drift
A306,Linear forecast residual (GDN-style),0,1.0,1.0,1,1,1,1,T: target pre-drift
A306,Conditional reference (CondAttr-style kNN),0,26.0,0.038461538461538464,1,0,0,0,T: target pre-drift
A306,Simple fix: sliding-baseline deviation,0,3.0,0.3333333333333333,1,0,1,1,T: target pre-drift
A306,"LENS-U (original, label-free)",0,18.0,0.05555555555555555,1,0,0,0,T: target pre-drift
A306,"LENS-SW (state-switched, exploratory)",0,13.0,0.07692307692307693,1,0,0,0,T: target pre-drift
A306,Raw deviation |z|,0,10.0,0.1,1,0,0,0,T: target pre-drift
A307,LENS v2 (full),0,7.0,0.14285714285714285,1,0,0,0,T: target pre-drift
A307,LENS v2 without own-history term,0,8.0,0.125,0,0,0,0,T: target pre-drift
A307,LENS v2 without adaptation,0,54.5,0.01834862385321101,1,0,0,0,T: target pre-drift
A307,LENS v2 without CUSUM,0,13.0,0.07692307692307693,1,0,0,0,T: target pre-drift
A307,Linear forecast residual (GDN-style),0,33.0,0.030303030303030304,1,0,0,0,T: target pre-drift
A307,Conditional reference (CondAttr-style kNN),0,12.0,0.08333333333333333,1,0,0,0,T: target pre-drift
A307,Simple fix: sliding-baseline deviation,0,45.0,0.022222222222222223,1,0,0,0,T: target pre-drift
A307,"LENS-U (original, label-free)",0,3.0,0.3333333333333333,1,0,1,1,T: target pre-drift
A307,"LENS-SW (state-switched, exploratory)",0,8.0,0.125,1,0,0,0,T: target pre-drift
A307,Raw deviation |z|,0,12.0,0.08333333333333333,1,0,0,0,T: target pre-drift
A308,LENS v2 (full),0,7.0,0.14285714285714285,1,0,0,0,T: target pre-drift
A308,LENS v2 without own-history term,0,5.0,0.2,1,0,0,1,T: target pre-drift
A308,LENS v2 without adaptation,0,7.0,0.14285714285714285,1,0,0,0,T: target pre-drift
A308,LENS v2 without CUSUM,0,5.0,0.2,1,0,0,1,T: target pre-drift
A308,Linear forecast residual (GDN-style),0,1.0,1.0,1,1,1,1,T: target pre-drift
A308,Conditional reference (CondAttr-style kNN),0,6.0,0.16666666666666666,1,0,0,0,T: target pre-drift
A308,Simple fix: sliding-baseline deviation,0,2.0,0.5,0,0,1,1,T: target pre-drift
A308,"LENS-U (original, label-free)",0,10.0,0.1,0,0,0,0,T: target pre-drift
A308,"LENS-SW (state-switched, exploratory)",0,6.0,0.16666666666666666,0,0,0,0,T: target pre-drift
A308,Raw deviation |z|,0,2.0,0.5,1,0,1,1,T: target pre-drift
A309,LENS v2 (full),0,6.0,0.16666666666666666,1,0,0,0,T: target pre-drift
A309,LENS v2 without own-history term,0,7.0,0.14285714285714285,1,0,0,0,T: target pre-drift
A309,LENS v2 without adaptation,0,11.0,0.09090909090909091,1,0,0,0,T: target pre-drift
A309,LENS v2 without CUSUM,0,3.0,0.3333333333333333,1,0,1,1,T: target pre-drift
A309,Linear forecast residual (GDN-style),0,18.0,0.05555555555555555,1,0,0,0,T: target pre-drift
A309,Conditional reference (CondAttr-style kNN),0,14.0,0.07142857142857142,0,0,0,0,T: target pre-drift
A309,Simple fix: sliding-baseline deviation,0,43.0,0.023255813953488372,1,0,0,0,T: target pre-drift
A309,"LENS-U (original, label-free)",0,35.0,0.02857142857142857,0,0,0,0,T: target pre-drift
A309,"LENS-SW (state-switched, exploratory)",0,29.0,0.034482758620689655,0,0,0,0,T: target pre-drift
A309,Raw deviation |z|,0,11.0,0.09090909090909091,1,0,0,0,T: target pre-drift
A310,LENS v2 (full),0,4.0,0.25,0,0,0,1,T: target pre-drift
A310,LENS v2 without own-history term,0,5.0,0.2,0,0,0,1,T: target pre-drift
A310,LENS v2 without adaptation,0,14.0,0.07142857142857142,0,0,0,0,T: target pre-drift
A310,LENS v2 without CUSUM,0,3.0,0.3333333333333333,0,0,1,1,T: target pre-drift
A310,Linear forecast residual (GDN-style),0,3.0,0.3333333333333333,1,0,1,1,T: target pre-drift
A310,Conditional reference (CondAttr-style kNN),0,24.0,0.041666666666666664,0,0,0,0,T: target pre-drift
A310,Simple fix: sliding-baseline deviation,0,2.0,0.5,1,0,1,1,T: target pre-drift
A310,"LENS-U (original, label-free)",0,2.0,0.5,1,0,1,1,T: target pre-drift
A310,"LENS-SW (state-switched, exploratory)",0,2.0,0.5,1,0,1,1,T: target pre-drift
A310,Raw deviation |z|,0,11.0,0.09090909090909091,0,0,0,0,T: target pre-drift
A401,LENS v2 (full),0,6.5,0.15384615384615385,0,0,0,0,T: target pre-drift
A401,LENS v2 without own-history term,0,6.5,0.15384615384615385,0,0,0,0,T: target pre-drift
A401,LENS v2 without adaptation,0,7.5,0.13333333333333333,0,0,0,0,T: target pre-drift
A401,LENS v2 without CUSUM,0,2.0,0.5,1,0,1,1,T: target pre-drift
A401,Linear forecast residual (GDN-style),0,1.0,1.0,1,1,1,1,T: target pre-drift
A401,Conditional reference (CondAttr-style kNN),0,1.0,1.0,1,1,1,1,T: target pre-drift
A401,Simple fix: sliding-baseline deviation,0,1.0,1.0,1,1,1,1,T: target pre-drift
A401,"LENS-U (original, label-free)",0,1.0,1.0,1,1,1,1,T: target pre-drift
A401,"LENS-SW (state-switched, exploratory)",0,1.0,1.0,1,1,1,1,T: target pre-drift
A401,Raw deviation |z|,0,1.0,1.0,1,1,1,1,T: target pre-drift
A402,LENS v2 (full),0,8.0,0.125,1,0,0,0,T: target pre-drift
A402,LENS v2 without own-history term,0,7.0,0.14285714285714285,1,0,0,0,T: target pre-drift
A402,LENS v2 without adaptation,0,15.0,0.06666666666666667,1,0,0,0,T: target pre-drift
A402,LENS v2 without CUSUM,0,6.0,0.16666666666666666,1,0,0,0,T: target pre-drift
A402,Linear forecast residual (GDN-style),0,4.0,0.25,1,0,0,1,T: target pre-drift
A402,Conditional reference (CondAttr-style kNN),0,39.0,0.02564102564102564,0,0,0,0,T: target pre-drift
A402,Simple fix: sliding-baseline deviation,0,39.0,0.02564102564102564,0,0,0,0,T: target pre-drift
A402,"LENS-U (original, label-free)",0,26.0,0.038461538461538464,1,0,0,0,T: target pre-drift
A402,"LENS-SW (state-switched, exploratory)",0,21.0,0.047619047619047616,1,0,0,0,T: target pre-drift
A402,Raw deviation |z|,0,14.0,0.07142857142857142,1,0,0,0,T: target pre-drift
A403,LENS v2 (full),0,58.0,0.017241379310344827,0,0,0,0,T: target pre-drift
A403,LENS v2 without own-history term,0,55.5,0.018018018018018018,0,0,0,0,T: target pre-drift
A403,LENS v2 without adaptation,0,55.0,0.01818181818181818,0,0,0,0,T: target pre-drift
A403,LENS v2 without CUSUM,0,77.5,0.012903225806451613,0,0,0,0,T: target pre-drift
A403,Linear forecast residual (GDN-style),0,77.5,0.012903225806451613,0,0,0,0,T: target pre-drift
A403,Conditional reference (CondAttr-style kNN),0,76.0,0.013157894736842105,0,0,0,0,T: target pre-drift
A403,Simple fix: sliding-baseline deviation,0,69.5,0.014388489208633094,0,0,0,0,T: target pre-drift
A403,"LENS-U (original, label-free)",0,77.5,0.012903225806451613,0,0,0,0,T: target pre-drift
A403,"LENS-SW (state-switched, exploratory)",0,77.5,0.012903225806451613,0,0,0,0,T: target pre-drift
A403,Raw deviation |z|,0,77.5,0.012903225806451613,0,0,0,0,T: target pre-drift
A404,LENS v2 (full),0,6.0,0.16666666666666666,0,0,0,0,T: target pre-drift
A404,LENS v2 without own-history term,0,6.0,0.16666666666666666,0,0,0,0,T: target pre-drift
A404,LENS v2 without adaptation,0,12.0,0.08333333333333333,0,0,0,0,T: target pre-drift
A404,LENS v2 without CUSUM,0,3.0,0.3333333333333333,0,0,1,1,T: target pre-drift
A404,Linear forecast residual (GDN-style),0,4.0,0.25,1,0,0,1,T: target pre-drift
A404,Conditional reference (CondAttr-style kNN),0,7.0,0.14285714285714285,0,0,0,0,T: target pre-drift
A404,Simple fix: sliding-baseline deviation,0,9.0,0.1111111111111111,0,0,0,0,T: target pre-drift
A404,"LENS-U (original, label-free)",0,1.0,1.0,1,1,1,1,T: target pre-drift
A404,"LENS-SW (state-switched, exploratory)",0,1.0,1.0,1,1,1,1,T: target pre-drift
A404,Raw deviation |z|,0,30.0,0.03333333333333333,0,0,0,0,T: target pre-drift
A405,LENS v2 (full),0,50.5,0.019801980198019802,0,0,0,0,T: target pre-drift
A405,LENS v2 without own-history term,0,49.5,0.020202020202020204,0,0,0,0,T: target pre-drift
A405,LENS v2 without adaptation,0,53.0,0.018867924528301886,1,0,0,0,T: target pre-drift
A405,LENS v2 without CUSUM,0,61.0,0.01639344262295082,0,0,0,0,T: target pre-drift
A405,Linear forecast residual (GDN-style),0,62.0,0.016129032258064516,1,0,0,0,T: target pre-drift
A405,Conditional reference (CondAttr-style kNN),0,7.0,0.14285714285714285,1,0,0,0,T: target pre-drift
A405,Simple fix: sliding-baseline deviation,0,69.5,0.014388489208633094,0,0,0,0,T: target pre-drift
A405,"LENS-U (original, label-free)",0,48.0,0.020833333333333332,0,0,0,0,T: target pre-drift
A405,"LENS-SW (state-switched, exploratory)",0,42.0,0.023809523809523808,0,0,0,0,T: target pre-drift
A405,Raw deviation |z|,0,14.0,0.07142857142857142,1,0,0,0,T: target pre-drift
A406,LENS v2 (full),0,7.0,0.14285714285714285,0,0,0,0,T: target pre-drift
A406,LENS v2 without own-history term,0,7.0,0.14285714285714285,0,0,0,0,T: target pre-drift
A406,LENS v2 without adaptation,0,13.0,0.07692307692307693,1,0,0,0,T: target pre-drift
A406,LENS v2 without CUSUM,0,4.0,0.25,1,0,0,1,T: target pre-drift
A406,Linear forecast residual (GDN-style),0,6.0,0.16666666666666666,1,0,0,0,T: target pre-drift
A406,Conditional reference (CondAttr-style kNN),0,11.0,0.09090909090909091,1,0,0,0,T: target pre-drift
A406,Simple fix: sliding-baseline deviation,0,42.0,0.023809523809523808,1,0,0,0,T: target pre-drift
A406,"LENS-U (original, label-free)",0,26.0,0.038461538461538464,1,0,0,0,T: target pre-drift
A406,"LENS-SW (state-switched, exploratory)",0,18.0,0.05555555555555555,1,0,0,0,T: target pre-drift
A406,Raw deviation |z|,0,11.0,0.09090909090909091,1,0,0,0,T: target pre-drift
A407,LENS v2 (full),0,24.0,0.041666666666666664,0,0,0,0,T: target pre-drift
A407,LENS v2 without own-history term,0,22.0,0.045454545454545456,0,0,0,0,T: target pre-drift
A407,LENS v2 without adaptation,0,27.0,0.037037037037037035,1,0,0,0,T: target pre-drift
A407,LENS v2 without CUSUM,0,10.0,0.1,1,0,0,0,T: target pre-drift
A407,Linear forecast residual (GDN-style),0,2.0,0.5,1,0,1,1,T: target pre-drift
A407,Conditional reference (CondAttr-style kNN),0,39.0,0.02564102564102564,1,0,0,0,T: target pre-drift
A407,Simple fix: sliding-baseline deviation,0,43.0,0.023255813953488372,1,0,0,0,T: target pre-drift
A407,"LENS-U (original, label-free)",0,46.0,0.021739130434782608,1,0,0,0,T: target pre-drift
A407,"LENS-SW (state-switched, exploratory)",0,35.0,0.02857142857142857,0,0,0,0,T: target pre-drift
A407,Raw deviation |z|,0,61.0,0.01639344262295082,1,0,0,0,T: target pre-drift
A408,LENS v2 (full),0,1.0,1.0,1,1,1,1,T: target pre-drift
A408,LENS v2 without own-history term,0,4.0,0.25,0,0,0,1,T: target pre-drift
A408,LENS v2 without adaptation,0,9.0,0.1111111111111111,1,0,0,0,T: target pre-drift
A408,LENS v2 without CUSUM,0,3.0,0.3333333333333333,1,0,1,1,T: target pre-drift
A408,Linear forecast residual (GDN-style),0,1.0,1.0,1,1,1,1,T: target pre-drift
A408,Conditional reference (CondAttr-style kNN),0,20.0,0.05,1,0,0,0,T: target pre-drift
A408,Simple fix: sliding-baseline deviation,0,14.0,0.07142857142857142,0,0,0,0,T: target pre-drift
A408,"LENS-U (original, label-free)",0,3.0,0.3333333333333333,1,0,1,1,T: target pre-drift
A408,"LENS-SW (state-switched, exploratory)",0,3.0,0.3333333333333333,0,0,1,1,T: target pre-drift
A408,Raw deviation |z|,0,4.0,0.25,1,0,0,1,T: target pre-drift
A409,LENS v2 (full),0,2.0,0.5,1,0,1,1,T: target pre-drift
A409,LENS v2 without own-history term,0,4.0,0.25,1,0,0,1,T: target pre-drift
A409,LENS v2 without adaptation,0,9.0,0.1111111111111111,1,0,0,0,T: target pre-drift
A409,LENS v2 without CUSUM,0,1.0,1.0,1,1,1,1,T: target pre-drift
A409,Linear forecast residual (GDN-style),0,1.0,1.0,1,1,1,1,T: target pre-drift
A409,Conditional reference (CondAttr-style kNN),0,8.0,0.125,1,0,0,0,T: target pre-drift
A409,Simple fix: sliding-baseline deviation,0,1.0,1.0,1,1,1,1,T: target pre-drift
A409,"LENS-U (original, label-free)",0,1.0,1.0,1,1,1,1,T: target pre-drift
A409,"LENS-SW (state-switched, exploratory)",0,1.0,1.0,1,1,1,1,T: target pre-drift
A409,Raw deviation |z|,0,1.0,1.0,1,1,1,1,T: target pre-drift
A410,LENS v2 (full),0,2.0,0.5,1,0,1,1,T: target pre-drift
A410,LENS v2 without own-history term,0,4.0,0.25,1,0,0,1,T: target pre-drift
A410,LENS v2 without adaptation,0,10.0,0.1,1,0,0,0,T: target pre-drift
A410,LENS v2 without CUSUM,0,2.0,0.5,1,0,1,1,T: target pre-drift
A410,Linear forecast residual (GDN-style),0,2.0,0.5,1,0,1,1,T: target pre-drift
A410,Conditional reference (CondAttr-style kNN),0,2.0,0.5,1,0,1,1,T: target pre-drift
A410,Simple fix: sliding-baseline deviation,0,25.0,0.04,1,0,0,0,T: target pre-drift
A410,"LENS-U (original, label-free)",0,6.0,0.16666666666666666,0,0,0,0,T: target pre-drift
A410,"LENS-SW (state-switched, exploratory)",0,19.0,0.05263157894736842,1,0,0,0,T: target pre-drift
A410,Raw deviation |z|,0,18.0,0.05555555555555555,1,0,0,0,T: target pre-drift
A411,LENS v2 (full),0,56.5,0.017699115044247787,1,0,0,0,T: target pre-drift
A411,LENS v2 without own-history term,0,55.0,0.01818181818181818,1,0,0,0,T: target pre-drift
A411,LENS v2 without adaptation,0,3.0,0.3333333333333333,1,0,1,1,T: target pre-drift
A411,LENS v2 without CUSUM,0,15.0,0.06666666666666667,1,0,0,0,T: target pre-drift
A411,Linear forecast residual (GDN-style),0,3.0,0.3333333333333333,1,0,1,1,T: target pre-drift
A411,Conditional reference (CondAttr-style kNN),0,1.0,1.0,1,1,1,1,T: target pre-drift
A411,Simple fix: sliding-baseline deviation,0,1.0,1.0,1,1,1,1,T: target pre-drift
A411,"LENS-U (original, label-free)",0,1.0,1.0,1,1,1,1,T: target pre-drift
A411,"LENS-SW (state-switched, exploratory)",0,2.0,0.5,1,0,1,1,T: target pre-drift
A411,Raw deviation |z|,0,1.0,1.0,1,1,1,1,T: target pre-drift
A412,LENS v2 (full),0,19.0,0.05263157894736842,1,0,0,0,T: target pre-drift
A412,LENS v2 without own-history term,0,16.0,0.0625,1,0,0,0,T: target pre-drift
A412,LENS v2 without adaptation,0,54.0,0.018518518518518517,1,0,0,0,T: target pre-drift
A412,LENS v2 without CUSUM,0,21.0,0.047619047619047616,1,0,0,0,T: target pre-drift
A412,Linear forecast residual (GDN-style),0,29.0,0.034482758620689655,1,0,0,0,T: target pre-drift
A412,Conditional reference (CondAttr-style kNN),0,10.0,0.1,1,0,0,0,T: target pre-drift
A412,Simple fix: sliding-baseline deviation,0,12.0,0.08333333333333333,0,0,0,0,T: target pre-drift
A412,"LENS-U (original, label-free)",0,4.0,0.25,1,0,0,1,T: target pre-drift
A412,"LENS-SW (state-switched, exploratory)",0,12.0,0.08333333333333333,0,0,0,0,T: target pre-drift
A412,Raw deviation |z|,0,3.0,0.3333333333333333,1,0,1,1,T: target pre-drift
A413,LENS v2 (full),0,3.0,0.3333333333333333,1,0,1,1,T: target pre-drift
A413,LENS v2 without own-history term,0,4.0,0.25,1,0,0,1,T: target pre-drift
A413,LENS v2 without adaptation,0,9.0,0.1111111111111111,1,0,0,0,T: target pre-drift
A413,LENS v2 without CUSUM,0,2.0,0.5,1,0,1,1,T: target pre-drift
A413,Linear forecast residual (GDN-style),0,2.0,0.5,1,0,1,1,T: target pre-drift
A413,Conditional reference (CondAttr-style kNN),0,19.0,0.05263157894736842,1,0,0,0,T: target pre-drift
A413,Simple fix: sliding-baseline deviation,0,4.0,0.25,0,0,0,1,T: target pre-drift
A413,"LENS-U (original, label-free)",0,2.0,0.5,0,0,1,1,T: target pre-drift
A413,"LENS-SW (state-switched, exploratory)",0,1.0,1.0,1,1,1,1,T: target pre-drift
A413,Raw deviation |z|,0,4.0,0.25,0,0,0,1,T: target pre-drift
A414,LENS v2 (full),0,5.0,0.2,0,0,0,1,T: target pre-drift
A414,LENS v2 without own-history term,0,5.0,0.2,0,0,0,1,T: target pre-drift
A414,LENS v2 without adaptation,0,10.0,0.1,0,0,0,0,T: target pre-drift
A414,LENS v2 without CUSUM,0,2.0,0.5,0,0,1,1,T: target pre-drift
A414,Linear forecast residual (GDN-style),0,5.0,0.2,1,0,0,1,T: target pre-drift
A414,Conditional reference (CondAttr-style kNN),0,32.0,0.03125,0,0,0,0,T: target pre-drift
A414,Simple fix: sliding-baseline deviation,0,19.0,0.05263157894736842,1,0,0,0,T: target pre-drift
A414,"LENS-U (original, label-free)",0,1.0,1.0,1,1,1,1,T: target pre-drift
A414,"LENS-SW (state-switched, exploratory)",0,1.0,1.0,1,1,1,1,T: target pre-drift
A414,Raw deviation |z|,0,38.0,0.02631578947368421,1,0,0,0,T: target pre-drift
A415,LENS v2 (full),0,53.5,0.018691588785046728,1,0,0,0,T: target pre-drift
A415,LENS v2 without own-history term,0,54.0,0.018518518518518517,0,0,0,0,T: target pre-drift
A415,LENS v2 without adaptation,0,55.5,0.018018018018018018,0,0,0,0,T: target pre-drift
A415,LENS v2 without CUSUM,0,77.5,0.012903225806451613,1,0,0,0,T: target pre-drift
A415,Linear forecast residual (GDN-style),0,77.5,0.012903225806451613,0,0,0,0,T: target pre-drift
A415,Conditional reference (CondAttr-style kNN),0,76.0,0.013157894736842105,0,0,0,0,T: target pre-drift
A415,Simple fix: sliding-baseline deviation,0,69.5,0.014388489208633094,0,0,0,0,T: target pre-drift
A415,"LENS-U (original, label-free)",0,77.5,0.012903225806451613,0,0,0,0,T: target pre-drift
A415,"LENS-SW (state-switched, exploratory)",0,77.5,0.012903225806451613,0,0,0,0,T: target pre-drift
A415,Raw deviation |z|,0,77.5,0.012903225806451613,0,0,0,0,T: target pre-drift
A416,LENS v2 (full),0,5.0,0.2,1,0,0,1,T: target pre-drift
A416,LENS v2 without own-history term,0,8.0,0.125,1,0,0,0,T: target pre-drift
A416,LENS v2 without adaptation,0,11.0,0.09090909090909091,1,0,0,0,T: target pre-drift
A416,LENS v2 without CUSUM,0,6.0,0.16666666666666666,1,0,0,0,T: target pre-drift
A416,Linear forecast residual (GDN-style),0,2.0,0.5,1,0,1,1,T: target pre-drift
A416,Conditional reference (CondAttr-style kNN),0,15.0,0.06666666666666667,1,0,0,0,T: target pre-drift
A416,Simple fix: sliding-baseline deviation,0,28.0,0.03571428571428571,1,0,0,0,T: target pre-drift
A416,"LENS-U (original, label-free)",0,45.0,0.022222222222222223,1,0,0,0,T: target pre-drift
A416,"LENS-SW (state-switched, exploratory)",0,35.0,0.02857142857142857,1,0,0,0,T: target pre-drift
A416,Raw deviation |z|,0,34.0,0.029411764705882353,1,0,0,0,T: target pre-drift
A417,LENS v2 (full),0,49.0,0.02040816326530612,0,0,0,0,T: target pre-drift
A417,LENS v2 without own-history term,0,50.0,0.02,1,0,0,0,T: target pre-drift
A417,LENS v2 without adaptation,0,51.5,0.019417475728155338,1,0,0,0,T: target pre-drift
A417,LENS v2 without CUSUM,0,24.0,0.041666666666666664,0,0,0,0,T: target pre-drift
A417,Linear forecast residual (GDN-style),0,64.0,0.015625,1,0,0,0,T: target pre-drift
A417,Conditional reference (CondAttr-style kNN),0,26.0,0.038461538461538464,1,0,0,0,T: target pre-drift
A417,Simple fix: sliding-baseline deviation,0,69.5,0.014388489208633094,1,0,0,0,T: target pre-drift
A417,"LENS-U (original, label-free)",0,52.0,0.019230769230769232,1,0,0,0,T: target pre-drift
A417,"LENS-SW (state-switched, exploratory)",0,50.0,0.02,0,0,0,0,T: target pre-drift
A417,Raw deviation |z|,0,48.0,0.020833333333333332,1,0,0,0,T: target pre-drift
A418,LENS v2 (full),0,4.0,0.25,1,0,0,1,T: target pre-drift
A418,LENS v2 without own-history term,0,8.0,0.125,1,0,0,0,T: target pre-drift
A418,LENS v2 without adaptation,0,12.0,0.08333333333333333,1,0,0,0,T: target pre-drift
A418,LENS v2 without CUSUM,0,6.0,0.16666666666666666,1,0,0,0,T: target pre-drift
A418,Linear forecast residual (GDN-style),0,19.0,0.05263157894736842,1,0,0,0,T: target pre-drift
A418,Conditional reference (CondAttr-style kNN),0,30.0,0.03333333333333333,1,0,0,0,T: target pre-drift
A418,Simple fix: sliding-baseline deviation,0,27.0,0.037037037037037035,1,0,0,0,T: target pre-drift
A418,"LENS-U (original, label-free)",0,45.0,0.022222222222222223,0,0,0,0,T: target pre-drift
A418,"LENS-SW (state-switched, exploratory)",0,41.0,0.024390243902439025,1,0,0,0,T: target pre-drift
A418,Raw deviation |z|,0,60.0,0.016666666666666666,1,0,0,0,T: target pre-drift
A419,LENS v2 (full),0,6.0,0.16666666666666666,0,0,0,0,T: target pre-drift
A419,LENS v2 without own-history term,0,6.0,0.16666666666666666,1,0,0,0,T: target pre-drift
A419,LENS v2 without adaptation,0,10.0,0.1,1,0,0,0,T: target pre-drift
A419,LENS v2 without CUSUM,0,4.0,0.25,1,0,0,1,T: target pre-drift
A419,Linear forecast residual (GDN-style),0,2.0,0.5,1,0,1,1,T: target pre-drift
A419,Conditional reference (CondAttr-style kNN),0,22.0,0.045454545454545456,0,0,0,0,T: target pre-drift
A419,Simple fix: sliding-baseline deviation,0,20.0,0.05,1,0,0,0,T: target pre-drift
A419,"LENS-U (original, label-free)",0,1.0,1.0,1,1,1,1,T: target pre-drift
A419,"LENS-SW (state-switched, exploratory)",0,1.0,1.0,1,1,1,1,T: target pre-drift
A419,Raw deviation |z|,0,32.0,0.03125,1,0,0,0,T: target pre-drift
A420,LENS v2 (full),0,2.0,0.5,1,0,1,1,T: target pre-drift
A420,LENS v2 without own-history term,0,6.0,0.16666666666666666,1,0,0,0,T: target pre-drift
A420,LENS v2 without adaptation,0,9.0,0.1111111111111111,1,0,0,0,T: target pre-drift
A420,LENS v2 without CUSUM,0,2.0,0.5,1,0,1,1,T: target pre-drift
A420,Linear forecast residual (GDN-style),0,1.0,1.0,1,1,1,1,T: target pre-drift
A420,Conditional reference (CondAttr-style kNN),0,16.0,0.0625,1,0,0,0,T: target pre-drift
A420,Simple fix: sliding-baseline deviation,0,12.0,0.08333333333333333,1,0,0,0,T: target pre-drift
A420,"LENS-U (original, label-free)",0,3.0,0.3333333333333333,1,0,1,1,T: target pre-drift
A420,"LENS-SW (state-switched, exploratory)",0,1.0,1.0,1,1,1,1,T: target pre-drift
A420,Raw deviation |z|,0,12.0,0.08333333333333333,1,0,0,0,T: target pre-drift
A421,LENS v2 (full),0,3.0,0.3333333333333333,1,0,1,1,T: target pre-drift
A421,LENS v2 without own-history term,0,4.0,0.25,1,0,0,1,T: target pre-drift
A421,LENS v2 without adaptation,0,9.0,0.1111111111111111,1,0,0,0,T: target pre-drift
A421,LENS v2 without CUSUM,0,2.0,0.5,1,0,1,1,T: target pre-drift
A421,Linear forecast residual (GDN-style),0,1.0,1.0,1,1,1,1,T: target pre-drift
A421,Conditional reference (CondAttr-style kNN),0,4.0,0.25,1,0,0,1,T: target pre-drift
A421,Simple fix: sliding-baseline deviation,0,5.0,0.2,0,0,0,1,T: target pre-drift
A421,"LENS-U (original, label-free)",0,24.0,0.041666666666666664,0,0,0,0,T: target pre-drift
A421,"LENS-SW (state-switched, exploratory)",0,8.0,0.125,0,0,0,0,T: target pre-drift
A421,Raw deviation |z|,0,25.0,0.04,0,0,0,0,T: target pre-drift
A422,LENS v2 (full),0,5.0,0.2,1,0,0,1,T: target pre-drift
A422,LENS v2 without own-history term,0,6.0,0.16666666666666666,1,0,0,0,T: target pre-drift
A422,LENS v2 without adaptation,0,7.0,0.14285714285714285,1,0,0,0,T: target pre-drift
A422,LENS v2 without CUSUM,0,2.0,0.5,0,0,1,1,T: target pre-drift
A422,Linear forecast residual (GDN-style),0,11.0,0.09090909090909091,0,0,0,0,T: target pre-drift
A422,Conditional reference (CondAttr-style kNN),0,5.0,0.2,1,0,0,1,T: target pre-drift
A422,Simple fix: sliding-baseline deviation,0,19.0,0.05263157894736842,1,0,0,0,T: target pre-drift
A422,"LENS-U (original, label-free)",0,36.0,0.027777777777777776,1,0,0,0,T: target pre-drift
A422,"LENS-SW (state-switched, exploratory)",0,31.0,0.03225806451612903,1,0,0,0,T: target pre-drift
A422,Raw deviation |z|,0,30.0,0.03333333333333333,1,0,0,0,T: target pre-drift
A423,LENS v2 (full),0,6.0,0.16666666666666666,1,0,0,0,T: target pre-drift
A423,LENS v2 without own-history term,0,6.0,0.16666666666666666,1,0,0,0,T: target pre-drift
A423,LENS v2 without adaptation,0,9.0,0.1111111111111111,1,0,0,0,T: target pre-drift
A423,LENS v2 without CUSUM,0,3.0,0.3333333333333333,1,0,1,1,T: target pre-drift
A423,Linear forecast residual (GDN-style),0,8.0,0.125,1,0,0,0,T: target pre-drift
A423,Conditional reference (CondAttr-style kNN),0,4.0,0.25,1,0,0,1,T: target pre-drift
A423,Simple fix: sliding-baseline deviation,0,16.0,0.0625,1,0,0,0,T: target pre-drift
A423,"LENS-U (original, label-free)",0,17.0,0.058823529411764705,1,0,0,0,T: target pre-drift
A423,"LENS-SW (state-switched, exploratory)",0,5.0,0.2,1,0,0,1,T: target pre-drift
A423,Raw deviation |z|,0,30.0,0.03333333333333333,1,0,0,0,T: target pre-drift
A424,LENS v2 (full),0,5.0,0.2,1,0,0,1,T: target pre-drift
A424,LENS v2 without own-history term,0,7.0,0.14285714285714285,1,0,0,0,T: target pre-drift
A424,LENS v2 without adaptation,0,5.0,0.2,1,0,0,1,T: target pre-drift
A424,LENS v2 without CUSUM,0,5.0,0.2,1,0,0,1,T: target pre-drift
A424,Linear forecast residual (GDN-style),0,1.0,1.0,1,1,1,1,T: target pre-drift
A424,Conditional reference (CondAttr-style kNN),0,5.0,0.2,0,0,0,1,T: target pre-drift
A424,Simple fix: sliding-baseline deviation,0,12.0,0.08333333333333333,0,0,0,0,T: target pre-drift
A424,"LENS-U (original, label-free)",0,2.0,0.5,1,0,1,1,T: target pre-drift
A424,"LENS-SW (state-switched, exploratory)",0,4.0,0.25,1,0,0,1,T: target pre-drift
A424,Raw deviation |z|,0,14.0,0.07142857142857142,1,0,0,0,T: target pre-drift
A101,LENS v2 (full),3,12.0,0.08333333333333333,1,0,0,0,T: target pre-drift
A101,LENS v2 without own-history term,3,14.0,0.07142857142857142,1,0,0,0,T: target pre-drift
A101,LENS v2 without adaptation,3,21.0,0.047619047619047616,1,0,0,0,T: target pre-drift
A101,LENS v2 without CUSUM,3,11.0,0.09090909090909091,1,0,0,0,T: target pre-drift
A101,Linear forecast residual (GDN-style),3,22.0,0.045454545454545456,1,0,0,0,T: target pre-drift
A101,Conditional reference (CondAttr-style kNN),3,24.0,0.041666666666666664,1,0,0,0,T: target pre-drift
A101,Simple fix: sliding-baseline deviation,3,22.0,0.045454545454545456,1,0,0,0,T: target pre-drift
A101,"LENS-U (original, label-free)",3,21.0,0.047619047619047616,0,0,0,0,T: target pre-drift
A101,"LENS-SW (state-switched, exploratory)",3,9.0,0.1111111111111111,0,0,0,0,T: target pre-drift
A101,Raw deviation |z|,3,23.0,0.043478260869565216,0,0,0,0,T: target pre-drift
A102,LENS v2 (full),3,10.0,0.1,1,0,0,0,T: target pre-drift
A102,LENS v2 without own-history term,3,14.0,0.07142857142857142,1,0,0,0,T: target pre-drift
A102,LENS v2 without adaptation,3,44.0,0.022727272727272728,1,0,0,0,T: target pre-drift
A102,LENS v2 without CUSUM,3,9.0,0.1111111111111111,1,0,0,0,T: target pre-drift
A102,Linear forecast residual (GDN-style),3,6.0,0.16666666666666666,1,0,0,0,T: target pre-drift
A102,Conditional reference (CondAttr-style kNN),3,13.0,0.07692307692307693,1,0,0,0,T: target pre-drift
A102,Simple fix: sliding-baseline deviation,3,1.0,1.0,1,1,1,1,T: target pre-drift
A102,"LENS-U (original, label-free)",3,1.0,1.0,1,1,1,1,T: target pre-drift
A102,"LENS-SW (state-switched, exploratory)",3,3.0,0.3333333333333333,0,0,1,1,T: target pre-drift
A102,Raw deviation |z|,3,1.0,1.0,1,1,1,1,T: target pre-drift
A103,LENS v2 (full),3,5.0,0.2,1,0,0,1,T: target pre-drift
A103,LENS v2 without own-history term,3,7.0,0.14285714285714285,1,0,0,0,T: target pre-drift
A103,LENS v2 without adaptation,3,21.5,0.046511627906976744,1,0,0,0,T: target pre-drift
A103,LENS v2 without CUSUM,3,9.0,0.1111111111111111,1,0,0,0,T: target pre-drift
A103,Linear forecast residual (GDN-style),3,14.0,0.07142857142857142,1,0,0,0,T: target pre-drift
A103,Conditional reference (CondAttr-style kNN),3,6.0,0.16666666666666666,1,0,0,0,T: target pre-drift
A103,Simple fix: sliding-baseline deviation,3,10.0,0.1,0,0,0,0,T: target pre-drift
A103,"LENS-U (original, label-free)",3,1.0,1.0,1,1,1,1,T: target pre-drift
A103,"LENS-SW (state-switched, exploratory)",3,1.0,1.0,1,1,1,1,T: target pre-drift
A103,Raw deviation |z|,3,2.0,0.5,0,0,1,1,T: target pre-drift
A104,LENS v2 (full),3,12.0,0.08333333333333333,0,0,0,0,T: target pre-drift
A104,LENS v2 without own-history term,3,14.0,0.07142857142857142,0,0,0,0,T: target pre-drift
A104,LENS v2 without adaptation,3,21.0,0.047619047619047616,0,0,0,0,T: target pre-drift
A104,LENS v2 without CUSUM,3,1.0,1.0,1,1,1,1,T: target pre-drift
A104,Linear forecast residual (GDN-style),3,35.0,0.02857142857142857,0,0,0,0,T: target pre-drift
A104,Conditional reference (CondAttr-style kNN),3,9.0,0.1111111111111111,0,0,0,0,T: target pre-drift
A104,Simple fix: sliding-baseline deviation,3,45.0,0.022222222222222223,0,0,0,0,T: target pre-drift
A104,"LENS-U (original, label-free)",3,1.0,1.0,1,1,1,1,T: target pre-drift
A104,"LENS-SW (state-switched, exploratory)",3,2.0,0.5,0,0,1,1,T: target pre-drift
A104,Raw deviation |z|,3,4.0,0.25,0,0,0,1,T: target pre-drift
A105,LENS v2 (full),3,32.0,0.03125,1,0,0,0,T: target pre-drift
A105,LENS v2 without own-history term,3,33.0,0.030303030303030304,1,0,0,0,T: target pre-drift
A105,LENS v2 without adaptation,3,22.5,0.044444444444444446,1,0,0,0,T: target pre-drift
A105,LENS v2 without CUSUM,3,28.0,0.03571428571428571,1,0,0,0,T: target pre-drift
A105,Linear forecast residual (GDN-style),3,37.0,0.02702702702702703,1,0,0,0,T: target pre-drift
A105,Conditional reference (CondAttr-style kNN),3,14.0,0.07142857142857142,1,0,0,0,T: target pre-drift
A105,Simple fix: sliding-baseline deviation,3,13.0,0.07692307692307693,1,0,0,0,T: target pre-drift
A105,"LENS-U (original, label-free)",3,18.0,0.05555555555555555,0,0,0,0,T: target pre-drift
A105,"LENS-SW (state-switched, exploratory)",3,23.0,0.043478260869565216,0,0,0,0,T: target pre-drift
A105,Raw deviation |z|,3,6.0,0.16666666666666666,1,0,0,0,T: target pre-drift
A106,LENS v2 (full),3,17.0,0.058823529411764705,1,0,0,0,T: target pre-drift
A106,LENS v2 without own-history term,3,18.0,0.05555555555555555,1,0,0,0,T: target pre-drift
A106,LENS v2 without adaptation,3,48.0,0.020833333333333332,1,0,0,0,T: target pre-drift
A106,LENS v2 without CUSUM,3,13.0,0.07692307692307693,1,0,0,0,T: target pre-drift
A106,Linear forecast residual (GDN-style),3,36.0,0.027777777777777776,1,0,0,0,T: target pre-drift
A106,Conditional reference (CondAttr-style kNN),3,1.5,0.6666666666666666,1,0,1,1,T: target pre-drift
A106,Simple fix: sliding-baseline deviation,3,15.0,0.06666666666666667,0,0,0,0,T: target pre-drift
A106,"LENS-U (original, label-free)",3,24.0,0.041666666666666664,0,0,0,0,T: target pre-drift
A106,"LENS-SW (state-switched, exploratory)",3,15.0,0.06666666666666667,0,0,0,0,T: target pre-drift
A106,Raw deviation |z|,3,2.0,0.5,0,0,1,1,T: target pre-drift
A107,LENS v2 (full),3,25.0,0.04,1,0,0,0,T: target pre-drift
A107,LENS v2 without own-history term,3,6.5,0.15384615384615385,1,0,0,0,T: target pre-drift
A107,LENS v2 without adaptation,3,22.5,0.044444444444444446,1,0,0,0,T: target pre-drift
A107,LENS v2 without CUSUM,3,28.0,0.03571428571428571,1,0,0,0,T: target pre-drift
A107,Linear forecast residual (GDN-style),3,25.0,0.04,1,0,0,0,T: target pre-drift
A107,Conditional reference (CondAttr-style kNN),3,1.0,1.0,1,1,1,1,T: target pre-drift
A107,Simple fix: sliding-baseline deviation,3,44.0,0.022727272727272728,0,0,0,0,T: target pre-drift
A107,"LENS-U (original, label-free)",3,14.0,0.07142857142857142,1,0,0,0,T: target pre-drift
A107,"LENS-SW (state-switched, exploratory)",3,3.0,0.3333333333333333,0,0,1,1,T: target pre-drift
A107,Raw deviation |z|,3,8.0,0.125,1,0,0,0,T: target pre-drift
A201,LENS v2 (full),3,13.0,0.07692307692307693,1,0,0,0,T: target pre-drift
A201,LENS v2 without own-history term,3,12.0,0.08333333333333333,1,0,0,0,T: target pre-drift
A201,LENS v2 without adaptation,3,11.0,0.09090909090909091,1,0,0,0,T: target pre-drift
A201,LENS v2 without CUSUM,3,23.0,0.043478260869565216,0,0,0,0,T: target pre-drift
A201,Linear forecast residual (GDN-style),3,18.0,0.05555555555555555,0,0,0,0,T: target pre-drift
A201,Conditional reference (CondAttr-style kNN),3,29.0,0.034482758620689655,1,0,0,0,T: target pre-drift
A201,Simple fix: sliding-baseline deviation,3,28.0,0.03571428571428571,1,0,0,0,T: target pre-drift
A201,"LENS-U (original, label-free)",3,8.0,0.125,1,0,0,0,T: target pre-drift
A201,"LENS-SW (state-switched, exploratory)",3,3.0,0.3333333333333333,0,0,1,1,T: target pre-drift
A201,Raw deviation |z|,3,11.0,0.09090909090909091,1,0,0,0,T: target pre-drift
A202,LENS v2 (full),3,57.5,0.017391304347826087,1,0,0,0,T: target pre-drift
A202,LENS v2 without own-history term,3,56.5,0.017699115044247787,1,0,0,0,T: target pre-drift
A202,LENS v2 without adaptation,3,33.0,0.030303030303030304,1,0,0,0,T: target pre-drift
A202,LENS v2 without CUSUM,3,43.0,0.023255813953488372,1,0,0,0,T: target pre-drift
A202,Linear forecast residual (GDN-style),3,25.0,0.04,0,0,0,0,T: target pre-drift
A202,Conditional reference (CondAttr-style kNN),3,11.0,0.09090909090909091,1,0,0,0,T: target pre-drift
A202,Simple fix: sliding-baseline deviation,3,35.0,0.02857142857142857,1,0,0,0,T: target pre-drift
A202,"LENS-U (original, label-free)",3,14.0,0.07142857142857142,1,0,0,0,T: target pre-drift
A202,"LENS-SW (state-switched, exploratory)",3,25.0,0.04,1,0,0,0,T: target pre-drift
A202,Raw deviation |z|,3,16.0,0.0625,1,0,0,0,T: target pre-drift
A203,LENS v2 (full),3,13.0,0.07692307692307693,0,0,0,0,T: target pre-drift
A203,LENS v2 without own-history term,3,11.0,0.09090909090909091,0,0,0,0,T: target pre-drift
A203,LENS v2 without adaptation,3,20.0,0.05,0,0,0,0,T: target pre-drift
A203,LENS v2 without CUSUM,3,13.0,0.07692307692307693,0,0,0,0,T: target pre-drift
A203,Linear forecast residual (GDN-style),3,65.0,0.015384615384615385,0,0,0,0,T: target pre-drift
A203,Conditional reference (CondAttr-style kNN),3,15.0,0.06666666666666667,0,0,0,0,T: target pre-drift
A203,Simple fix: sliding-baseline deviation,3,43.0,0.023255813953488372,0,0,0,0,T: target pre-drift
A203,"LENS-U (original, label-free)",3,8.0,0.125,0,0,0,0,T: target pre-drift
A203,"LENS-SW (state-switched, exploratory)",3,25.0,0.04,0,0,0,0,T: target pre-drift
A203,Raw deviation |z|,3,11.0,0.09090909090909091,0,0,0,0,T: target pre-drift
A204,LENS v2 (full),3,9.0,0.1111111111111111,1,0,0,0,T: target pre-drift
A204,LENS v2 without own-history term,3,9.0,0.1111111111111111,1,0,0,0,T: target pre-drift
A204,LENS v2 without adaptation,3,21.0,0.047619047619047616,1,0,0,0,T: target pre-drift
A204,LENS v2 without CUSUM,3,8.0,0.125,0,0,0,0,T: target pre-drift
A204,Linear forecast residual (GDN-style),3,23.0,0.043478260869565216,0,0,0,0,T: target pre-drift
A204,Conditional reference (CondAttr-style kNN),3,2.0,0.5,1,0,1,1,T: target pre-drift
A204,Simple fix: sliding-baseline deviation,3,25.0,0.04,1,0,0,0,T: target pre-drift
A204,"LENS-U (original, label-free)",3,7.0,0.14285714285714285,0,0,0,0,T: target pre-drift
A204,"LENS-SW (state-switched, exploratory)",3,5.0,0.2,0,0,0,1,T: target pre-drift
A204,Raw deviation |z|,3,5.0,0.2,1,0,0,1,T: target pre-drift
A205,LENS v2 (full),3,9.0,0.1111111111111111,0,0,0,0,T: target pre-drift
A205,LENS v2 without own-history term,3,9.0,0.1111111111111111,0,0,0,0,T: target pre-drift
A205,LENS v2 without adaptation,3,20.0,0.05,0,0,0,0,T: target pre-drift
A205,LENS v2 without CUSUM,3,6.0,0.16666666666666666,0,0,0,0,T: target pre-drift
A205,Linear forecast residual (GDN-style),3,30.0,0.03333333333333333,1,0,0,0,T: target pre-drift
A205,Conditional reference (CondAttr-style kNN),3,6.0,0.16666666666666666,0,0,0,0,T: target pre-drift
A205,Simple fix: sliding-baseline deviation,3,40.0,0.025,0,0,0,0,T: target pre-drift
A205,"LENS-U (original, label-free)",3,2.0,0.5,0,0,1,1,T: target pre-drift
A205,"LENS-SW (state-switched, exploratory)",3,56.0,0.017857142857142856,0,0,0,0,T: target pre-drift
A205,Raw deviation |z|,3,4.0,0.25,0,0,0,1,T: target pre-drift
A206,LENS v2 (full),3,3.5,0.2857142857142857,1,0,0,1,T: target pre-drift
A206,LENS v2 without own-history term,3,3.5,0.2857142857142857,1,0,0,1,T: target pre-drift
A206,LENS v2 without adaptation,3,17.0,0.058823529411764705,1,0,0,0,T: target pre-drift
A206,LENS v2 without CUSUM,3,6.0,0.16666666666666666,0,0,0,0,T: target pre-drift
A206,Linear forecast residual (GDN-style),3,8.0,0.125,0,0,0,0,T: target pre-drift
A206,Conditional reference (CondAttr-style kNN),3,1.0,1.0,1,1,1,1,T: target pre-drift
A206,Simple fix: sliding-baseline deviation,3,27.0,0.037037037037037035,1,0,0,0,T: target pre-drift
A206,"LENS-U (original, label-free)",3,1.0,1.0,1,1,1,1,T: target pre-drift
A206,"LENS-SW (state-switched, exploratory)",3,18.0,0.05555555555555555,0,0,0,0,T: target pre-drift
A206,Raw deviation |z|,3,2.0,0.5,0,0,1,1,T: target pre-drift
A207,LENS v2 (full),3,9.0,0.1111111111111111,1,0,0,0,T: target pre-drift
A207,LENS v2 without own-history term,3,9.0,0.1111111111111111,1,0,0,0,T: target pre-drift
A207,LENS v2 without adaptation,3,20.0,0.05,1,0,0,0,T: target pre-drift
A207,LENS v2 without CUSUM,3,8.0,0.125,0,0,0,0,T: target pre-drift
A207,Linear forecast residual (GDN-style),3,20.0,0.05,0,0,0,0,T: target pre-drift
A207,Conditional reference (CondAttr-style kNN),3,22.0,0.045454545454545456,0,0,0,0,T: target pre-drift
A207,Simple fix: sliding-baseline deviation,3,3.0,0.3333333333333333,1,0,1,1,T: target pre-drift
A207,"LENS-U (original, label-free)",3,6.0,0.16666666666666666,1,0,0,0,T: target pre-drift
A207,"LENS-SW (state-switched, exploratory)",3,1.0,1.0,1,1,1,1,T: target pre-drift
A207,Raw deviation |z|,3,4.0,0.25,1,0,0,1,T: target pre-drift
A208,LENS v2 (full),3,11.0,0.09090909090909091,0,0,0,0,T: target pre-drift
A208,LENS v2 without own-history term,3,12.0,0.08333333333333333,0,0,0,0,T: target pre-drift
A208,LENS v2 without adaptation,3,21.5,0.046511627906976744,0,0,0,0,T: target pre-drift
A208,LENS v2 without CUSUM,3,6.0,0.16666666666666666,0,0,0,0,T: target pre-drift
A208,Linear forecast residual (GDN-style),3,31.0,0.03225806451612903,0,0,0,0,T: target pre-drift
A208,Conditional reference (CondAttr-style kNN),3,2.0,0.5,0,0,1,1,T: target pre-drift
A208,Simple fix: sliding-baseline deviation,3,26.0,0.038461538461538464,0,0,0,0,T: target pre-drift
A208,"LENS-U (original, label-free)",3,8.0,0.125,0,0,0,0,T: target pre-drift
A208,"LENS-SW (state-switched, exploratory)",3,10.0,0.1,0,0,0,0,T: target pre-drift
A208,Raw deviation |z|,3,3.0,0.3333333333333333,0,0,1,1,T: target pre-drift
A209,LENS v2 (full),3,4.0,0.25,1,0,0,1,T: target pre-drift
A209,LENS v2 without own-history term,3,5.0,0.2,1,0,0,1,T: target pre-drift
A209,LENS v2 without adaptation,3,21.0,0.047619047619047616,1,0,0,0,T: target pre-drift
A209,LENS v2 without CUSUM,3,6.0,0.16666666666666666,0,0,0,0,T: target pre-drift
A209,Linear forecast residual (GDN-style),3,7.0,0.14285714285714285,0,0,0,0,T: target pre-drift
A209,Conditional reference (CondAttr-style kNN),3,14.0,0.07142857142857142,1,0,0,0,T: target pre-drift
A209,Simple fix: sliding-baseline deviation,3,21.0,0.047619047619047616,1,0,0,0,T: target pre-drift
A209,"LENS-U (original, label-free)",3,1.0,1.0,1,1,1,1,T: target pre-drift
A209,"LENS-SW (state-switched, exploratory)",3,18.0,0.05555555555555555,1,0,0,0,T: target pre-drift
A209,Raw deviation |z|,3,6.0,0.16666666666666666,0,0,0,0,T: target pre-drift
A210,LENS v2 (full),3,4.0,0.25,0,0,0,1,T: target pre-drift
A210,LENS v2 without own-history term,3,9.0,0.1111111111111111,0,0,0,0,T: target pre-drift
A210,LENS v2 without adaptation,3,41.0,0.024390243902439025,0,0,0,0,T: target pre-drift
A210,LENS v2 without CUSUM,3,1.0,1.0,1,1,1,1,T: target pre-drift
A210,Linear forecast residual (GDN-style),3,65.0,0.015384615384615385,0,0,0,0,T: target pre-drift
A210,Conditional reference (CondAttr-style kNN),3,3.0,0.3333333333333333,0,0,1,1,T: target pre-drift
A210,Simple fix: sliding-baseline deviation,3,69.5,0.014388489208633094,1,0,0,0,T: target pre-drift
A210,"LENS-U (original, label-free)",3,9.0,0.1111111111111111,0,0,0,0,T: target pre-drift
A210,"LENS-SW (state-switched, exploratory)",3,17.0,0.058823529411764705,1,0,0,0,T: target pre-drift
A210,Raw deviation |z|,3,3.0,0.3333333333333333,0,0,1,1,T: target pre-drift
A211,LENS v2 (full),3,4.0,0.25,1,0,0,1,T: target pre-drift
A211,LENS v2 without own-history term,3,4.5,0.2222222222222222,1,0,0,1,T: target pre-drift
A211,LENS v2 without adaptation,3,20.5,0.04878048780487805,1,0,0,0,T: target pre-drift
A211,LENS v2 without CUSUM,3,7.0,0.14285714285714285,0,0,0,0,T: target pre-drift
A211,Linear forecast residual (GDN-style),3,8.0,0.125,0,0,0,0,T: target pre-drift
A211,Conditional reference (CondAttr-style kNN),3,17.0,0.058823529411764705,0,0,0,0,T: target pre-drift
A211,Simple fix: sliding-baseline deviation,3,16.0,0.0625,1,0,0,0,T: target pre-drift
A211,"LENS-U (original, label-free)",3,3.0,0.3333333333333333,1,0,1,1,T: target pre-drift
A211,"LENS-SW (state-switched, exploratory)",3,6.0,0.16666666666666666,0,0,0,0,T: target pre-drift
A211,Raw deviation |z|,3,4.0,0.25,1,0,0,1,T: target pre-drift
A212,LENS v2 (full),3,11.0,0.09090909090909091,0,0,0,0,T: target pre-drift
A212,LENS v2 without own-history term,3,14.0,0.07142857142857142,0,0,0,0,T: target pre-drift
A212,LENS v2 without adaptation,3,20.5,0.04878048780487805,0,0,0,0,T: target pre-drift
A212,LENS v2 without CUSUM,3,8.0,0.125,0,0,0,0,T: target pre-drift
A212,Linear forecast residual (GDN-style),3,2.0,0.5,1,0,1,1,T: target pre-drift
A212,Conditional reference (CondAttr-style kNN),3,8.0,0.125,0,0,0,0,T: target pre-drift
A212,Simple fix: sliding-baseline deviation,3,34.0,0.029411764705882353,0,0,0,0,T: target pre-drift
A212,"LENS-U (original, label-free)",3,19.0,0.05263157894736842,0,0,0,0,T: target pre-drift
A212,"LENS-SW (state-switched, exploratory)",3,62.0,0.016129032258064516,1,0,0,0,T: target pre-drift
A212,Raw deviation |z|,3,6.0,0.16666666666666666,0,0,0,0,T: target pre-drift
A213,LENS v2 (full),3,53.0,0.018867924528301886,1,0,0,0,T: target pre-drift
A213,LENS v2 without own-history term,3,54.0,0.018518518518518517,1,0,0,0,T: target pre-drift
A213,LENS v2 without adaptation,3,46.0,0.021739130434782608,1,0,0,0,T: target pre-drift
A213,LENS v2 without CUSUM,3,51.0,0.0196078431372549,0,0,0,0,T: target pre-drift
A213,Linear forecast residual (GDN-style),3,24.0,0.041666666666666664,0,0,0,0,T: target pre-drift
A213,Conditional reference (CondAttr-style kNN),3,11.0,0.09090909090909091,1,0,0,0,T: target pre-drift
A213,Simple fix: sliding-baseline deviation,3,1.0,1.0,1,1,1,1,T: target pre-drift
A213,"LENS-U (original, label-free)",3,20.0,0.05,1,0,0,0,T: target pre-drift
A213,"LENS-SW (state-switched, exploratory)",3,37.0,0.02702702702702703,0,0,0,0,T: target pre-drift
A213,Raw deviation |z|,3,44.0,0.022727272727272728,0,0,0,0,T: target pre-drift
A214,LENS v2 (full),3,10.0,0.1,0,0,0,0,T: target pre-drift
A214,LENS v2 without own-history term,3,10.0,0.1,0,0,0,0,T: target pre-drift
A214,LENS v2 without adaptation,3,20.0,0.05,0,0,0,0,T: target pre-drift
A214,LENS v2 without CUSUM,3,7.0,0.14285714285714285,0,0,0,0,T: target pre-drift
A214,Linear forecast residual (GDN-style),3,30.0,0.03333333333333333,1,0,0,0,T: target pre-drift
A214,Conditional reference (CondAttr-style kNN),3,9.0,0.1111111111111111,0,0,0,0,T: target pre-drift
A214,Simple fix: sliding-baseline deviation,3,5.0,0.2,0,0,0,1,T: target pre-drift
A214,"LENS-U (original, label-free)",3,1.0,1.0,1,1,1,1,T: target pre-drift
A214,"LENS-SW (state-switched, exploratory)",3,7.0,0.14285714285714285,0,0,0,0,T: target pre-drift
A214,Raw deviation |z|,3,1.0,1.0,1,1,1,1,T: target pre-drift
A215,LENS v2 (full),3,11.0,0.09090909090909091,1,0,0,0,T: target pre-drift
A215,LENS v2 without own-history term,3,9.0,0.1111111111111111,1,0,0,0,T: target pre-drift
A215,LENS v2 without adaptation,3,20.0,0.05,1,0,0,0,T: target pre-drift
A215,LENS v2 without CUSUM,3,8.0,0.125,0,0,0,0,T: target pre-drift
A215,Linear forecast residual (GDN-style),3,14.0,0.07142857142857142,0,0,0,0,T: target pre-drift
A215,Conditional reference (CondAttr-style kNN),3,2.0,0.5,1,0,1,1,T: target pre-drift
A215,Simple fix: sliding-baseline deviation,3,39.0,0.02564102564102564,1,0,0,0,T: target pre-drift
A215,"LENS-U (original, label-free)",3,8.0,0.125,1,0,0,0,T: target pre-drift
A215,"LENS-SW (state-switched, exploratory)",3,8.0,0.125,1,0,0,0,T: target pre-drift
A215,Raw deviation |z|,3,11.0,0.09090909090909091,1,0,0,0,T: target pre-drift
A216,LENS v2 (full),3,12.0,0.08333333333333333,1,0,0,0,T: target pre-drift
A216,LENS v2 without own-history term,3,15.0,0.06666666666666667,1,0,0,0,T: target pre-drift
A216,LENS v2 without adaptation,3,20.0,0.05,1,0,0,0,T: target pre-drift
A216,LENS v2 without CUSUM,3,9.0,0.1111111111111111,0,0,0,0,T: target pre-drift
A216,Linear forecast residual (GDN-style),3,15.0,0.06666666666666667,0,0,0,0,T: target pre-drift
A216,Conditional reference (CondAttr-style kNN),3,5.0,0.2,1,0,0,1,T: target pre-drift
A216,Simple fix: sliding-baseline deviation,3,25.0,0.04,1,0,0,0,T: target pre-drift
A216,"LENS-U (original, label-free)",3,3.0,0.3333333333333333,0,0,1,1,T: target pre-drift
A216,"LENS-SW (state-switched, exploratory)",3,2.0,0.5,0,0,1,1,T: target pre-drift
A216,Raw deviation |z|,3,6.0,0.16666666666666666,0,0,0,0,T: target pre-drift
A217,LENS v2 (full),3,11.0,0.09090909090909091,1,0,0,0,T: target pre-drift
A217,LENS v2 without own-history term,3,13.0,0.07692307692307693,1,0,0,0,T: target pre-drift
A217,LENS v2 without adaptation,3,42.0,0.023809523809523808,1,0,0,0,T: target pre-drift
A217,LENS v2 without CUSUM,3,9.0,0.1111111111111111,0,0,0,0,T: target pre-drift
A217,Linear forecast residual (GDN-style),3,23.0,0.043478260869565216,0,0,0,0,T: target pre-drift
A217,Conditional reference (CondAttr-style kNN),3,12.0,0.08333333333333333,0,0,0,0,T: target pre-drift
A217,Simple fix: sliding-baseline deviation,3,33.0,0.030303030303030304,1,0,0,0,T: target pre-drift
A217,"LENS-U (original, label-free)",3,8.0,0.125,0,0,0,0,T: target pre-drift
A217,"LENS-SW (state-switched, exploratory)",3,9.0,0.1111111111111111,0,0,0,0,T: target pre-drift
A217,Raw deviation |z|,3,12.0,0.08333333333333333,0,0,0,0,T: target pre-drift
A301,LENS v2 (full),3,12.0,0.08333333333333333,1,0,0,0,T: target pre-drift
A301,LENS v2 without own-history term,3,15.0,0.06666666666666667,1,0,0,0,T: target pre-drift
A301,LENS v2 without adaptation,3,10.0,0.1,1,0,0,0,T: target pre-drift
A301,LENS v2 without CUSUM,3,26.0,0.038461538461538464,1,0,0,0,T: target pre-drift
A301,Linear forecast residual (GDN-style),3,24.0,0.041666666666666664,1,0,0,0,T: target pre-drift
A301,Conditional reference (CondAttr-style kNN),3,29.0,0.034482758620689655,1,0,0,0,T: target pre-drift
A301,Simple fix: sliding-baseline deviation,3,23.0,0.043478260869565216,1,0,0,0,T: target pre-drift
A301,"LENS-U (original, label-free)",3,2.0,0.5,1,0,1,1,T: target pre-drift
A301,"LENS-SW (state-switched, exploratory)",3,3.0,0.3333333333333333,1,0,1,1,T: target pre-drift
A301,Raw deviation |z|,3,34.0,0.029411764705882353,1,0,0,0,T: target pre-drift
A302,LENS v2 (full),3,13.0,0.07692307692307693,1,0,0,0,T: target pre-drift
A302,LENS v2 without own-history term,3,15.0,0.06666666666666667,1,0,0,0,T: target pre-drift
A302,LENS v2 without adaptation,3,22.5,0.044444444444444446,1,0,0,0,T: target pre-drift
A302,LENS v2 without CUSUM,3,12.0,0.08333333333333333,1,0,0,0,T: target pre-drift
A302,Linear forecast residual (GDN-style),3,32.0,0.03125,1,0,0,0,T: target pre-drift
A302,Conditional reference (CondAttr-style kNN),3,8.0,0.125,1,0,0,0,T: target pre-drift
A302,Simple fix: sliding-baseline deviation,3,4.0,0.25,1,0,0,1,T: target pre-drift
A302,"LENS-U (original, label-free)",3,3.0,0.3333333333333333,0,0,1,1,T: target pre-drift
A302,"LENS-SW (state-switched, exploratory)",3,4.0,0.25,0,0,0,1,T: target pre-drift
A302,Raw deviation |z|,3,1.0,1.0,1,1,1,1,T: target pre-drift
A303,LENS v2 (full),3,10.0,0.1,1,0,0,0,T: target pre-drift
A303,LENS v2 without own-history term,3,13.0,0.07692307692307693,1,0,0,0,T: target pre-drift
A303,LENS v2 without adaptation,3,21.0,0.047619047619047616,1,0,0,0,T: target pre-drift
A303,LENS v2 without CUSUM,3,10.0,0.1,1,0,0,0,T: target pre-drift
A303,Linear forecast residual (GDN-style),3,16.0,0.0625,1,0,0,0,T: target pre-drift
A303,Conditional reference (CondAttr-style kNN),3,6.0,0.16666666666666666,1,0,0,0,T: target pre-drift
A303,Simple fix: sliding-baseline deviation,3,1.0,1.0,1,1,1,1,T: target pre-drift
A303,"LENS-U (original, label-free)",3,2.0,0.5,0,0,1,1,T: target pre-drift
A303,"LENS-SW (state-switched, exploratory)",3,2.0,0.5,0,0,1,1,T: target pre-drift
A303,Raw deviation |z|,3,1.0,1.0,1,1,1,1,T: target pre-drift
A304,LENS v2 (full),3,11.0,0.09090909090909091,1,0,0,0,T: target pre-drift
A304,LENS v2 without own-history term,3,13.0,0.07692307692307693,1,0,0,0,T: target pre-drift
A304,LENS v2 without adaptation,3,22.5,0.044444444444444446,1,0,0,0,T: target pre-drift
A304,LENS v2 without CUSUM,3,8.0,0.125,0,0,0,0,T: target pre-drift
A304,Linear forecast residual (GDN-style),3,11.0,0.09090909090909091,1,0,0,0,T: target pre-drift
A304,Conditional reference (CondAttr-style kNN),3,10.0,0.1,1,0,0,0,T: target pre-drift
A304,Simple fix: sliding-baseline deviation,3,6.0,0.16666666666666666,1,0,0,0,T: target pre-drift
A304,"LENS-U (original, label-free)",3,1.0,1.0,1,1,1,1,T: target pre-drift
A304,"LENS-SW (state-switched, exploratory)",3,1.0,1.0,1,1,1,1,T: target pre-drift
A304,Raw deviation |z|,3,1.0,1.0,1,1,1,1,T: target pre-drift
A305,LENS v2 (full),3,10.0,0.1,1,0,0,0,T: target pre-drift
A305,LENS v2 without own-history term,3,13.0,0.07692307692307693,1,0,0,0,T: target pre-drift
A305,LENS v2 without adaptation,3,19.5,0.05128205128205128,1,0,0,0,T: target pre-drift
A305,LENS v2 without CUSUM,3,1.0,1.0,1,1,1,1,T: target pre-drift
A305,Linear forecast residual (GDN-style),3,5.0,0.2,1,0,0,1,T: target pre-drift
A305,Conditional reference (CondAttr-style kNN),3,7.0,0.14285714285714285,1,0,0,0,T: target pre-drift
A305,Simple fix: sliding-baseline deviation,3,1.0,1.0,1,1,1,1,T: target pre-drift
A305,"LENS-U (original, label-free)",3,1.0,1.0,1,1,1,1,T: target pre-drift
A305,"LENS-SW (state-switched, exploratory)",3,1.0,1.0,1,1,1,1,T: target pre-drift
A305,Raw deviation |z|,3,1.0,1.0,1,1,1,1,T: target pre-drift
A306,LENS v2 (full),3,16.0,0.0625,1,0,0,0,T: target pre-drift
A306,LENS v2 without own-history term,3,17.0,0.058823529411764705,1,0,0,0,T: target pre-drift
A306,LENS v2 without adaptation,3,21.0,0.047619047619047616,1,0,0,0,T: target pre-drift
A306,LENS v2 without CUSUM,3,12.0,0.08333333333333333,1,0,0,0,T: target pre-drift
A306,Linear forecast residual (GDN-style),3,34.0,0.029411764705882353,1,0,0,0,T: target pre-drift
A306,Conditional reference (CondAttr-style kNN),3,11.0,0.09090909090909091,1,0,0,0,T: target pre-drift
A306,Simple fix: sliding-baseline deviation,3,3.0,0.3333333333333333,1,0,1,1,T: target pre-drift
A306,"LENS-U (original, label-free)",3,2.0,0.5,0,0,1,1,T: target pre-drift
A306,"LENS-SW (state-switched, exploratory)",3,3.0,0.3333333333333333,0,0,1,1,T: target pre-drift
A306,Raw deviation |z|,3,2.0,0.5,0,0,1,1,T: target pre-drift
A307,LENS v2 (full),3,5.5,0.18181818181818182,1,0,0,0,T: target pre-drift
A307,LENS v2 without own-history term,3,6.0,0.16666666666666666,1,0,0,0,T: target pre-drift
A307,LENS v2 without adaptation,3,23.0,0.043478260869565216,1,0,0,0,T: target pre-drift
A307,LENS v2 without CUSUM,3,8.0,0.125,1,0,0,0,T: target pre-drift
A307,Linear forecast residual (GDN-style),3,17.0,0.058823529411764705,1,0,0,0,T: target pre-drift
A307,Conditional reference (CondAttr-style kNN),3,1.5,0.6666666666666666,1,0,1,1,T: target pre-drift
A307,Simple fix: sliding-baseline deviation,3,45.0,0.022222222222222223,1,0,0,0,T: target pre-drift
A307,"LENS-U (original, label-free)",3,5.0,0.2,0,0,0,1,T: target pre-drift
A307,"LENS-SW (state-switched, exploratory)",3,5.0,0.2,0,0,0,1,T: target pre-drift
A307,Raw deviation |z|,3,20.0,0.05,1,0,0,0,T: target pre-drift
A308,LENS v2 (full),3,14.0,0.07142857142857142,1,0,0,0,T: target pre-drift
A308,LENS v2 without own-history term,3,14.0,0.07142857142857142,1,0,0,0,T: target pre-drift
A308,LENS v2 without adaptation,3,21.5,0.046511627906976744,1,0,0,0,T: target pre-drift
A308,LENS v2 without CUSUM,3,13.0,0.07692307692307693,1,0,0,0,T: target pre-drift
A308,Linear forecast residual (GDN-style),3,31.0,0.03225806451612903,1,0,0,0,T: target pre-drift
A308,Conditional reference (CondAttr-style kNN),3,1.5,0.6666666666666666,1,0,1,1,T: target pre-drift
A308,Simple fix: sliding-baseline deviation,3,2.0,0.5,0,0,1,1,T: target pre-drift
A308,"LENS-U (original, label-free)",3,15.0,0.06666666666666667,1,0,0,0,T: target pre-drift
A308,"LENS-SW (state-switched, exploratory)",3,13.0,0.07692307692307693,0,0,0,0,T: target pre-drift
A308,Raw deviation |z|,3,6.0,0.16666666666666666,0,0,0,0,T: target pre-drift
A309,LENS v2 (full),3,14.0,0.07142857142857142,1,0,0,0,T: target pre-drift
A309,LENS v2 without own-history term,3,16.0,0.0625,1,0,0,0,T: target pre-drift
A309,LENS v2 without adaptation,3,22.0,0.045454545454545456,1,0,0,0,T: target pre-drift
A309,LENS v2 without CUSUM,3,12.0,0.08333333333333333,1,0,0,0,T: target pre-drift
A309,Linear forecast residual (GDN-style),3,28.0,0.03571428571428571,1,0,0,0,T: target pre-drift
A309,Conditional reference (CondAttr-style kNN),3,1.5,0.6666666666666666,1,0,1,1,T: target pre-drift
A309,Simple fix: sliding-baseline deviation,3,43.0,0.023255813953488372,1,0,0,0,T: target pre-drift
A309,"LENS-U (original, label-free)",3,6.0,0.16666666666666666,0,0,0,0,T: target pre-drift
A309,"LENS-SW (state-switched, exploratory)",3,4.0,0.25,0,0,0,1,T: target pre-drift
A309,Raw deviation |z|,3,7.0,0.14285714285714285,1,0,0,0,T: target pre-drift
A310,LENS v2 (full),3,11.0,0.09090909090909091,0,0,0,0,T: target pre-drift
A310,LENS v2 without own-history term,3,14.0,0.07142857142857142,0,0,0,0,T: target pre-drift
A310,LENS v2 without adaptation,3,22.0,0.045454545454545456,0,0,0,0,T: target pre-drift
A310,LENS v2 without CUSUM,3,1.0,1.0,1,1,1,1,T: target pre-drift
A310,Linear forecast residual (GDN-style),3,2.5,0.4,0,0,1,1,T: target pre-drift
A310,Conditional reference (CondAttr-style kNN),3,5.0,0.2,0,0,0,1,T: target pre-drift
A310,Simple fix: sliding-baseline deviation,3,2.0,0.5,1,0,1,1,T: target pre-drift
A310,"LENS-U (original, label-free)",3,3.0,0.3333333333333333,0,0,1,1,T: target pre-drift
A310,"LENS-SW (state-switched, exploratory)",3,2.0,0.5,0,0,1,1,T: target pre-drift
A310,Raw deviation |z|,3,1.0,1.0,1,1,1,1,T: target pre-drift
A401,LENS v2 (full),3,15.0,0.06666666666666667,0,0,0,0,T: target pre-drift
A401,LENS v2 without own-history term,3,16.0,0.0625,0,0,0,0,T: target pre-drift
A401,LENS v2 without adaptation,3,35.0,0.02857142857142857,0,0,0,0,T: target pre-drift
A401,LENS v2 without CUSUM,3,5.0,0.2,0,0,0,1,T: target pre-drift
A401,Linear forecast residual (GDN-style),3,7.0,0.14285714285714285,0,0,0,0,T: target pre-drift
A401,Conditional reference (CondAttr-style kNN),3,3.0,0.3333333333333333,1,0,1,1,T: target pre-drift
A401,Simple fix: sliding-baseline deviation,3,1.0,1.0,1,1,1,1,T: target pre-drift
A401,"LENS-U (original, label-free)",3,9.0,0.1111111111111111,1,0,0,0,T: target pre-drift
A401,"LENS-SW (state-switched, exploratory)",3,1.0,1.0,1,1,1,1,T: target pre-drift
A401,Raw deviation |z|,3,1.0,1.0,1,1,1,1,T: target pre-drift
A402,LENS v2 (full),3,52.0,0.019230769230769232,1,0,0,0,T: target pre-drift
A402,LENS v2 without own-history term,3,53.0,0.018867924528301886,1,0,0,0,T: target pre-drift
A402,LENS v2 without adaptation,3,21.5,0.046511627906976744,1,0,0,0,T: target pre-drift
A402,LENS v2 without CUSUM,3,31.0,0.03225806451612903,1,0,0,0,T: target pre-drift
A402,Linear forecast residual (GDN-style),3,28.0,0.03571428571428571,1,0,0,0,T: target pre-drift
A402,Conditional reference (CondAttr-style kNN),3,4.0,0.25,1,0,0,1,T: target pre-drift
A402,Simple fix: sliding-baseline deviation,3,19.0,0.05263157894736842,1,0,0,0,T: target pre-drift
A402,"LENS-U (original, label-free)",3,17.0,0.058823529411764705,0,0,0,0,T: target pre-drift
A402,"LENS-SW (state-switched, exploratory)",3,8.0,0.125,0,0,0,0,T: target pre-drift
A402,Raw deviation |z|,3,44.0,0.022727272727272728,0,0,0,0,T: target pre-drift
A403,LENS v2 (full),3,52.0,0.019230769230769232,0,0,0,0,T: target pre-drift
A403,LENS v2 without own-history term,3,52.0,0.019230769230769232,0,0,0,0,T: target pre-drift
A403,LENS v2 without adaptation,3,24.5,0.04081632653061224,0,0,0,0,T: target pre-drift
A403,LENS v2 without CUSUM,3,29.0,0.034482758620689655,0,0,0,0,T: target pre-drift
A403,Linear forecast residual (GDN-style),3,3.5,0.2857142857142857,0,0,0,1,T: target pre-drift
A403,Conditional reference (CondAttr-style kNN),3,4.0,0.25,0,0,0,1,T: target pre-drift
A403,Simple fix: sliding-baseline deviation,3,39.0,0.02564102564102564,0,0,0,0,T: target pre-drift
A403,"LENS-U (original, label-free)",3,4.0,0.25,0,0,0,1,T: target pre-drift
A403,"LENS-SW (state-switched, exploratory)",3,7.0,0.14285714285714285,0,0,0,0,T: target pre-drift
A403,Raw deviation |z|,3,13.0,0.07692307692307693,0,0,0,0,T: target pre-drift
A404,LENS v2 (full),3,14.0,0.07142857142857142,0,0,0,0,T: target pre-drift
A404,LENS v2 without own-history term,3,16.0,0.0625,0,0,0,0,T: target pre-drift
A404,LENS v2 without adaptation,3,25.5,0.0392156862745098,0,0,0,0,T: target pre-drift
A404,LENS v2 without CUSUM,3,15.0,0.06666666666666667,0,0,0,0,T: target pre-drift
A404,Linear forecast residual (GDN-style),3,45.0,0.022222222222222223,0,0,0,0,T: target pre-drift
A404,Conditional reference (CondAttr-style kNN),3,12.0,0.08333333333333333,0,0,0,0,T: target pre-drift
A404,Simple fix: sliding-baseline deviation,3,9.0,0.1111111111111111,0,0,0,0,T: target pre-drift
A404,"LENS-U (original, label-free)",3,3.0,0.3333333333333333,0,0,1,1,T: target pre-drift
A404,"LENS-SW (state-switched, exploratory)",3,2.0,0.5,0,0,1,1,T: target pre-drift
A404,Raw deviation |z|,3,3.0,0.3333333333333333,0,0,1,1,T: target pre-drift
A405,LENS v2 (full),3,53.0,0.018867924528301886,1,0,0,0,T: target pre-drift
A405,LENS v2 without own-history term,3,53.0,0.018867924528301886,1,0,0,0,T: target pre-drift
A405,LENS v2 without adaptation,3,23.5,0.0425531914893617,1,0,0,0,T: target pre-drift
A405,LENS v2 without CUSUM,3,60.0,0.016666666666666666,1,0,0,0,T: target pre-drift
A405,Linear forecast residual (GDN-style),3,7.0,0.14285714285714285,1,0,0,0,T: target pre-drift
A405,Conditional reference (CondAttr-style kNN),3,12.0,0.08333333333333333,1,0,0,0,T: target pre-drift
A405,Simple fix: sliding-baseline deviation,3,69.5,0.014388489208633094,0,0,0,0,T: target pre-drift
A405,"LENS-U (original, label-free)",3,24.0,0.041666666666666664,1,0,0,0,T: target pre-drift
A405,"LENS-SW (state-switched, exploratory)",3,10.0,0.1,1,0,0,0,T: target pre-drift
A405,Raw deviation |z|,3,32.0,0.03125,1,0,0,0,T: target pre-drift
A406,LENS v2 (full),3,15.0,0.06666666666666667,1,0,0,0,T: target pre-drift
A406,LENS v2 without own-history term,3,17.0,0.058823529411764705,1,0,0,0,T: target pre-drift
A406,LENS v2 without adaptation,3,23.0,0.043478260869565216,1,0,0,0,T: target pre-drift
A406,LENS v2 without CUSUM,3,12.0,0.08333333333333333,1,0,0,0,T: target pre-drift
A406,Linear forecast residual (GDN-style),3,21.0,0.047619047619047616,1,0,0,0,T: target pre-drift
A406,Conditional reference (CondAttr-style kNN),3,6.0,0.16666666666666666,0,0,0,0,T: target pre-drift
A406,Simple fix: sliding-baseline deviation,3,42.0,0.023809523809523808,1,0,0,0,T: target pre-drift
A406,"LENS-U (original, label-free)",3,6.0,0.16666666666666666,0,0,0,0,T: target pre-drift
A406,"LENS-SW (state-switched, exploratory)",3,6.0,0.16666666666666666,0,0,0,0,T: target pre-drift
A406,Raw deviation |z|,3,4.0,0.25,0,0,0,1,T: target pre-drift
A407,LENS v2 (full),3,29.0,0.034482758620689655,1,0,0,0,T: target pre-drift
A407,LENS v2 without own-history term,3,30.0,0.03333333333333333,1,0,0,0,T: target pre-drift
A407,LENS v2 without adaptation,3,24.0,0.041666666666666664,1,0,0,0,T: target pre-drift
A407,LENS v2 without CUSUM,3,18.0,0.05555555555555555,1,0,0,0,T: target pre-drift
A407,Linear forecast residual (GDN-style),3,37.0,0.02702702702702703,1,0,0,0,T: target pre-drift
A407,Conditional reference (CondAttr-style kNN),3,25.0,0.04,1,0,0,0,T: target pre-drift
A407,Simple fix: sliding-baseline deviation,3,43.0,0.023255813953488372,1,0,0,0,T: target pre-drift
A407,"LENS-U (original, label-free)",3,8.0,0.125,1,0,0,0,T: target pre-drift
A407,"LENS-SW (state-switched, exploratory)",3,15.0,0.06666666666666667,0,0,0,0,T: target pre-drift
A407,Raw deviation |z|,3,11.0,0.09090909090909091,1,0,0,0,T: target pre-drift
A408,LENS v2 (full),3,13.0,0.07692307692307693,1,0,0,0,T: target pre-drift
A408,LENS v2 without own-history term,3,16.0,0.0625,1,0,0,0,T: target pre-drift
A408,LENS v2 without adaptation,3,24.0,0.041666666666666664,1,0,0,0,T: target pre-drift
A408,LENS v2 without CUSUM,3,13.0,0.07692307692307693,1,0,0,0,T: target pre-drift
A408,Linear forecast residual (GDN-style),3,14.0,0.07142857142857142,1,0,0,0,T: target pre-drift
A408,Conditional reference (CondAttr-style kNN),3,22.0,0.045454545454545456,1,0,0,0,T: target pre-drift
A408,Simple fix: sliding-baseline deviation,3,14.0,0.07142857142857142,0,0,0,0,T: target pre-drift
A408,"LENS-U (original, label-free)",3,6.0,0.16666666666666666,1,0,0,0,T: target pre-drift
A408,"LENS-SW (state-switched, exploratory)",3,14.0,0.07142857142857142,1,0,0,0,T: target pre-drift
A408,Raw deviation |z|,3,2.0,0.5,0,0,1,1,T: target pre-drift
A409,LENS v2 (full),3,12.0,0.08333333333333333,1,0,0,0,T: target pre-drift
A409,LENS v2 without own-history term,3,16.0,0.0625,1,0,0,0,T: target pre-drift
A409,LENS v2 without adaptation,3,23.5,0.0425531914893617,1,0,0,0,T: target pre-drift
A409,LENS v2 without CUSUM,3,4.0,0.25,1,0,0,1,T: target pre-drift
A409,Linear forecast residual (GDN-style),3,8.0,0.125,1,0,0,0,T: target pre-drift
A409,Conditional reference (CondAttr-style kNN),3,3.0,0.3333333333333333,1,0,1,1,T: target pre-drift
A409,Simple fix: sliding-baseline deviation,3,1.0,1.0,1,1,1,1,T: target pre-drift
A409,"LENS-U (original, label-free)",3,6.0,0.16666666666666666,1,0,0,0,T: target pre-drift
A409,"LENS-SW (state-switched, exploratory)",3,4.0,0.25,1,0,0,1,T: target pre-drift
A409,Raw deviation |z|,3,1.0,1.0,1,1,1,1,T: target pre-drift
A410,LENS v2 (full),3,12.0,0.08333333333333333,1,0,0,0,T: target pre-drift
A410,LENS v2 without own-history term,3,16.0,0.0625,1,0,0,0,T: target pre-drift
A410,LENS v2 without adaptation,3,23.5,0.0425531914893617,1,0,0,0,T: target pre-drift
A410,LENS v2 without CUSUM,3,11.0,0.09090909090909091,1,0,0,0,T: target pre-drift
A410,Linear forecast residual (GDN-style),3,22.0,0.045454545454545456,1,0,0,0,T: target pre-drift
A410,Conditional reference (CondAttr-style kNN),3,9.0,0.1111111111111111,1,0,0,0,T: target pre-drift
A410,Simple fix: sliding-baseline deviation,3,25.0,0.04,1,0,0,0,T: target pre-drift
A410,"LENS-U (original, label-free)",3,5.0,0.2,1,0,0,1,T: target pre-drift
A410,"LENS-SW (state-switched, exploratory)",3,21.0,0.047619047619047616,1,0,0,0,T: target pre-drift
A410,Raw deviation |z|,3,11.0,0.09090909090909091,0,0,0,0,T: target pre-drift
A411,LENS v2 (full),3,58.0,0.017241379310344827,1,0,0,0,T: target pre-drift
A411,LENS v2 without own-history term,3,57.5,0.017391304347826087,1,0,0,0,T: target pre-drift
A411,LENS v2 without adaptation,3,24.5,0.04081632653061224,1,0,0,0,T: target pre-drift
A411,LENS v2 without CUSUM,3,22.0,0.045454545454545456,1,0,0,0,T: target pre-drift
A411,Linear forecast residual (GDN-style),3,3.5,0.2857142857142857,1,0,0,1,T: target pre-drift
A411,Conditional reference (CondAttr-style kNN),3,2.0,0.5,1,0,1,1,T: target pre-drift
A411,Simple fix: sliding-baseline deviation,3,1.0,1.0,1,1,1,1,T: target pre-drift
A411,"LENS-U (original, label-free)",3,4.0,0.25,1,0,0,1,T: target pre-drift
A411,"LENS-SW (state-switched, exploratory)",3,41.0,0.024390243902439025,0,0,0,0,T: target pre-drift
A411,Raw deviation |z|,3,9.0,0.1111111111111111,1,0,0,0,T: target pre-drift
A412,LENS v2 (full),3,6.0,0.16666666666666666,1,0,0,0,T: target pre-drift
A412,LENS v2 without own-history term,3,8.0,0.125,1,0,0,0,T: target pre-drift
A412,LENS v2 without adaptation,3,25.5,0.0392156862745098,1,0,0,0,T: target pre-drift
A412,LENS v2 without CUSUM,3,2.0,0.5,1,0,1,1,T: target pre-drift
A412,Linear forecast residual (GDN-style),3,17.0,0.058823529411764705,1,0,0,0,T: target pre-drift
A412,Conditional reference (CondAttr-style kNN),3,9.0,0.1111111111111111,1,0,0,0,T: target pre-drift
A412,Simple fix: sliding-baseline deviation,3,12.0,0.08333333333333333,0,0,0,0,T: target pre-drift
A412,"LENS-U (original, label-free)",3,1.0,1.0,1,1,1,1,T: target pre-drift
A412,"LENS-SW (state-switched, exploratory)",3,3.0,0.3333333333333333,0,0,1,1,T: target pre-drift
A412,Raw deviation |z|,3,1.0,1.0,1,1,1,1,T: target pre-drift
A413,LENS v2 (full),3,12.0,0.08333333333333333,1,0,0,0,T: target pre-drift
A413,LENS v2 without own-history term,3,16.0,0.0625,1,0,0,0,T: target pre-drift
A413,LENS v2 without adaptation,3,23.0,0.043478260869565216,1,0,0,0,T: target pre-drift
A413,LENS v2 without CUSUM,3,11.0,0.09090909090909091,1,0,0,0,T: target pre-drift
A413,Linear forecast residual (GDN-style),3,23.0,0.043478260869565216,1,0,0,0,T: target pre-drift
A413,Conditional reference (CondAttr-style kNN),3,8.0,0.125,1,0,0,0,T: target pre-drift
A413,Simple fix: sliding-baseline deviation,3,4.0,0.25,0,0,0,1,T: target pre-drift
A413,"LENS-U (original, label-free)",3,1.0,1.0,1,1,1,1,T: target pre-drift
A413,"LENS-SW (state-switched, exploratory)",3,1.0,1.0,1,1,1,1,T: target pre-drift
A413,Raw deviation |z|,3,1.0,1.0,1,1,1,1,T: target pre-drift
A414,LENS v2 (full),3,13.0,0.07692307692307693,0,0,0,0,T: target pre-drift
A414,LENS v2 without own-history term,3,15.0,0.06666666666666667,0,0,0,0,T: target pre-drift
A414,LENS v2 without adaptation,3,25.0,0.04,0,0,0,0,T: target pre-drift
A414,LENS v2 without CUSUM,3,12.0,0.08333333333333333,0,0,0,0,T: target pre-drift
A414,Linear forecast residual (GDN-style),3,3.5,0.2857142857142857,0,0,0,1,T: target pre-drift
A414,Conditional reference (CondAttr-style kNN),3,2.5,0.4,1,0,1,1,T: target pre-drift
A414,Simple fix: sliding-baseline deviation,3,19.0,0.05263157894736842,1,0,0,0,T: target pre-drift
A414,"LENS-U (original, label-free)",3,18.0,0.05555555555555555,0,0,0,0,T: target pre-drift
A414,"LENS-SW (state-switched, exploratory)",3,5.0,0.2,0,0,0,1,T: target pre-drift
A414,Raw deviation |z|,3,8.0,0.125,1,0,0,0,T: target pre-drift
A415,LENS v2 (full),3,54.5,0.01834862385321101,0,0,0,0,T: target pre-drift
A415,LENS v2 without own-history term,3,55.0,0.01818181818181818,0,0,0,0,T: target pre-drift
A415,LENS v2 without adaptation,3,25.0,0.04,0,0,0,0,T: target pre-drift
A415,LENS v2 without CUSUM,3,69.0,0.014492753623188406,0,0,0,0,T: target pre-drift
A415,Linear forecast residual (GDN-style),3,3.5,0.2857142857142857,0,0,0,1,T: target pre-drift
A415,Conditional reference (CondAttr-style kNN),3,4.0,0.25,0,0,0,1,T: target pre-drift
A415,Simple fix: sliding-baseline deviation,3,69.5,0.014388489208633094,0,0,0,0,T: target pre-drift
A415,"LENS-U (original, label-free)",3,11.0,0.09090909090909091,0,0,0,0,T: target pre-drift
A415,"LENS-SW (state-switched, exploratory)",3,3.0,0.3333333333333333,0,0,1,1,T: target pre-drift
A415,Raw deviation |z|,3,5.0,0.2,0,0,0,1,T: target pre-drift
A416,LENS v2 (full),3,14.0,0.07142857142857142,1,0,0,0,T: target pre-drift
A416,LENS v2 without own-history term,3,19.0,0.05263157894736842,1,0,0,0,T: target pre-drift
A416,LENS v2 without adaptation,3,23.5,0.0425531914893617,1,0,0,0,T: target pre-drift
A416,LENS v2 without CUSUM,3,16.0,0.0625,1,0,0,0,T: target pre-drift
A416,Linear forecast residual (GDN-style),3,20.0,0.05,1,0,0,0,T: target pre-drift
A416,Conditional reference (CondAttr-style kNN),3,14.0,0.07142857142857142,1,0,0,0,T: target pre-drift
A416,Simple fix: sliding-baseline deviation,3,28.0,0.03571428571428571,1,0,0,0,T: target pre-drift
A416,"LENS-U (original, label-free)",3,4.0,0.25,0,0,0,1,T: target pre-drift
A416,"LENS-SW (state-switched, exploratory)",3,28.0,0.03571428571428571,0,0,0,0,T: target pre-drift
A416,Raw deviation |z|,3,8.0,0.125,0,0,0,0,T: target pre-drift
A417,LENS v2 (full),3,52.0,0.019230769230769232,1,0,0,0,T: target pre-drift
A417,LENS v2 without own-history term,3,54.0,0.018518518518518517,1,0,0,0,T: target pre-drift
A417,LENS v2 without adaptation,3,56.0,0.017857142857142856,1,0,0,0,T: target pre-drift
A417,LENS v2 without CUSUM,3,28.0,0.03571428571428571,1,0,0,0,T: target pre-drift
A417,Linear forecast residual (GDN-style),3,65.0,0.015384615384615385,1,0,0,0,T: target pre-drift
A417,Conditional reference (CondAttr-style kNN),3,10.0,0.1,1,0,0,0,T: target pre-drift
A417,Simple fix: sliding-baseline deviation,3,69.5,0.014388489208633094,1,0,0,0,T: target pre-drift
A417,"LENS-U (original, label-free)",3,24.0,0.041666666666666664,1,0,0,0,T: target pre-drift
A417,"LENS-SW (state-switched, exploratory)",3,29.0,0.034482758620689655,1,0,0,0,T: target pre-drift
A417,Raw deviation |z|,3,17.0,0.058823529411764705,0,0,0,0,T: target pre-drift
A418,LENS v2 (full),3,5.5,0.18181818181818182,1,0,0,0,T: target pre-drift
A418,LENS v2 without own-history term,3,7.5,0.13333333333333333,1,0,0,0,T: target pre-drift
A418,LENS v2 without adaptation,3,25.5,0.0392156862745098,1,0,0,0,T: target pre-drift
A418,LENS v2 without CUSUM,3,2.0,0.5,1,0,1,1,T: target pre-drift
A418,Linear forecast residual (GDN-style),3,17.0,0.058823529411764705,1,0,0,0,T: target pre-drift
A418,Conditional reference (CondAttr-style kNN),3,21.0,0.047619047619047616,1,0,0,0,T: target pre-drift
A418,Simple fix: sliding-baseline deviation,3,27.0,0.037037037037037035,1,0,0,0,T: target pre-drift
A418,"LENS-U (original, label-free)",3,1.0,1.0,1,1,1,1,T: target pre-drift
A418,"LENS-SW (state-switched, exploratory)",3,1.0,1.0,1,1,1,1,T: target pre-drift
A418,Raw deviation |z|,3,8.0,0.125,0,0,0,0,T: target pre-drift
A419,LENS v2 (full),3,5.5,0.18181818181818182,1,0,0,0,T: target pre-drift
A419,LENS v2 without own-history term,3,7.0,0.14285714285714285,1,0,0,0,T: target pre-drift
A419,LENS v2 without adaptation,3,26.0,0.038461538461538464,1,0,0,0,T: target pre-drift
A419,LENS v2 without CUSUM,3,2.0,0.5,1,0,1,1,T: target pre-drift
A419,Linear forecast residual (GDN-style),3,3.5,0.2857142857142857,1,0,0,1,T: target pre-drift
A419,Conditional reference (CondAttr-style kNN),3,17.0,0.058823529411764705,1,0,0,0,T: target pre-drift
A419,Simple fix: sliding-baseline deviation,3,20.0,0.05,1,0,0,0,T: target pre-drift
A419,"LENS-U (original, label-free)",3,3.0,0.3333333333333333,0,0,1,1,T: target pre-drift
A419,"LENS-SW (state-switched, exploratory)",3,3.0,0.3333333333333333,0,0,1,1,T: target pre-drift
A419,Raw deviation |z|,3,9.0,0.1111111111111111,0,0,0,0,T: target pre-drift
A420,LENS v2 (full),3,12.0,0.08333333333333333,1,0,0,0,T: target pre-drift
A420,LENS v2 without own-history term,3,17.0,0.058823529411764705,1,0,0,0,T: target pre-drift
A420,LENS v2 without adaptation,3,24.5,0.04081632653061224,1,0,0,0,T: target pre-drift
A420,LENS v2 without CUSUM,3,2.0,0.5,1,0,1,1,T: target pre-drift
A420,Linear forecast residual (GDN-style),3,11.0,0.09090909090909091,1,0,0,0,T: target pre-drift
A420,Conditional reference (CondAttr-style kNN),3,34.0,0.029411764705882353,0,0,0,0,T: target pre-drift
A420,Simple fix: sliding-baseline deviation,3,12.0,0.08333333333333333,1,0,0,0,T: target pre-drift
A420,"LENS-U (original, label-free)",3,2.0,0.5,1,0,1,1,T: target pre-drift
A420,"LENS-SW (state-switched, exploratory)",3,2.0,0.5,1,0,1,1,T: target pre-drift
A420,Raw deviation |z|,3,9.0,0.1111111111111111,1,0,0,0,T: target pre-drift
A421,LENS v2 (full),3,13.0,0.07692307692307693,1,0,0,0,T: target pre-drift
A421,LENS v2 without own-history term,3,15.0,0.06666666666666667,1,0,0,0,T: target pre-drift
A421,LENS v2 without adaptation,3,25.0,0.04,1,0,0,0,T: target pre-drift
A421,LENS v2 without CUSUM,3,2.0,0.5,1,0,1,1,T: target pre-drift
A421,Linear forecast residual (GDN-style),3,34.0,0.029411764705882353,1,0,0,0,T: target pre-drift
A421,Conditional reference (CondAttr-style kNN),3,5.0,0.2,1,0,0,1,T: target pre-drift
A421,Simple fix: sliding-baseline deviation,3,5.0,0.2,0,0,0,1,T: target pre-drift
A421,"LENS-U (original, label-free)",3,13.0,0.07692307692307693,1,0,0,0,T: target pre-drift
A421,"LENS-SW (state-switched, exploratory)",3,16.0,0.0625,0,0,0,0,T: target pre-drift
A421,Raw deviation |z|,3,4.0,0.25,1,0,0,1,T: target pre-drift
A422,LENS v2 (full),3,5.5,0.18181818181818182,1,0,0,0,T: target pre-drift
A422,LENS v2 without own-history term,3,6.5,0.15384615384615385,1,0,0,0,T: target pre-drift
A422,LENS v2 without adaptation,3,25.0,0.04,1,0,0,0,T: target pre-drift
A422,LENS v2 without CUSUM,3,2.0,0.5,1,0,1,1,T: target pre-drift
A422,Linear forecast residual (GDN-style),3,15.0,0.06666666666666667,1,0,0,0,T: target pre-drift
A422,Conditional reference (CondAttr-style kNN),3,16.0,0.0625,1,0,0,0,T: target pre-drift
A422,Simple fix: sliding-baseline deviation,3,19.0,0.05263157894736842,1,0,0,0,T: target pre-drift
A422,"LENS-U (original, label-free)",3,1.0,1.0,1,1,1,1,T: target pre-drift
A422,"LENS-SW (state-switched, exploratory)",3,18.0,0.05555555555555555,1,0,0,0,T: target pre-drift
A422,Raw deviation |z|,3,4.0,0.25,1,0,0,1,T: target pre-drift
A423,LENS v2 (full),3,12.0,0.08333333333333333,1,0,0,0,T: target pre-drift
A423,LENS v2 without own-history term,3,15.0,0.06666666666666667,1,0,0,0,T: target pre-drift
A423,LENS v2 without adaptation,3,23.5,0.0425531914893617,1,0,0,0,T: target pre-drift
A423,LENS v2 without CUSUM,3,12.0,0.08333333333333333,1,0,0,0,T: target pre-drift
A423,Linear forecast residual (GDN-style),3,31.0,0.03225806451612903,1,0,0,0,T: target pre-drift
A423,Conditional reference (CondAttr-style kNN),3,8.0,0.125,1,0,0,0,T: target pre-drift
A423,Simple fix: sliding-baseline deviation,3,16.0,0.0625,1,0,0,0,T: target pre-drift
A423,"LENS-U (original, label-free)",3,10.0,0.1,0,0,0,0,T: target pre-drift
A423,"LENS-SW (state-switched, exploratory)",3,14.0,0.07142857142857142,0,0,0,0,T: target pre-drift
A423,Raw deviation |z|,3,5.0,0.2,1,0,0,1,T: target pre-drift
A424,LENS v2 (full),3,14.0,0.07142857142857142,1,0,0,0,T: target pre-drift
A424,LENS v2 without own-history term,3,18.0,0.05555555555555555,1,0,0,0,T: target pre-drift
A424,LENS v2 without adaptation,3,51.0,0.0196078431372549,1,0,0,0,T: target pre-drift
A424,LENS v2 without CUSUM,3,15.0,0.06666666666666667,1,0,0,0,T: target pre-drift
A424,Linear forecast residual (GDN-style),3,36.0,0.027777777777777776,1,0,0,0,T: target pre-drift
A424,Conditional reference (CondAttr-style kNN),3,6.0,0.16666666666666666,1,0,0,0,T: target pre-drift
A424,Simple fix: sliding-baseline deviation,3,12.0,0.08333333333333333,0,0,0,0,T: target pre-drift
A424,"LENS-U (original, label-free)",3,11.0,0.09090909090909091,1,0,0,0,T: target pre-drift
A424,"LENS-SW (state-switched, exploratory)",3,14.0,0.07142857142857142,0,0,0,0,T: target pre-drift
A424,Raw deviation |z|,3,15.0,0.06666666666666667,1,0,0,0,T: target pre-drift
A101,LENS v2 (full),6,12.0,0.08333333333333333,1,0,0,0,T: target pre-drift
A101,LENS v2 without own-history term,6,13.0,0.07692307692307693,1,0,0,0,T: target pre-drift
A101,LENS v2 without adaptation,6,24.5,0.04081632653061224,1,0,0,0,T: target pre-drift
A101,LENS v2 without CUSUM,6,15.0,0.06666666666666667,1,0,0,0,T: target pre-drift
A101,Linear forecast residual (GDN-style),6,31.0,0.03225806451612903,1,0,0,0,T: target pre-drift
A101,Conditional reference (CondAttr-style kNN),6,25.0,0.04,1,0,0,0,T: target pre-drift
A101,Simple fix: sliding-baseline deviation,6,22.0,0.045454545454545456,1,0,0,0,T: target pre-drift
A101,"LENS-U (original, label-free)",6,2.0,0.5,0,0,1,1,T: target pre-drift
A101,"LENS-SW (state-switched, exploratory)",6,35.0,0.02857142857142857,0,0,0,0,T: target pre-drift
A101,Raw deviation |z|,6,8.0,0.125,0,0,0,0,T: target pre-drift
A102,LENS v2 (full),6,23.0,0.043478260869565216,1,0,0,0,T: target pre-drift
A102,LENS v2 without own-history term,6,26.0,0.038461538461538464,1,0,0,0,T: target pre-drift
A102,LENS v2 without adaptation,6,24.0,0.041666666666666664,1,0,0,0,T: target pre-drift
A102,LENS v2 without CUSUM,6,19.0,0.05263157894736842,1,0,0,0,T: target pre-drift
A102,Linear forecast residual (GDN-style),6,9.0,0.1111111111111111,1,0,0,0,T: target pre-drift
A102,Conditional reference (CondAttr-style kNN),6,12.0,0.08333333333333333,1,0,0,0,T: target pre-drift
A102,Simple fix: sliding-baseline deviation,6,1.0,1.0,1,1,1,1,T: target pre-drift
A102,"LENS-U (original, label-free)",6,1.0,1.0,1,1,1,1,T: target pre-drift
A102,"LENS-SW (state-switched, exploratory)",6,11.0,0.09090909090909091,0,0,0,0,T: target pre-drift
A102,Raw deviation |z|,6,1.0,1.0,1,1,1,1,T: target pre-drift
A103,LENS v2 (full),6,11.5,0.08695652173913043,1,0,0,0,T: target pre-drift
A103,LENS v2 without own-history term,6,13.0,0.07692307692307693,1,0,0,0,T: target pre-drift
A103,LENS v2 without adaptation,6,23.5,0.0425531914893617,1,0,0,0,T: target pre-drift
A103,LENS v2 without CUSUM,6,11.0,0.09090909090909091,1,0,0,0,T: target pre-drift
A103,Linear forecast residual (GDN-style),6,25.0,0.04,1,0,0,0,T: target pre-drift
A103,Conditional reference (CondAttr-style kNN),6,5.0,0.2,1,0,0,1,T: target pre-drift
A103,Simple fix: sliding-baseline deviation,6,10.0,0.1,0,0,0,0,T: target pre-drift
A103,"LENS-U (original, label-free)",6,2.0,0.5,0,0,1,1,T: target pre-drift
A103,"LENS-SW (state-switched, exploratory)",6,11.0,0.09090909090909091,1,0,0,0,T: target pre-drift
A103,Raw deviation |z|,6,2.0,0.5,0,0,1,1,T: target pre-drift
A104,LENS v2 (full),6,12.0,0.08333333333333333,0,0,0,0,T: target pre-drift
A104,LENS v2 without own-history term,6,13.0,0.07692307692307693,0,0,0,0,T: target pre-drift
A104,LENS v2 without adaptation,6,24.0,0.041666666666666664,0,0,0,0,T: target pre-drift
A104,LENS v2 without CUSUM,6,6.0,0.16666666666666666,0,0,0,0,T: target pre-drift
A104,Linear forecast residual (GDN-style),6,34.0,0.029411764705882353,0,0,0,0,T: target pre-drift
A104,Conditional reference (CondAttr-style kNN),6,10.0,0.1,0,0,0,0,T: target pre-drift
A104,Simple fix: sliding-baseline deviation,6,45.0,0.022222222222222223,0,0,0,0,T: target pre-drift
A104,"LENS-U (original, label-free)",6,2.0,0.5,0,0,1,1,T: target pre-drift
A104,"LENS-SW (state-switched, exploratory)",6,52.0,0.019230769230769232,0,0,0,0,T: target pre-drift
A104,Raw deviation |z|,6,3.0,0.3333333333333333,0,0,1,1,T: target pre-drift
A105,LENS v2 (full),6,12.0,0.08333333333333333,1,0,0,0,T: target pre-drift
A105,LENS v2 without own-history term,6,13.5,0.07407407407407407,1,0,0,0,T: target pre-drift
A105,LENS v2 without adaptation,6,24.0,0.041666666666666664,1,0,0,0,T: target pre-drift
A105,LENS v2 without CUSUM,6,22.0,0.045454545454545456,1,0,0,0,T: target pre-drift
A105,Linear forecast residual (GDN-style),6,37.0,0.02702702702702703,1,0,0,0,T: target pre-drift
A105,Conditional reference (CondAttr-style kNN),6,10.0,0.1,1,0,0,0,T: target pre-drift
A105,Simple fix: sliding-baseline deviation,6,13.0,0.07692307692307693,1,0,0,0,T: target pre-drift
A105,"LENS-U (original, label-free)",6,10.0,0.1,0,0,0,0,T: target pre-drift
A105,"LENS-SW (state-switched, exploratory)",6,23.0,0.043478260869565216,0,0,0,0,T: target pre-drift
A105,Raw deviation |z|,6,6.0,0.16666666666666666,1,0,0,0,T: target pre-drift
A106,LENS v2 (full),6,30.0,0.03333333333333333,1,0,0,0,T: target pre-drift
A106,LENS v2 without own-history term,6,32.0,0.03125,1,0,0,0,T: target pre-drift
A106,LENS v2 without adaptation,6,53.0,0.018867924528301886,1,0,0,0,T: target pre-drift
A106,LENS v2 without CUSUM,6,27.0,0.037037037037037035,1,0,0,0,T: target pre-drift
A106,Linear forecast residual (GDN-style),6,44.0,0.022727272727272728,1,0,0,0,T: target pre-drift
A106,Conditional reference (CondAttr-style kNN),6,1.5,0.6666666666666666,1,0,1,1,T: target pre-drift
A106,Simple fix: sliding-baseline deviation,6,15.0,0.06666666666666667,0,0,0,0,T: target pre-drift
A106,"LENS-U (original, label-free)",6,22.0,0.045454545454545456,0,0,0,0,T: target pre-drift
A106,"LENS-SW (state-switched, exploratory)",6,11.0,0.09090909090909091,0,0,0,0,T: target pre-drift
A106,Raw deviation |z|,6,2.0,0.5,0,0,1,1,T: target pre-drift
A107,LENS v2 (full),6,12.0,0.08333333333333333,1,0,0,0,T: target pre-drift
A107,LENS v2 without own-history term,6,13.5,0.07407407407407407,1,0,0,0,T: target pre-drift
A107,LENS v2 without adaptation,6,24.0,0.041666666666666664,1,0,0,0,T: target pre-drift
A107,LENS v2 without CUSUM,6,8.0,0.125,1,0,0,0,T: target pre-drift
A107,Linear forecast residual (GDN-style),6,26.0,0.038461538461538464,1,0,0,0,T: target pre-drift
A107,Conditional reference (CondAttr-style kNN),6,1.5,0.6666666666666666,1,0,1,1,T: target pre-drift
A107,Simple fix: sliding-baseline deviation,6,44.0,0.022727272727272728,0,0,0,0,T: target pre-drift
A107,"LENS-U (original, label-free)",6,9.0,0.1111111111111111,1,0,0,0,T: target pre-drift
A107,"LENS-SW (state-switched, exploratory)",6,67.0,0.014925373134328358,0,0,0,0,T: target pre-drift
A107,Raw deviation |z|,6,8.0,0.125,1,0,0,0,T: target pre-drift
A201,LENS v2 (full),6,8.5,0.11764705882352941,1,0,0,0,T: target pre-drift
A201,LENS v2 without own-history term,6,9.0,0.1111111111111111,1,0,0,0,T: target pre-drift
A201,LENS v2 without adaptation,6,12.5,0.08,1,0,0,0,T: target pre-drift
A201,LENS v2 without CUSUM,6,7.0,0.14285714285714285,1,0,0,0,T: target pre-drift
A201,Linear forecast residual (GDN-style),6,16.0,0.0625,0,0,0,0,T: target pre-drift
A201,Conditional reference (CondAttr-style kNN),6,25.0,0.04,1,0,0,0,T: target pre-drift
A201,Simple fix: sliding-baseline deviation,6,35.0,0.02857142857142857,1,0,0,0,T: target pre-drift
A201,"LENS-U (original, label-free)",6,1.0,1.0,1,1,1,1,T: target pre-drift
A201,"LENS-SW (state-switched, exploratory)",6,1.0,1.0,1,1,1,1,T: target pre-drift
A201,Raw deviation |z|,6,4.0,0.25,1,0,0,1,T: target pre-drift
A202,LENS v2 (full),6,57.5,0.017391304347826087,1,0,0,0,T: target pre-drift
A202,LENS v2 without own-history term,6,55.5,0.018018018018018018,1,0,0,0,T: target pre-drift
A202,LENS v2 without adaptation,6,21.5,0.046511627906976744,1,0,0,0,T: target pre-drift
A202,LENS v2 without CUSUM,6,45.0,0.022222222222222223,1,0,0,0,T: target pre-drift
A202,Linear forecast residual (GDN-style),6,24.0,0.041666666666666664,1,0,0,0,T: target pre-drift
A202,Conditional reference (CondAttr-style kNN),6,11.0,0.09090909090909091,1,0,0,0,T: target pre-drift
A202,Simple fix: sliding-baseline deviation,6,26.0,0.038461538461538464,1,0,0,0,T: target pre-drift
A202,"LENS-U (original, label-free)",6,12.0,0.08333333333333333,1,0,0,0,T: target pre-drift
A202,"LENS-SW (state-switched, exploratory)",6,23.0,0.043478260869565216,0,0,0,0,T: target pre-drift
A202,Raw deviation |z|,6,6.0,0.16666666666666666,1,0,0,0,T: target pre-drift
A203,LENS v2 (full),6,23.0,0.043478260869565216,0,0,0,0,T: target pre-drift
A203,LENS v2 without own-history term,6,21.0,0.047619047619047616,0,0,0,0,T: target pre-drift
A203,LENS v2 without adaptation,6,21.5,0.046511627906976744,0,0,0,0,T: target pre-drift
A203,LENS v2 without CUSUM,6,23.0,0.043478260869565216,0,0,0,0,T: target pre-drift
A203,Linear forecast residual (GDN-style),6,66.0,0.015151515151515152,0,0,0,0,T: target pre-drift
A203,Conditional reference (CondAttr-style kNN),6,5.0,0.2,0,0,0,1,T: target pre-drift
A203,Simple fix: sliding-baseline deviation,6,37.0,0.02702702702702703,0,0,0,0,T: target pre-drift
A203,"LENS-U (original, label-free)",6,10.0,0.1,0,0,0,0,T: target pre-drift
A203,"LENS-SW (state-switched, exploratory)",6,13.0,0.07692307692307693,0,0,0,0,T: target pre-drift
A203,Raw deviation |z|,6,9.0,0.1111111111111111,0,0,0,0,T: target pre-drift
A204,LENS v2 (full),6,8.5,0.11764705882352941,1,0,0,0,T: target pre-drift
A204,LENS v2 without own-history term,6,8.0,0.125,1,0,0,0,T: target pre-drift
A204,LENS v2 without adaptation,6,24.5,0.04081632653061224,1,0,0,0,T: target pre-drift
A204,LENS v2 without CUSUM,6,13.0,0.07692307692307693,1,0,0,0,T: target pre-drift
A204,Linear forecast residual (GDN-style),6,23.0,0.043478260869565216,1,0,0,0,T: target pre-drift
A204,Conditional reference (CondAttr-style kNN),6,2.5,0.4,1,0,1,1,T: target pre-drift
A204,Simple fix: sliding-baseline deviation,6,25.0,0.04,1,0,0,0,T: target pre-drift
A204,"LENS-U (original, label-free)",6,2.0,0.5,1,0,1,1,T: target pre-drift
A204,"LENS-SW (state-switched, exploratory)",6,32.0,0.03125,1,0,0,0,T: target pre-drift
A204,Raw deviation |z|,6,5.0,0.2,1,0,0,1,T: target pre-drift
A205,LENS v2 (full),6,8.5,0.11764705882352941,0,0,0,0,T: target pre-drift
A205,LENS v2 without own-history term,6,8.0,0.125,0,0,0,0,T: target pre-drift
A205,LENS v2 without adaptation,6,23.5,0.0425531914893617,0,0,0,0,T: target pre-drift
A205,LENS v2 without CUSUM,6,6.0,0.16666666666666666,0,0,0,0,T: target pre-drift
A205,Linear forecast residual (GDN-style),6,29.0,0.034482758620689655,0,0,0,0,T: target pre-drift
A205,Conditional reference (CondAttr-style kNN),6,6.0,0.16666666666666666,0,0,0,0,T: target pre-drift
A205,Simple fix: sliding-baseline deviation,6,40.0,0.025,0,0,0,0,T: target pre-drift
A205,"LENS-U (original, label-free)",6,1.0,1.0,1,1,1,1,T: target pre-drift
A205,"LENS-SW (state-switched, exploratory)",6,42.0,0.023809523809523808,0,0,0,0,T: target pre-drift
A205,Raw deviation |z|,6,4.0,0.25,0,0,0,1,T: target pre-drift
A206,LENS v2 (full),6,8.5,0.11764705882352941,1,0,0,0,T: target pre-drift
A206,LENS v2 without own-history term,6,8.0,0.125,1,0,0,0,T: target pre-drift
A206,LENS v2 without adaptation,6,22.5,0.044444444444444446,1,0,0,0,T: target pre-drift
A206,LENS v2 without CUSUM,6,6.0,0.16666666666666666,0,0,0,0,T: target pre-drift
A206,Linear forecast residual (GDN-style),6,5.5,0.18181818181818182,1,0,0,0,T: target pre-drift
A206,Conditional reference (CondAttr-style kNN),6,1.5,0.6666666666666666,1,0,1,1,T: target pre-drift
A206,Simple fix: sliding-baseline deviation,6,27.0,0.037037037037037035,1,0,0,0,T: target pre-drift
A206,"LENS-U (original, label-free)",6,1.0,1.0,1,1,1,1,T: target pre-drift
A206,"LENS-SW (state-switched, exploratory)",6,42.0,0.023809523809523808,0,0,0,0,T: target pre-drift
A206,Raw deviation |z|,6,2.0,0.5,0,0,1,1,T: target pre-drift
A207,LENS v2 (full),6,17.0,0.058823529411764705,1,0,0,0,T: target pre-drift
A207,LENS v2 without own-history term,6,17.0,0.058823529411764705,1,0,0,0,T: target pre-drift
A207,LENS v2 without adaptation,6,23.5,0.0425531914893617,1,0,0,0,T: target pre-drift
A207,LENS v2 without CUSUM,6,16.0,0.0625,0,0,0,0,T: target pre-drift
A207,Linear forecast residual (GDN-style),6,23.0,0.043478260869565216,1,0,0,0,T: target pre-drift
A207,Conditional reference (CondAttr-style kNN),6,19.0,0.05263157894736842,1,0,0,0,T: target pre-drift
A207,Simple fix: sliding-baseline deviation,6,3.0,0.3333333333333333,1,0,1,1,T: target pre-drift
A207,"LENS-U (original, label-free)",6,2.0,0.5,1,0,1,1,T: target pre-drift
A207,"LENS-SW (state-switched, exploratory)",6,26.0,0.038461538461538464,0,0,0,0,T: target pre-drift
A207,Raw deviation |z|,6,5.0,0.2,1,0,0,1,T: target pre-drift
A208,LENS v2 (full),6,19.0,0.05263157894736842,0,0,0,0,T: target pre-drift
A208,LENS v2 without own-history term,6,20.0,0.05,0,0,0,0,T: target pre-drift
A208,LENS v2 without adaptation,6,24.0,0.041666666666666664,0,0,0,0,T: target pre-drift
A208,LENS v2 without CUSUM,6,16.0,0.0625,0,0,0,0,T: target pre-drift
A208,Linear forecast residual (GDN-style),6,33.0,0.030303030303030304,0,0,0,0,T: target pre-drift
A208,Conditional reference (CondAttr-style kNN),6,2.5,0.4,0,0,1,1,T: target pre-drift
A208,Simple fix: sliding-baseline deviation,6,26.0,0.038461538461538464,0,0,0,0,T: target pre-drift
A208,"LENS-U (original, label-free)",6,10.0,0.1,0,0,0,0,T: target pre-drift
A208,"LENS-SW (state-switched, exploratory)",6,34.0,0.029411764705882353,0,0,0,0,T: target pre-drift
A208,Raw deviation |z|,6,2.0,0.5,0,0,1,1,T: target pre-drift
A209,LENS v2 (full),6,8.5,0.11764705882352941,1,0,0,0,T: target pre-drift
A209,LENS v2 without own-history term,6,9.0,0.1111111111111111,1,0,0,0,T: target pre-drift
A209,LENS v2 without adaptation,6,23.0,0.043478260869565216,1,0,0,0,T: target pre-drift
A209,LENS v2 without CUSUM,6,7.0,0.14285714285714285,0,0,0,0,T: target pre-drift
A209,Linear forecast residual (GDN-style),6,6.5,0.15384615384615385,1,0,0,0,T: target pre-drift
A209,Conditional reference (CondAttr-style kNN),6,12.0,0.08333333333333333,1,0,0,0,T: target pre-drift
A209,Simple fix: sliding-baseline deviation,6,21.0,0.047619047619047616,1,0,0,0,T: target pre-drift
A209,"LENS-U (original, label-free)",6,1.0,1.0,1,1,1,1,T: target pre-drift
A209,"LENS-SW (state-switched, exploratory)",6,60.0,0.016666666666666666,0,0,0,0,T: target pre-drift
A209,Raw deviation |z|,6,6.0,0.16666666666666666,0,0,0,0,T: target pre-drift
A210,LENS v2 (full),6,8.5,0.11764705882352941,0,0,0,0,T: target pre-drift
A210,LENS v2 without own-history term,6,18.0,0.05555555555555555,0,0,0,0,T: target pre-drift
A210,LENS v2 without adaptation,6,23.0,0.043478260869565216,0,0,0,0,T: target pre-drift
A210,LENS v2 without CUSUM,6,1.0,1.0,1,1,1,1,T: target pre-drift
A210,Linear forecast residual (GDN-style),6,66.0,0.015151515151515152,0,0,0,0,T: target pre-drift
A210,Conditional reference (CondAttr-style kNN),6,2.5,0.4,0,0,1,1,T: target pre-drift
A210,Simple fix: sliding-baseline deviation,6,69.5,0.014388489208633094,1,0,0,0,T: target pre-drift
A210,"LENS-U (original, label-free)",6,15.0,0.06666666666666667,0,0,0,0,T: target pre-drift
A210,"LENS-SW (state-switched, exploratory)",6,18.0,0.05555555555555555,0,0,0,0,T: target pre-drift
A210,Raw deviation |z|,6,3.0,0.3333333333333333,0,0,1,1,T: target pre-drift
A211,LENS v2 (full),6,8.5,0.11764705882352941,1,0,0,0,T: target pre-drift
A211,LENS v2 without own-history term,6,9.0,0.1111111111111111,1,0,0,0,T: target pre-drift
A211,LENS v2 without adaptation,6,23.0,0.043478260869565216,1,0,0,0,T: target pre-drift
A211,LENS v2 without CUSUM,6,14.0,0.07142857142857142,0,0,0,0,T: target pre-drift
A211,Linear forecast residual (GDN-style),6,6.5,0.15384615384615385,1,0,0,0,T: target pre-drift
A211,Conditional reference (CondAttr-style kNN),6,16.0,0.0625,1,0,0,0,T: target pre-drift
A211,Simple fix: sliding-baseline deviation,6,16.0,0.0625,1,0,0,0,T: target pre-drift
A211,"LENS-U (original, label-free)",6,3.0,0.3333333333333333,1,0,1,1,T: target pre-drift
A211,"LENS-SW (state-switched, exploratory)",6,45.0,0.022222222222222223,0,0,0,0,T: target pre-drift
A211,Raw deviation |z|,6,4.0,0.25,1,0,0,1,T: target pre-drift
A212,LENS v2 (full),6,19.0,0.05263157894736842,0,0,0,0,T: target pre-drift
A212,LENS v2 without own-history term,6,22.0,0.045454545454545456,0,0,0,0,T: target pre-drift
A212,LENS v2 without adaptation,6,23.5,0.0425531914893617,0,0,0,0,T: target pre-drift
A212,LENS v2 without CUSUM,6,17.0,0.058823529411764705,0,0,0,0,T: target pre-drift
A212,Linear forecast residual (GDN-style),6,6.5,0.15384615384615385,0,0,0,0,T: target pre-drift
A212,Conditional reference (CondAttr-style kNN),6,8.0,0.125,0,0,0,0,T: target pre-drift
A212,Simple fix: sliding-baseline deviation,6,34.0,0.029411764705882353,0,0,0,0,T: target pre-drift
A212,"LENS-U (original, label-free)",6,13.0,0.07692307692307693,0,0,0,0,T: target pre-drift
A212,"LENS-SW (state-switched, exploratory)",6,48.0,0.020833333333333332,1,0,0,0,T: target pre-drift
A212,Raw deviation |z|,6,6.0,0.16666666666666666,0,0,0,0,T: target pre-drift
A213,LENS v2 (full),6,55.0,0.01818181818181818,1,0,0,0,T: target pre-drift
A213,LENS v2 without own-history term,6,56.0,0.017857142857142856,1,0,0,0,T: target pre-drift
A213,LENS v2 without adaptation,6,24.5,0.04081632653061224,1,0,0,0,T: target pre-drift
A213,LENS v2 without CUSUM,6,53.0,0.018867924528301886,0,0,0,0,T: target pre-drift
A213,Linear forecast residual (GDN-style),6,30.0,0.03333333333333333,1,0,0,0,T: target pre-drift
A213,Conditional reference (CondAttr-style kNN),6,3.0,0.3333333333333333,1,0,1,1,T: target pre-drift
A213,Simple fix: sliding-baseline deviation,6,1.0,1.0,1,1,1,1,T: target pre-drift
A213,"LENS-U (original, label-free)",6,58.0,0.017241379310344827,1,0,0,0,T: target pre-drift
A213,"LENS-SW (state-switched, exploratory)",6,5.0,0.2,0,0,0,1,T: target pre-drift
A213,Raw deviation |z|,6,15.0,0.06666666666666667,0,0,0,0,T: target pre-drift
A214,LENS v2 (full),6,9.0,0.1111111111111111,0,0,0,0,T: target pre-drift
A214,LENS v2 without own-history term,6,9.0,0.1111111111111111,0,0,0,0,T: target pre-drift
A214,LENS v2 without adaptation,6,24.0,0.041666666666666664,0,0,0,0,T: target pre-drift
A214,LENS v2 without CUSUM,6,7.0,0.14285714285714285,0,0,0,0,T: target pre-drift
A214,Linear forecast residual (GDN-style),6,29.0,0.034482758620689655,0,0,0,0,T: target pre-drift
A214,Conditional reference (CondAttr-style kNN),6,9.0,0.1111111111111111,0,0,0,0,T: target pre-drift
A214,Simple fix: sliding-baseline deviation,6,5.0,0.2,0,0,0,1,T: target pre-drift
A214,"LENS-U (original, label-free)",6,1.0,1.0,1,1,1,1,T: target pre-drift
A214,"LENS-SW (state-switched, exploratory)",6,44.0,0.022727272727272728,0,0,0,0,T: target pre-drift
A214,Raw deviation |z|,6,1.0,1.0,1,1,1,1,T: target pre-drift
A215,LENS v2 (full),6,8.0,0.125,1,0,0,0,T: target pre-drift
A215,LENS v2 without own-history term,6,8.5,0.11764705882352941,1,0,0,0,T: target pre-drift
A215,LENS v2 without adaptation,6,24.0,0.041666666666666664,1,0,0,0,T: target pre-drift
A215,LENS v2 without CUSUM,6,9.0,0.1111111111111111,0,0,0,0,T: target pre-drift
A215,Linear forecast residual (GDN-style),6,14.0,0.07142857142857142,1,0,0,0,T: target pre-drift
A215,Conditional reference (CondAttr-style kNN),6,2.5,0.4,1,0,1,1,T: target pre-drift
A215,Simple fix: sliding-baseline deviation,6,39.0,0.02564102564102564,1,0,0,0,T: target pre-drift
A215,"LENS-U (original, label-free)",6,5.0,0.2,1,0,0,1,T: target pre-drift
A215,"LENS-SW (state-switched, exploratory)",6,62.0,0.016129032258064516,1,0,0,0,T: target pre-drift
A215,Raw deviation |z|,6,6.0,0.16666666666666666,1,0,0,0,T: target pre-drift
A216,LENS v2 (full),6,9.0,0.1111111111111111,1,0,0,0,T: target pre-drift
A216,LENS v2 without own-history term,6,9.0,0.1111111111111111,1,0,0,0,T: target pre-drift
A216,LENS v2 without adaptation,6,24.0,0.041666666666666664,1,0,0,0,T: target pre-drift
A216,LENS v2 without CUSUM,6,7.0,0.14285714285714285,0,0,0,0,T: target pre-drift
A216,Linear forecast residual (GDN-style),6,15.0,0.06666666666666667,1,0,0,0,T: target pre-drift
A216,Conditional reference (CondAttr-style kNN),6,3.0,0.3333333333333333,1,0,1,1,T: target pre-drift
A216,Simple fix: sliding-baseline deviation,6,25.0,0.04,1,0,0,0,T: target pre-drift
A216,"LENS-U (original, label-free)",6,5.0,0.2,1,0,0,1,T: target pre-drift
A216,"LENS-SW (state-switched, exploratory)",6,54.0,0.018518518518518517,0,0,0,0,T: target pre-drift
A216,Raw deviation |z|,6,6.0,0.16666666666666666,0,0,0,0,T: target pre-drift
A217,LENS v2 (full),6,20.0,0.05,1,0,0,0,T: target pre-drift
A217,LENS v2 without own-history term,6,22.0,0.045454545454545456,1,0,0,0,T: target pre-drift
A217,LENS v2 without adaptation,6,24.0,0.041666666666666664,1,0,0,0,T: target pre-drift
A217,LENS v2 without CUSUM,6,18.0,0.05555555555555555,0,0,0,0,T: target pre-drift
A217,Linear forecast residual (GDN-style),6,23.0,0.043478260869565216,1,0,0,0,T: target pre-drift
A217,Conditional reference (CondAttr-style kNN),6,9.0,0.1111111111111111,1,0,0,0,T: target pre-drift
A217,Simple fix: sliding-baseline deviation,6,33.0,0.030303030303030304,1,0,0,0,T: target pre-drift
A217,"LENS-U (original, label-free)",6,11.0,0.09090909090909091,1,0,0,0,T: target pre-drift
A217,"LENS-SW (state-switched, exploratory)",6,59.0,0.01694915254237288,0,0,0,0,T: target pre-drift
A217,Raw deviation |z|,6,11.0,0.09090909090909091,0,0,0,0,T: target pre-drift
A301,LENS v2 (full),6,10.5,0.09523809523809523,1,0,0,0,T: target pre-drift
A301,LENS v2 without own-history term,6,11.5,0.08695652173913043,1,0,0,0,T: target pre-drift
A301,LENS v2 without adaptation,6,17.0,0.058823529411764705,1,0,0,0,T: target pre-drift
A301,LENS v2 without CUSUM,6,9.0,0.1111111111111111,1,0,0,0,T: target pre-drift
A301,Linear forecast residual (GDN-style),6,25.0,0.04,1,0,0,0,T: target pre-drift
A301,Conditional reference (CondAttr-style kNN),6,17.0,0.058823529411764705,1,0,0,0,T: target pre-drift
A301,Simple fix: sliding-baseline deviation,6,17.0,0.058823529411764705,1,0,0,0,T: target pre-drift
A301,"LENS-U (original, label-free)",6,15.0,0.06666666666666667,1,0,0,0,T: target pre-drift
A301,"LENS-SW (state-switched, exploratory)",6,4.0,0.25,1,0,0,1,T: target pre-drift
A301,Raw deviation |z|,6,13.0,0.07692307692307693,1,0,0,0,T: target pre-drift
A302,LENS v2 (full),6,24.0,0.041666666666666664,1,0,0,0,T: target pre-drift
A302,LENS v2 without own-history term,6,26.0,0.038461538461538464,1,0,0,0,T: target pre-drift
A302,LENS v2 without adaptation,6,26.5,0.03773584905660377,1,0,0,0,T: target pre-drift
A302,LENS v2 without CUSUM,6,24.0,0.041666666666666664,1,0,0,0,T: target pre-drift
A302,Linear forecast residual (GDN-style),6,32.0,0.03125,1,0,0,0,T: target pre-drift
A302,Conditional reference (CondAttr-style kNN),6,9.0,0.1111111111111111,1,0,0,0,T: target pre-drift
A302,Simple fix: sliding-baseline deviation,6,4.0,0.25,1,0,0,1,T: target pre-drift
A302,"LENS-U (original, label-free)",6,3.0,0.3333333333333333,1,0,1,1,T: target pre-drift
A302,"LENS-SW (state-switched, exploratory)",6,32.0,0.03125,0,0,0,0,T: target pre-drift
A302,Raw deviation |z|,6,1.0,1.0,1,1,1,1,T: target pre-drift
A303,LENS v2 (full),6,10.0,0.1,1,0,0,0,T: target pre-drift
A303,LENS v2 without own-history term,6,11.5,0.08695652173913043,1,0,0,0,T: target pre-drift
A303,LENS v2 without adaptation,6,26.0,0.038461538461538464,1,0,0,0,T: target pre-drift
A303,LENS v2 without CUSUM,6,6.0,0.16666666666666666,1,0,0,0,T: target pre-drift
A303,Linear forecast residual (GDN-style),6,27.0,0.037037037037037035,1,0,0,0,T: target pre-drift
A303,Conditional reference (CondAttr-style kNN),6,5.0,0.2,1,0,0,1,T: target pre-drift
A303,Simple fix: sliding-baseline deviation,6,1.0,1.0,1,1,1,1,T: target pre-drift
A303,"LENS-U (original, label-free)",6,1.0,1.0,1,1,1,1,T: target pre-drift
A303,"LENS-SW (state-switched, exploratory)",6,21.0,0.047619047619047616,0,0,0,0,T: target pre-drift
A303,Raw deviation |z|,6,1.0,1.0,1,1,1,1,T: target pre-drift
A304,LENS v2 (full),6,10.0,0.1,1,0,0,0,T: target pre-drift
A304,LENS v2 without own-history term,6,11.5,0.08695652173913043,1,0,0,0,T: target pre-drift
A304,LENS v2 without adaptation,6,27.0,0.037037037037037035,1,0,0,0,T: target pre-drift
A304,LENS v2 without CUSUM,6,6.0,0.16666666666666666,0,0,0,0,T: target pre-drift
A304,Linear forecast residual (GDN-style),6,12.0,0.08333333333333333,1,0,0,0,T: target pre-drift
A304,Conditional reference (CondAttr-style kNN),6,6.0,0.16666666666666666,1,0,0,0,T: target pre-drift
A304,Simple fix: sliding-baseline deviation,6,6.0,0.16666666666666666,1,0,0,0,T: target pre-drift
A304,"LENS-U (original, label-free)",6,2.0,0.5,1,0,1,1,T: target pre-drift
A304,"LENS-SW (state-switched, exploratory)",6,28.0,0.03571428571428571,1,0,0,0,T: target pre-drift
A304,Raw deviation |z|,6,1.0,1.0,1,1,1,1,T: target pre-drift
A305,LENS v2 (full),6,10.0,0.1,1,0,0,0,T: target pre-drift
A305,LENS v2 without own-history term,6,11.5,0.08695652173913043,1,0,0,0,T: target pre-drift
A305,LENS v2 without adaptation,6,23.5,0.0425531914893617,1,0,0,0,T: target pre-drift
A305,LENS v2 without CUSUM,6,1.0,1.0,1,1,1,1,T: target pre-drift
A305,Linear forecast residual (GDN-style),6,9.0,0.1111111111111111,1,0,0,0,T: target pre-drift
A305,Conditional reference (CondAttr-style kNN),6,7.0,0.14285714285714285,1,0,0,0,T: target pre-drift
A305,Simple fix: sliding-baseline deviation,6,1.0,1.0,1,1,1,1,T: target pre-drift
A305,"LENS-U (original, label-free)",6,1.0,1.0,1,1,1,1,T: target pre-drift
A305,"LENS-SW (state-switched, exploratory)",6,6.0,0.16666666666666666,1,0,0,0,T: target pre-drift
A305,Raw deviation |z|,6,1.0,1.0,1,1,1,1,T: target pre-drift
A306,LENS v2 (full),6,10.5,0.09523809523809523,1,0,0,0,T: target pre-drift
A306,LENS v2 without own-history term,6,11.5,0.08695652173913043,1,0,0,0,T: target pre-drift
A306,LENS v2 without adaptation,6,25.5,0.0392156862745098,1,0,0,0,T: target pre-drift
A306,LENS v2 without CUSUM,6,15.0,0.06666666666666667,1,0,0,0,T: target pre-drift
A306,Linear forecast residual (GDN-style),6,31.0,0.03225806451612903,1,0,0,0,T: target pre-drift
A306,Conditional reference (CondAttr-style kNN),6,20.0,0.05,1,0,0,0,T: target pre-drift
A306,Simple fix: sliding-baseline deviation,6,3.0,0.3333333333333333,1,0,1,1,T: target pre-drift
A306,"LENS-U (original, label-free)",6,1.0,1.0,1,1,1,1,T: target pre-drift
A306,"LENS-SW (state-switched, exploratory)",6,27.0,0.037037037037037035,0,0,0,0,T: target pre-drift
A306,Raw deviation |z|,6,2.0,0.5,0,0,1,1,T: target pre-drift
A307,LENS v2 (full),6,10.5,0.09523809523809523,1,0,0,0,T: target pre-drift
A307,LENS v2 without own-history term,6,11.5,0.08695652173913043,1,0,0,0,T: target pre-drift
A307,LENS v2 without adaptation,6,25.5,0.0392156862745098,1,0,0,0,T: target pre-drift
A307,LENS v2 without CUSUM,6,7.0,0.14285714285714285,1,0,0,0,T: target pre-drift
A307,Linear forecast residual (GDN-style),6,17.0,0.058823529411764705,1,0,0,0,T: target pre-drift
A307,Conditional reference (CondAttr-style kNN),6,2.0,0.5,1,0,1,1,T: target pre-drift
A307,Simple fix: sliding-baseline deviation,6,45.0,0.022222222222222223,1,0,0,0,T: target pre-drift
A307,"LENS-U (original, label-free)",6,5.0,0.2,0,0,0,1,T: target pre-drift
A307,"LENS-SW (state-switched, exploratory)",6,51.0,0.0196078431372549,0,0,0,0,T: target pre-drift
A307,Raw deviation |z|,6,11.0,0.09090909090909091,1,0,0,0,T: target pre-drift
A308,LENS v2 (full),6,10.0,0.1,1,0,0,0,T: target pre-drift
A308,LENS v2 without own-history term,6,11.5,0.08695652173913043,1,0,0,0,T: target pre-drift
A308,LENS v2 without adaptation,6,27.0,0.037037037037037035,1,0,0,0,T: target pre-drift
A308,LENS v2 without CUSUM,6,15.0,0.06666666666666667,1,0,0,0,T: target pre-drift
A308,Linear forecast residual (GDN-style),6,30.0,0.03333333333333333,1,0,0,0,T: target pre-drift
A308,Conditional reference (CondAttr-style kNN),6,2.0,0.5,1,0,1,1,T: target pre-drift
A308,Simple fix: sliding-baseline deviation,6,2.0,0.5,0,0,1,1,T: target pre-drift
A308,"LENS-U (original, label-free)",6,4.0,0.25,0,0,0,1,T: target pre-drift
A308,"LENS-SW (state-switched, exploratory)",6,6.0,0.16666666666666666,0,0,0,0,T: target pre-drift
A308,Raw deviation |z|,6,6.0,0.16666666666666666,0,0,0,0,T: target pre-drift
A309,LENS v2 (full),6,10.5,0.09523809523809523,1,0,0,0,T: target pre-drift
A309,LENS v2 without own-history term,6,11.5,0.08695652173913043,1,0,0,0,T: target pre-drift
A309,LENS v2 without adaptation,6,27.0,0.037037037037037035,1,0,0,0,T: target pre-drift
A309,LENS v2 without CUSUM,6,10.0,0.1,0,0,0,0,T: target pre-drift
A309,Linear forecast residual (GDN-style),6,28.0,0.03571428571428571,1,0,0,0,T: target pre-drift
A309,Conditional reference (CondAttr-style kNN),6,2.0,0.5,1,0,1,1,T: target pre-drift
A309,Simple fix: sliding-baseline deviation,6,43.0,0.023255813953488372,1,0,0,0,T: target pre-drift
A309,"LENS-U (original, label-free)",6,6.0,0.16666666666666666,1,0,0,0,T: target pre-drift
A309,"LENS-SW (state-switched, exploratory)",6,44.0,0.022727272727272728,0,0,0,0,T: target pre-drift
A309,Raw deviation |z|,6,7.0,0.14285714285714285,1,0,0,0,T: target pre-drift
A310,LENS v2 (full),6,10.5,0.09523809523809523,0,0,0,0,T: target pre-drift
A310,LENS v2 without own-history term,6,11.5,0.08695652173913043,0,0,0,0,T: target pre-drift
A310,LENS v2 without adaptation,6,25.5,0.0392156862745098,0,0,0,0,T: target pre-drift
A310,LENS v2 without CUSUM,6,6.0,0.16666666666666666,0,0,0,0,T: target pre-drift
A310,Linear forecast residual (GDN-style),6,4.0,0.25,0,0,0,1,T: target pre-drift
A310,Conditional reference (CondAttr-style kNN),6,4.0,0.25,0,0,0,1,T: target pre-drift
A310,Simple fix: sliding-baseline deviation,6,2.0,0.5,1,0,1,1,T: target pre-drift
A310,"LENS-U (original, label-free)",6,1.0,1.0,1,1,1,1,T: target pre-drift
A310,"LENS-SW (state-switched, exploratory)",6,39.0,0.02564102564102564,1,0,0,0,T: target pre-drift
A310,Raw deviation |z|,6,1.0,1.0,1,1,1,1,T: target pre-drift
A401,LENS v2 (full),6,15.5,0.06451612903225806,0,0,0,0,T: target pre-drift
A401,LENS v2 without own-history term,6,32.0,0.03125,0,0,0,0,T: target pre-drift
A401,LENS v2 without adaptation,6,21.5,0.046511627906976744,0,0,0,0,T: target pre-drift
A401,LENS v2 without CUSUM,6,7.0,0.14285714285714285,0,0,0,0,T: target pre-drift
A401,Linear forecast residual (GDN-style),6,12.0,0.08333333333333333,0,0,0,0,T: target pre-drift
A401,Conditional reference (CondAttr-style kNN),6,3.0,0.3333333333333333,0,0,1,1,T: target pre-drift
A401,Simple fix: sliding-baseline deviation,6,1.0,1.0,1,1,1,1,T: target pre-drift
A401,"LENS-U (original, label-free)",6,12.0,0.08333333333333333,1,0,0,0,T: target pre-drift
A401,"LENS-SW (state-switched, exploratory)",6,1.0,1.0,1,1,1,1,T: target pre-drift
A401,Raw deviation |z|,6,1.0,1.0,1,1,1,1,T: target pre-drift
A402,LENS v2 (full),6,15.0,0.06666666666666667,1,0,0,0,T: target pre-drift
A402,LENS v2 without own-history term,6,14.5,0.06896551724137931,1,0,0,0,T: target pre-drift
A402,LENS v2 without adaptation,6,25.5,0.0392156862745098,1,0,0,0,T: target pre-drift
A402,LENS v2 without CUSUM,6,9.0,0.1111111111111111,1,0,0,0,T: target pre-drift
A402,Linear forecast residual (GDN-style),6,28.0,0.03571428571428571,1,0,0,0,T: target pre-drift
A402,Conditional reference (CondAttr-style kNN),6,5.5,0.18181818181818182,1,0,0,0,T: target pre-drift
A402,Simple fix: sliding-baseline deviation,6,11.0,0.09090909090909091,1,0,0,0,T: target pre-drift
A402,"LENS-U (original, label-free)",6,19.0,0.05263157894736842,1,0,0,0,T: target pre-drift
A402,"LENS-SW (state-switched, exploratory)",6,13.0,0.07692307692307693,1,0,0,0,T: target pre-drift
A402,Raw deviation |z|,6,22.0,0.045454545454545456,0,0,0,0,T: target pre-drift
A403,LENS v2 (full),6,15.0,0.06666666666666667,0,0,0,0,T: target pre-drift
A403,LENS v2 without own-history term,6,14.5,0.06896551724137931,0,0,0,0,T: target pre-drift
A403,LENS v2 without adaptation,6,27.0,0.037037037037037035,0,0,0,0,T: target pre-drift
A403,LENS v2 without CUSUM,6,12.0,0.08333333333333333,0,0,0,0,T: target pre-drift
A403,Linear forecast residual (GDN-style),6,6.0,0.16666666666666666,0,0,0,0,T: target pre-drift
A403,Conditional reference (CondAttr-style kNN),6,6.0,0.16666666666666666,0,0,0,0,T: target pre-drift
A403,Simple fix: sliding-baseline deviation,6,25.0,0.04,0,0,0,0,T: target pre-drift
A403,"LENS-U (original, label-free)",6,5.0,0.2,0,0,0,1,T: target pre-drift
A403,"LENS-SW (state-switched, exploratory)",6,27.0,0.037037037037037035,0,0,0,0,T: target pre-drift
A403,Raw deviation |z|,6,12.0,0.08333333333333333,0,0,0,0,T: target pre-drift
A404,LENS v2 (full),6,14.5,0.06896551724137931,0,0,0,0,T: target pre-drift
A404,LENS v2 without own-history term,6,14.5,0.06896551724137931,0,0,0,0,T: target pre-drift
A404,LENS v2 without adaptation,6,29.0,0.034482758620689655,0,0,0,0,T: target pre-drift
A404,LENS v2 without CUSUM,6,9.0,0.1111111111111111,0,0,0,0,T: target pre-drift
A404,Linear forecast residual (GDN-style),6,51.0,0.0196078431372549,0,0,0,0,T: target pre-drift
A404,Conditional reference (CondAttr-style kNN),6,6.5,0.15384615384615385,0,0,0,0,T: target pre-drift
A404,Simple fix: sliding-baseline deviation,6,9.0,0.1111111111111111,0,0,0,0,T: target pre-drift
A404,"LENS-U (original, label-free)",6,3.0,0.3333333333333333,0,0,1,1,T: target pre-drift
A404,"LENS-SW (state-switched, exploratory)",6,43.0,0.023255813953488372,0,0,0,0,T: target pre-drift
A404,Raw deviation |z|,6,3.0,0.3333333333333333,0,0,1,1,T: target pre-drift
A405,LENS v2 (full),6,14.5,0.06896551724137931,1,0,0,0,T: target pre-drift
A405,LENS v2 without own-history term,6,14.5,0.06896551724137931,1,0,0,0,T: target pre-drift
A405,LENS v2 without adaptation,6,28.0,0.03571428571428571,1,0,0,0,T: target pre-drift
A405,LENS v2 without CUSUM,6,9.0,0.1111111111111111,1,0,0,0,T: target pre-drift
A405,Linear forecast residual (GDN-style),6,6.5,0.15384615384615385,1,0,0,0,T: target pre-drift
A405,Conditional reference (CondAttr-style kNN),6,6.5,0.15384615384615385,1,0,0,0,T: target pre-drift
A405,Simple fix: sliding-baseline deviation,6,69.5,0.014388489208633094,0,0,0,0,T: target pre-drift
A405,"LENS-U (original, label-free)",6,25.0,0.04,1,0,0,0,T: target pre-drift
A405,"LENS-SW (state-switched, exploratory)",6,68.0,0.014705882352941176,1,0,0,0,T: target pre-drift
A405,Raw deviation |z|,6,22.0,0.045454545454545456,1,0,0,0,T: target pre-drift
A406,LENS v2 (full),6,14.5,0.06896551724137931,1,0,0,0,T: target pre-drift
A406,LENS v2 without own-history term,6,15.0,0.06666666666666667,1,0,0,0,T: target pre-drift
A406,LENS v2 without adaptation,6,27.5,0.03636363636363636,1,0,0,0,T: target pre-drift
A406,LENS v2 without CUSUM,6,15.0,0.06666666666666667,1,0,0,0,T: target pre-drift
A406,Linear forecast residual (GDN-style),6,22.0,0.045454545454545456,1,0,0,0,T: target pre-drift
A406,Conditional reference (CondAttr-style kNN),6,6.0,0.16666666666666666,1,0,0,0,T: target pre-drift
A406,Simple fix: sliding-baseline deviation,6,42.0,0.023809523809523808,1,0,0,0,T: target pre-drift
A406,"LENS-U (original, label-free)",6,4.0,0.25,1,0,0,1,T: target pre-drift
A406,"LENS-SW (state-switched, exploratory)",6,57.0,0.017543859649122806,0,0,0,0,T: target pre-drift
A406,Raw deviation |z|,6,4.0,0.25,0,0,0,1,T: target pre-drift
A407,LENS v2 (full),6,43.0,0.023255813953488372,1,0,0,0,T: target pre-drift
A407,LENS v2 without own-history term,6,43.0,0.023255813953488372,1,0,0,0,T: target pre-drift
A407,LENS v2 without adaptation,6,27.5,0.03636363636363636,1,0,0,0,T: target pre-drift
A407,LENS v2 without CUSUM,6,35.0,0.02857142857142857,1,0,0,0,T: target pre-drift
A407,Linear forecast residual (GDN-style),6,37.0,0.02702702702702703,1,0,0,0,T: target pre-drift
A407,Conditional reference (CondAttr-style kNN),6,24.0,0.041666666666666664,1,0,0,0,T: target pre-drift
A407,Simple fix: sliding-baseline deviation,6,43.0,0.023255813953488372,1,0,0,0,T: target pre-drift
A407,"LENS-U (original, label-free)",6,11.0,0.09090909090909091,1,0,0,0,T: target pre-drift
A407,"LENS-SW (state-switched, exploratory)",6,61.0,0.01639344262295082,0,0,0,0,T: target pre-drift
A407,Raw deviation |z|,6,11.0,0.09090909090909091,1,0,0,0,T: target pre-drift
A408,LENS v2 (full),6,14.5,0.06896551724137931,1,0,0,0,T: target pre-drift
A408,LENS v2 without own-history term,6,15.0,0.06666666666666667,1,0,0,0,T: target pre-drift
A408,LENS v2 without adaptation,6,26.5,0.03773584905660377,1,0,0,0,T: target pre-drift
A408,LENS v2 without CUSUM,6,23.0,0.043478260869565216,1,0,0,0,T: target pre-drift
A408,Linear forecast residual (GDN-style),6,14.0,0.07142857142857142,1,0,0,0,T: target pre-drift
A408,Conditional reference (CondAttr-style kNN),6,28.0,0.03571428571428571,1,0,0,0,T: target pre-drift
A408,Simple fix: sliding-baseline deviation,6,14.0,0.07142857142857142,0,0,0,0,T: target pre-drift
A408,"LENS-U (original, label-free)",6,1.0,1.0,1,1,1,1,T: target pre-drift
A408,"LENS-SW (state-switched, exploratory)",6,32.0,0.03125,0,0,0,0,T: target pre-drift
A408,Raw deviation |z|,6,2.0,0.5,0,0,1,1,T: target pre-drift
A409,LENS v2 (full),6,14.5,0.06896551724137931,1,0,0,0,T: target pre-drift
A409,LENS v2 without own-history term,6,15.5,0.06451612903225806,1,0,0,0,T: target pre-drift
A409,LENS v2 without adaptation,6,26.0,0.038461538461538464,1,0,0,0,T: target pre-drift
A409,LENS v2 without CUSUM,6,1.0,1.0,1,1,1,1,T: target pre-drift
A409,Linear forecast residual (GDN-style),6,14.0,0.07142857142857142,1,0,0,0,T: target pre-drift
A409,Conditional reference (CondAttr-style kNN),6,5.5,0.18181818181818182,1,0,0,0,T: target pre-drift
A409,Simple fix: sliding-baseline deviation,6,1.0,1.0,1,1,1,1,T: target pre-drift
A409,"LENS-U (original, label-free)",6,3.0,0.3333333333333333,1,0,1,1,T: target pre-drift
A409,"LENS-SW (state-switched, exploratory)",6,15.0,0.06666666666666667,1,0,0,0,T: target pre-drift
A409,Raw deviation |z|,6,1.0,1.0,1,1,1,1,T: target pre-drift
A410,LENS v2 (full),6,15.0,0.06666666666666667,1,0,0,0,T: target pre-drift
A410,LENS v2 without own-history term,6,16.0,0.0625,1,0,0,0,T: target pre-drift
A410,LENS v2 without adaptation,6,27.5,0.03636363636363636,1,0,0,0,T: target pre-drift
A410,LENS v2 without CUSUM,6,20.0,0.05,1,0,0,0,T: target pre-drift
A410,Linear forecast residual (GDN-style),6,23.0,0.043478260869565216,1,0,0,0,T: target pre-drift
A410,Conditional reference (CondAttr-style kNN),6,5.5,0.18181818181818182,1,0,0,0,T: target pre-drift
A410,Simple fix: sliding-baseline deviation,6,25.0,0.04,1,0,0,0,T: target pre-drift
A410,"LENS-U (original, label-free)",6,5.0,0.2,1,0,0,1,T: target pre-drift
A410,"LENS-SW (state-switched, exploratory)",6,50.0,0.02,0,0,0,0,T: target pre-drift
A410,Raw deviation |z|,6,11.0,0.09090909090909091,0,0,0,0,T: target pre-drift
A411,LENS v2 (full),6,15.0,0.06666666666666667,1,0,0,0,T: target pre-drift
A411,LENS v2 without own-history term,6,16.0,0.0625,1,0,0,0,T: target pre-drift
A411,LENS v2 without adaptation,6,28.0,0.03571428571428571,1,0,0,0,T: target pre-drift
A411,LENS v2 without CUSUM,6,13.0,0.07692307692307693,1,0,0,0,T: target pre-drift
A411,Linear forecast residual (GDN-style),6,6.0,0.16666666666666666,1,0,0,0,T: target pre-drift
A411,Conditional reference (CondAttr-style kNN),6,6.0,0.16666666666666666,1,0,0,0,T: target pre-drift
A411,Simple fix: sliding-baseline deviation,6,1.0,1.0,1,1,1,1,T: target pre-drift
A411,"LENS-U (original, label-free)",6,4.0,0.25,1,0,0,1,T: target pre-drift
A411,"LENS-SW (state-switched, exploratory)",6,7.0,0.14285714285714285,0,0,0,0,T: target pre-drift
A411,Raw deviation |z|,6,9.0,0.1111111111111111,1,0,0,0,T: target pre-drift
A412,LENS v2 (full),6,15.0,0.06666666666666667,1,0,0,0,T: target pre-drift
A412,LENS v2 without own-history term,6,16.0,0.0625,1,0,0,0,T: target pre-drift
A412,LENS v2 without adaptation,6,28.5,0.03508771929824561,1,0,0,0,T: target pre-drift
A412,LENS v2 without CUSUM,6,2.0,0.5,1,0,1,1,T: target pre-drift
A412,Linear forecast residual (GDN-style),6,17.0,0.058823529411764705,1,0,0,0,T: target pre-drift
A412,Conditional reference (CondAttr-style kNN),6,6.5,0.15384615384615385,1,0,0,0,T: target pre-drift
A412,Simple fix: sliding-baseline deviation,6,12.0,0.08333333333333333,0,0,0,0,T: target pre-drift
A412,"LENS-U (original, label-free)",6,2.0,0.5,1,0,1,1,T: target pre-drift
A412,"LENS-SW (state-switched, exploratory)",6,44.0,0.022727272727272728,0,0,0,0,T: target pre-drift
A412,Raw deviation |z|,6,1.0,1.0,1,1,1,1,T: target pre-drift
A413,LENS v2 (full),6,30.0,0.03333333333333333,1,0,0,0,T: target pre-drift
A413,LENS v2 without own-history term,6,32.0,0.03125,1,0,0,0,T: target pre-drift
A413,LENS v2 without adaptation,6,27.5,0.03636363636363636,1,0,0,0,T: target pre-drift
A413,LENS v2 without CUSUM,6,29.0,0.034482758620689655,1,0,0,0,T: target pre-drift
A413,Linear forecast residual (GDN-style),6,18.0,0.05555555555555555,1,0,0,0,T: target pre-drift
A413,Conditional reference (CondAttr-style kNN),6,6.0,0.16666666666666666,1,0,0,0,T: target pre-drift
A413,Simple fix: sliding-baseline deviation,6,4.0,0.25,0,0,0,1,T: target pre-drift
A413,"LENS-U (original, label-free)",6,1.0,1.0,1,1,1,1,T: target pre-drift
A413,"LENS-SW (state-switched, exploratory)",6,30.0,0.03333333333333333,0,0,0,0,T: target pre-drift
A413,Raw deviation |z|,6,1.0,1.0,1,1,1,1,T: target pre-drift
A414,LENS v2 (full),6,14.5,0.06896551724137931,0,0,0,0,T: target pre-drift
A414,LENS v2 without own-history term,6,15.5,0.06451612903225806,0,0,0,0,T: target pre-drift
A414,LENS v2 without adaptation,6,26.5,0.03773584905660377,0,0,0,0,T: target pre-drift
A414,LENS v2 without CUSUM,6,12.0,0.08333333333333333,0,0,0,0,T: target pre-drift
A414,Linear forecast residual (GDN-style),6,6.5,0.15384615384615385,0,0,0,0,T: target pre-drift
A414,Conditional reference (CondAttr-style kNN),6,6.0,0.16666666666666666,0,0,0,0,T: target pre-drift
A414,Simple fix: sliding-baseline deviation,6,19.0,0.05263157894736842,1,0,0,0,T: target pre-drift
A414,"LENS-U (original, label-free)",6,17.0,0.058823529411764705,0,0,0,0,T: target pre-drift
A414,"LENS-SW (state-switched, exploratory)",6,51.0,0.0196078431372549,0,0,0,0,T: target pre-drift
A414,Raw deviation |z|,6,6.0,0.16666666666666666,1,0,0,0,T: target pre-drift
A415,LENS v2 (full),6,14.5,0.06896551724137931,0,0,0,0,T: target pre-drift
A415,LENS v2 without own-history term,6,15.5,0.06451612903225806,0,0,0,0,T: target pre-drift
A415,LENS v2 without adaptation,6,28.0,0.03571428571428571,0,0,0,0,T: target pre-drift
A415,LENS v2 without CUSUM,6,13.0,0.07692307692307693,0,0,0,0,T: target pre-drift
A415,Linear forecast residual (GDN-style),6,6.5,0.15384615384615385,0,0,0,0,T: target pre-drift
A415,Conditional reference (CondAttr-style kNN),6,6.0,0.16666666666666666,0,0,0,0,T: target pre-drift
A415,Simple fix: sliding-baseline deviation,6,69.5,0.014388489208633094,0,0,0,0,T: target pre-drift
A415,"LENS-U (original, label-free)",6,16.0,0.0625,0,0,0,0,T: target pre-drift
A415,"LENS-SW (state-switched, exploratory)",6,77.5,0.012903225806451613,0,0,0,0,T: target pre-drift
A415,Raw deviation |z|,6,5.0,0.2,0,0,0,1,T: target pre-drift
A416,LENS v2 (full),6,14.5,0.06896551724137931,1,0,0,0,T: target pre-drift
A416,LENS v2 without own-history term,6,15.5,0.06451612903225806,1,0,0,0,T: target pre-drift
A416,LENS v2 without adaptation,6,27.5,0.03636363636363636,1,0,0,0,T: target pre-drift
A416,LENS v2 without CUSUM,6,22.0,0.045454545454545456,1,0,0,0,T: target pre-drift
A416,Linear forecast residual (GDN-style),6,20.0,0.05,1,0,0,0,T: target pre-drift
A416,Conditional reference (CondAttr-style kNN),6,13.0,0.07692307692307693,1,0,0,0,T: target pre-drift
A416,Simple fix: sliding-baseline deviation,6,28.0,0.03571428571428571,1,0,0,0,T: target pre-drift
A416,"LENS-U (original, label-free)",6,4.0,0.25,0,0,0,1,T: target pre-drift
A416,"LENS-SW (state-switched, exploratory)",6,51.0,0.0196078431372549,0,0,0,0,T: target pre-drift
A416,Raw deviation |z|,6,8.0,0.125,0,0,0,0,T: target pre-drift
A417,LENS v2 (full),6,60.5,0.01652892561983471,1,0,0,0,T: target pre-drift
A417,LENS v2 without own-history term,6,61.5,0.016260162601626018,1,0,0,0,T: target pre-drift
A417,LENS v2 without adaptation,6,28.0,0.03571428571428571,1,0,0,0,T: target pre-drift
A417,LENS v2 without CUSUM,6,44.0,0.022727272727272728,1,0,0,0,T: target pre-drift
A417,Linear forecast residual (GDN-style),6,64.0,0.015625,1,0,0,0,T: target pre-drift
A417,Conditional reference (CondAttr-style kNN),6,6.5,0.15384615384615385,1,0,0,0,T: target pre-drift
A417,Simple fix: sliding-baseline deviation,6,69.5,0.014388489208633094,1,0,0,0,T: target pre-drift
A417,"LENS-U (original, label-free)",6,22.0,0.045454545454545456,1,0,0,0,T: target pre-drift
A417,"LENS-SW (state-switched, exploratory)",6,64.0,0.015625,0,0,0,0,T: target pre-drift
A417,Raw deviation |z|,6,17.0,0.058823529411764705,0,0,0,0,T: target pre-drift
A418,LENS v2 (full),6,14.5,0.06896551724137931,1,0,0,0,T: target pre-drift
A418,LENS v2 without own-history term,6,15.5,0.06451612903225806,1,0,0,0,T: target pre-drift
A418,LENS v2 without adaptation,6,29.0,0.034482758620689655,1,0,0,0,T: target pre-drift
A418,LENS v2 without CUSUM,6,2.0,0.5,1,0,1,1,T: target pre-drift
A418,Linear forecast residual (GDN-style),6,16.0,0.0625,1,0,0,0,T: target pre-drift
A418,Conditional reference (CondAttr-style kNN),6,28.0,0.03571428571428571,1,0,0,0,T: target pre-drift
A418,Simple fix: sliding-baseline deviation,6,27.0,0.037037037037037035,1,0,0,0,T: target pre-drift
A418,"LENS-U (original, label-free)",6,4.0,0.25,1,0,0,1,T: target pre-drift
A418,"LENS-SW (state-switched, exploratory)",6,53.0,0.018867924528301886,1,0,0,0,T: target pre-drift
A418,Raw deviation |z|,6,8.0,0.125,0,0,0,0,T: target pre-drift
A419,LENS v2 (full),6,14.5,0.06896551724137931,1,0,0,0,T: target pre-drift
A419,LENS v2 without own-history term,6,15.0,0.06666666666666667,1,0,0,0,T: target pre-drift
A419,LENS v2 without adaptation,6,28.5,0.03508771929824561,1,0,0,0,T: target pre-drift
A419,LENS v2 without CUSUM,6,2.0,0.5,1,0,1,1,T: target pre-drift
A419,Linear forecast residual (GDN-style),6,6.5,0.15384615384615385,1,0,0,0,T: target pre-drift
A419,Conditional reference (CondAttr-style kNN),6,24.0,0.041666666666666664,1,0,0,0,T: target pre-drift
A419,Simple fix: sliding-baseline deviation,6,20.0,0.05,1,0,0,0,T: target pre-drift
A419,"LENS-U (original, label-free)",6,6.0,0.16666666666666666,0,0,0,0,T: target pre-drift
A419,"LENS-SW (state-switched, exploratory)",6,52.0,0.019230769230769232,0,0,0,0,T: target pre-drift
A419,Raw deviation |z|,6,9.0,0.1111111111111111,0,0,0,0,T: target pre-drift
A420,LENS v2 (full),6,14.5,0.06896551724137931,1,0,0,0,T: target pre-drift
A420,LENS v2 without own-history term,6,15.0,0.06666666666666667,1,0,0,0,T: target pre-drift
A420,LENS v2 without adaptation,6,25.5,0.0392156862745098,1,0,0,0,T: target pre-drift
A420,LENS v2 without CUSUM,6,24.0,0.041666666666666664,1,0,0,0,T: target pre-drift
A420,Linear forecast residual (GDN-style),6,25.0,0.04,1,0,0,0,T: target pre-drift
A420,Conditional reference (CondAttr-style kNN),6,31.0,0.03225806451612903,1,0,0,0,T: target pre-drift
A420,Simple fix: sliding-baseline deviation,6,12.0,0.08333333333333333,1,0,0,0,T: target pre-drift
A420,"LENS-U (original, label-free)",6,1.0,1.0,1,1,1,1,T: target pre-drift
A420,"LENS-SW (state-switched, exploratory)",6,13.0,0.07692307692307693,0,0,0,0,T: target pre-drift
A420,Raw deviation |z|,6,9.0,0.1111111111111111,1,0,0,0,T: target pre-drift
A421,LENS v2 (full),6,31.0,0.03225806451612903,1,0,0,0,T: target pre-drift
A421,LENS v2 without own-history term,6,30.0,0.03333333333333333,1,0,0,0,T: target pre-drift
A421,LENS v2 without adaptation,6,28.5,0.03508771929824561,1,0,0,0,T: target pre-drift
A421,LENS v2 without CUSUM,6,2.0,0.5,1,0,1,1,T: target pre-drift
A421,Linear forecast residual (GDN-style),6,34.0,0.029411764705882353,1,0,0,0,T: target pre-drift
A421,Conditional reference (CondAttr-style kNN),6,6.0,0.16666666666666666,1,0,0,0,T: target pre-drift
A421,Simple fix: sliding-baseline deviation,6,5.0,0.2,0,0,0,1,T: target pre-drift
A421,"LENS-U (original, label-free)",6,15.0,0.06666666666666667,0,0,0,0,T: target pre-drift
A421,"LENS-SW (state-switched, exploratory)",6,10.0,0.1,0,0,0,0,T: target pre-drift
A421,Raw deviation |z|,6,4.0,0.25,1,0,0,1,T: target pre-drift
A422,LENS v2 (full),6,14.5,0.06896551724137931,1,0,0,0,T: target pre-drift
A422,LENS v2 without own-history term,6,14.0,0.07142857142857142,1,0,0,0,T: target pre-drift
A422,LENS v2 without adaptation,6,28.0,0.03571428571428571,1,0,0,0,T: target pre-drift
A422,LENS v2 without CUSUM,6,2.0,0.5,1,0,1,1,T: target pre-drift
A422,Linear forecast residual (GDN-style),6,15.0,0.06666666666666667,1,0,0,0,T: target pre-drift
A422,Conditional reference (CondAttr-style kNN),6,12.0,0.08333333333333333,1,0,0,0,T: target pre-drift
A422,Simple fix: sliding-baseline deviation,6,19.0,0.05263157894736842,1,0,0,0,T: target pre-drift
A422,"LENS-U (original, label-free)",6,3.0,0.3333333333333333,1,0,1,1,T: target pre-drift
A422,"LENS-SW (state-switched, exploratory)",6,53.0,0.018867924528301886,0,0,0,0,T: target pre-drift
A422,Raw deviation |z|,6,4.0,0.25,1,0,0,1,T: target pre-drift
A423,LENS v2 (full),6,14.5,0.06896551724137931,1,0,0,0,T: target pre-drift
A423,LENS v2 without own-history term,6,30.0,0.03333333333333333,1,0,0,0,T: target pre-drift
A423,LENS v2 without adaptation,6,27.5,0.03636363636363636,1,0,0,0,T: target pre-drift
A423,LENS v2 without CUSUM,6,24.0,0.041666666666666664,1,0,0,0,T: target pre-drift
A423,Linear forecast residual (GDN-style),6,31.0,0.03225806451612903,1,0,0,0,T: target pre-drift
A423,Conditional reference (CondAttr-style kNN),6,6.0,0.16666666666666666,1,0,0,0,T: target pre-drift
A423,Simple fix: sliding-baseline deviation,6,16.0,0.0625,1,0,0,0,T: target pre-drift
A423,"LENS-U (original, label-free)",6,12.0,0.08333333333333333,1,0,0,0,T: target pre-drift
A423,"LENS-SW (state-switched, exploratory)",6,14.0,0.07142857142857142,0,0,0,0,T: target pre-drift
A423,Raw deviation |z|,6,4.0,0.25,1,0,0,1,T: target pre-drift
A424,LENS v2 (full),6,29.0,0.034482758620689655,1,0,0,0,T: target pre-drift
A424,LENS v2 without own-history term,6,31.0,0.03225806451612903,1,0,0,0,T: target pre-drift
A424,LENS v2 without adaptation,6,27.5,0.03636363636363636,1,0,0,0,T: target pre-drift
A424,LENS v2 without CUSUM,6,30.0,0.03333333333333333,1,0,0,0,T: target pre-drift
A424,Linear forecast residual (GDN-style),6,34.0,0.029411764705882353,1,0,0,0,T: target pre-drift
A424,Conditional reference (CondAttr-style kNN),6,5.5,0.18181818181818182,1,0,0,0,T: target pre-drift
A424,Simple fix: sliding-baseline deviation,6,12.0,0.08333333333333333,0,0,0,0,T: target pre-drift
A424,"LENS-U (original, label-free)",6,11.0,0.09090909090909091,1,0,0,0,T: target pre-drift
A424,"LENS-SW (state-switched, exploratory)",6,9.0,0.1111111111111111,0,0,0,0,T: target pre-drift
A424,Raw deviation |z|,6,14.0,0.07142857142857142,1,0,0,0,T: target pre-drift
A101,LENS v2 (full),10,15.5,0.06451612903225806,1,0,0,0,T: target pre-drift
A101,LENS v2 without own-history term,10,16.0,0.0625,1,0,0,0,T: target pre-drift
A101,LENS v2 without adaptation,10,25.5,0.0392156862745098,1,0,0,0,T: target pre-drift
A101,LENS v2 without CUSUM,10,15.0,0.06666666666666667,1,0,0,0,T: target pre-drift
A101,Linear forecast residual (GDN-style),10,33.0,0.030303030303030304,1,0,0,0,T: target pre-drift
A101,Conditional reference (CondAttr-style kNN),10,23.0,0.043478260869565216,1,0,0,0,T: target pre-drift
A101,Simple fix: sliding-baseline deviation,10,22.0,0.045454545454545456,1,0,0,0,T: target pre-drift
A101,"LENS-U (original, label-free)",10,1.0,1.0,1,1,1,1,T: target pre-drift
A101,"LENS-SW (state-switched, exploratory)",10,28.0,0.03571428571428571,0,0,0,0,T: target pre-drift
A101,Raw deviation |z|,10,8.0,0.125,0,0,0,0,T: target pre-drift
A102,LENS v2 (full),10,30.0,0.03333333333333333,1,0,0,0,T: target pre-drift
A102,LENS v2 without own-history term,10,32.0,0.03125,1,0,0,0,T: target pre-drift
A102,LENS v2 without adaptation,10,24.5,0.04081632653061224,1,0,0,0,T: target pre-drift
A102,LENS v2 without CUSUM,10,25.0,0.04,1,0,0,0,T: target pre-drift
A102,Linear forecast residual (GDN-style),10,12.0,0.08333333333333333,1,0,0,0,T: target pre-drift
A102,Conditional reference (CondAttr-style kNN),10,17.0,0.058823529411764705,1,0,0,0,T: target pre-drift
A102,Simple fix: sliding-baseline deviation,10,1.0,1.0,1,1,1,1,T: target pre-drift
A102,"LENS-U (original, label-free)",10,3.0,0.3333333333333333,1,0,1,1,T: target pre-drift
A102,"LENS-SW (state-switched, exploratory)",10,25.0,0.04,0,0,0,0,T: target pre-drift
A102,Raw deviation |z|,10,1.0,1.0,1,1,1,1,T: target pre-drift
A103,LENS v2 (full),10,15.0,0.06666666666666667,1,0,0,0,T: target pre-drift
A103,LENS v2 without own-history term,10,16.0,0.0625,1,0,0,0,T: target pre-drift
A103,LENS v2 without adaptation,10,26.0,0.038461538461538464,1,0,0,0,T: target pre-drift
A103,LENS v2 without CUSUM,10,12.0,0.08333333333333333,1,0,0,0,T: target pre-drift
A103,Linear forecast residual (GDN-style),10,28.0,0.03571428571428571,1,0,0,0,T: target pre-drift
A103,Conditional reference (CondAttr-style kNN),10,4.0,0.25,1,0,0,1,T: target pre-drift
A103,Simple fix: sliding-baseline deviation,10,10.0,0.1,0,0,0,0,T: target pre-drift
A103,"LENS-U (original, label-free)",10,2.0,0.5,0,0,1,1,T: target pre-drift
A103,"LENS-SW (state-switched, exploratory)",10,14.0,0.07142857142857142,0,0,0,0,T: target pre-drift
A103,Raw deviation |z|,10,2.0,0.5,0,0,1,1,T: target pre-drift
A104,LENS v2 (full),10,15.0,0.06666666666666667,0,0,0,0,T: target pre-drift
A104,LENS v2 without own-history term,10,16.0,0.0625,0,0,0,0,T: target pre-drift
A104,LENS v2 without adaptation,10,26.5,0.03773584905660377,0,0,0,0,T: target pre-drift
A104,LENS v2 without CUSUM,10,6.0,0.16666666666666666,0,0,0,0,T: target pre-drift
A104,Linear forecast residual (GDN-style),10,31.0,0.03225806451612903,0,0,0,0,T: target pre-drift
A104,Conditional reference (CondAttr-style kNN),10,4.0,0.25,0,0,0,1,T: target pre-drift
A104,Simple fix: sliding-baseline deviation,10,45.0,0.022222222222222223,0,0,0,0,T: target pre-drift
A104,"LENS-U (original, label-free)",10,1.0,1.0,1,1,1,1,T: target pre-drift
A104,"LENS-SW (state-switched, exploratory)",10,54.0,0.018518518518518517,0,0,0,0,T: target pre-drift
A104,Raw deviation |z|,10,3.0,0.3333333333333333,0,0,1,1,T: target pre-drift
A105,LENS v2 (full),10,15.0,0.06666666666666667,1,0,0,0,T: target pre-drift
A105,LENS v2 without own-history term,10,16.5,0.06060606060606061,1,0,0,0,T: target pre-drift
A105,LENS v2 without adaptation,10,24.5,0.04081632653061224,1,0,0,0,T: target pre-drift
A105,LENS v2 without CUSUM,10,22.0,0.045454545454545456,1,0,0,0,T: target pre-drift
A105,Linear forecast residual (GDN-style),10,36.0,0.027777777777777776,1,0,0,0,T: target pre-drift
A105,Conditional reference (CondAttr-style kNN),10,8.0,0.125,1,0,0,0,T: target pre-drift
A105,Simple fix: sliding-baseline deviation,10,13.0,0.07692307692307693,1,0,0,0,T: target pre-drift
A105,"LENS-U (original, label-free)",10,9.0,0.1111111111111111,1,0,0,0,T: target pre-drift
A105,"LENS-SW (state-switched, exploratory)",10,23.0,0.043478260869565216,0,0,0,0,T: target pre-drift
A105,Raw deviation |z|,10,6.0,0.16666666666666666,1,0,0,0,T: target pre-drift
A106,LENS v2 (full),10,36.0,0.027777777777777776,1,0,0,0,T: target pre-drift
A106,LENS v2 without own-history term,10,37.0,0.02702702702702703,1,0,0,0,T: target pre-drift
A106,LENS v2 without adaptation,10,55.0,0.01818181818181818,1,0,0,0,T: target pre-drift
A106,LENS v2 without CUSUM,10,33.0,0.030303030303030304,1,0,0,0,T: target pre-drift
A106,Linear forecast residual (GDN-style),10,56.0,0.017857142857142856,1,0,0,0,T: target pre-drift
A106,Conditional reference (CondAttr-style kNN),10,3.0,0.3333333333333333,1,0,1,1,T: target pre-drift
A106,Simple fix: sliding-baseline deviation,10,15.0,0.06666666666666667,0,0,0,0,T: target pre-drift
A106,"LENS-U (original, label-free)",10,16.0,0.0625,0,0,0,0,T: target pre-drift
A106,"LENS-SW (state-switched, exploratory)",10,15.0,0.06666666666666667,0,0,0,0,T: target pre-drift
A106,Raw deviation |z|,10,2.0,0.5,0,0,1,1,T: target pre-drift
A107,LENS v2 (full),10,15.0,0.06666666666666667,1,0,0,0,T: target pre-drift
A107,LENS v2 without own-history term,10,16.5,0.06060606060606061,1,0,0,0,T: target pre-drift
A107,LENS v2 without adaptation,10,26.5,0.03773584905660377,1,0,0,0,T: target pre-drift
A107,LENS v2 without CUSUM,10,8.0,0.125,1,0,0,0,T: target pre-drift
A107,Linear forecast residual (GDN-style),10,27.0,0.037037037037037035,1,0,0,0,T: target pre-drift
A107,Conditional reference (CondAttr-style kNN),10,3.0,0.3333333333333333,1,0,1,1,T: target pre-drift
A107,Simple fix: sliding-baseline deviation,10,44.0,0.022727272727272728,0,0,0,0,T: target pre-drift
A107,"LENS-U (original, label-free)",10,10.0,0.1,1,0,0,0,T: target pre-drift
A107,"LENS-SW (state-switched, exploratory)",10,67.0,0.014925373134328358,0,0,0,0,T: target pre-drift
A107,Raw deviation |z|,10,8.0,0.125,1,0,0,0,T: target pre-drift
A201,LENS v2 (full),10,10.5,0.09523809523809523,1,0,0,0,T: target pre-drift
A201,LENS v2 without own-history term,10,10.5,0.09523809523809523,1,0,0,0,T: target pre-drift
A201,LENS v2 without adaptation,10,17.5,0.05714285714285714,1,0,0,0,T: target pre-drift
A201,LENS v2 without CUSUM,10,4.0,0.25,1,0,0,1,T: target pre-drift
A201,Linear forecast residual (GDN-style),10,15.0,0.06666666666666667,0,0,0,0,T: target pre-drift
A201,Conditional reference (CondAttr-style kNN),10,23.0,0.043478260869565216,1,0,0,0,T: target pre-drift
A201,Simple fix: sliding-baseline deviation,10,25.0,0.04,1,0,0,0,T: target pre-drift
A201,"LENS-U (original, label-free)",10,1.0,1.0,1,1,1,1,T: target pre-drift
A201,"LENS-SW (state-switched, exploratory)",10,1.0,1.0,1,1,1,1,T: target pre-drift
A201,Raw deviation |z|,10,2.0,0.5,1,0,1,1,T: target pre-drift
A202,LENS v2 (full),10,58.0,0.017241379310344827,1,0,0,0,T: target pre-drift
A202,LENS v2 without own-history term,10,55.5,0.018018018018018018,1,0,0,0,T: target pre-drift
A202,LENS v2 without adaptation,10,23.0,0.043478260869565216,1,0,0,0,T: target pre-drift
A202,LENS v2 without CUSUM,10,45.0,0.022222222222222223,1,0,0,0,T: target pre-drift
A202,Linear forecast residual (GDN-style),10,24.0,0.041666666666666664,1,0,0,0,T: target pre-drift
A202,Conditional reference (CondAttr-style kNN),10,8.0,0.125,1,0,0,0,T: target pre-drift
A202,Simple fix: sliding-baseline deviation,10,21.0,0.047619047619047616,1,0,0,0,T: target pre-drift
A202,"LENS-U (original, label-free)",10,14.0,0.07142857142857142,1,0,0,0,T: target pre-drift
A202,"LENS-SW (state-switched, exploratory)",10,46.0,0.021739130434782608,0,0,0,0,T: target pre-drift
A202,Raw deviation |z|,10,6.0,0.16666666666666666,1,0,0,0,T: target pre-drift
A203,LENS v2 (full),10,9.5,0.10526315789473684,0,0,0,0,T: target pre-drift
A203,LENS v2 without own-history term,10,9.5,0.10526315789473684,0,0,0,0,T: target pre-drift
A203,LENS v2 without adaptation,10,24.5,0.04081632653061224,0,0,0,0,T: target pre-drift
A203,LENS v2 without CUSUM,10,17.0,0.058823529411764705,0,0,0,0,T: target pre-drift
A203,Linear forecast residual (GDN-style),10,66.0,0.015151515151515152,0,0,0,0,T: target pre-drift
A203,Conditional reference (CondAttr-style kNN),10,5.0,0.2,0,0,0,1,T: target pre-drift
A203,Simple fix: sliding-baseline deviation,10,27.0,0.037037037037037035,0,0,0,0,T: target pre-drift
A203,"LENS-U (original, label-free)",10,9.0,0.1111111111111111,0,0,0,0,T: target pre-drift
A203,"LENS-SW (state-switched, exploratory)",10,19.0,0.05263157894736842,0,0,0,0,T: target pre-drift
A203,Raw deviation |z|,10,9.0,0.1111111111111111,0,0,0,0,T: target pre-drift
A204,LENS v2 (full),10,9.5,0.10526315789473684,1,0,0,0,T: target pre-drift
A204,LENS v2 without own-history term,10,9.5,0.10526315789473684,1,0,0,0,T: target pre-drift
A204,LENS v2 without adaptation,10,25.5,0.0392156862745098,1,0,0,0,T: target pre-drift
A204,LENS v2 without CUSUM,10,13.0,0.07692307692307693,1,0,0,0,T: target pre-drift
A204,Linear forecast residual (GDN-style),10,24.0,0.041666666666666664,1,0,0,0,T: target pre-drift
A204,Conditional reference (CondAttr-style kNN),10,4.5,0.2222222222222222,1,0,0,1,T: target pre-drift
A204,Simple fix: sliding-baseline deviation,10,25.0,0.04,1,0,0,0,T: target pre-drift
A204,"LENS-U (original, label-free)",10,5.0,0.2,1,0,0,1,T: target pre-drift
A204,"LENS-SW (state-switched, exploratory)",10,35.0,0.02857142857142857,1,0,0,0,T: target pre-drift
A204,Raw deviation |z|,10,5.0,0.2,1,0,0,1,T: target pre-drift
A205,LENS v2 (full),10,9.5,0.10526315789473684,0,0,0,0,T: target pre-drift
A205,LENS v2 without own-history term,10,9.5,0.10526315789473684,0,0,0,0,T: target pre-drift
A205,LENS v2 without adaptation,10,25.5,0.0392156862745098,0,0,0,0,T: target pre-drift
A205,LENS v2 without CUSUM,10,6.0,0.16666666666666666,0,0,0,0,T: target pre-drift
A205,Linear forecast residual (GDN-style),10,29.0,0.034482758620689655,0,0,0,0,T: target pre-drift
A205,Conditional reference (CondAttr-style kNN),10,4.0,0.25,0,0,0,1,T: target pre-drift
A205,Simple fix: sliding-baseline deviation,10,40.0,0.025,0,0,0,0,T: target pre-drift
A205,"LENS-U (original, label-free)",10,2.0,0.5,0,0,1,1,T: target pre-drift
A205,"LENS-SW (state-switched, exploratory)",10,44.0,0.022727272727272728,0,0,0,0,T: target pre-drift
A205,Raw deviation |z|,10,4.0,0.25,0,0,0,1,T: target pre-drift
A206,LENS v2 (full),10,9.5,0.10526315789473684,1,0,0,0,T: target pre-drift
A206,LENS v2 without own-history term,10,9.5,0.10526315789473684,1,0,0,0,T: target pre-drift
A206,LENS v2 without adaptation,10,24.0,0.041666666666666664,1,0,0,0,T: target pre-drift
A206,LENS v2 without CUSUM,10,7.0,0.14285714285714285,0,0,0,0,T: target pre-drift
A206,Linear forecast residual (GDN-style),10,8.5,0.11764705882352941,1,0,0,0,T: target pre-drift
A206,Conditional reference (CondAttr-style kNN),10,5.0,0.2,1,0,0,1,T: target pre-drift
A206,Simple fix: sliding-baseline deviation,10,27.0,0.037037037037037035,1,0,0,0,T: target pre-drift
A206,"LENS-U (original, label-free)",10,2.0,0.5,1,0,1,1,T: target pre-drift
A206,"LENS-SW (state-switched, exploratory)",10,46.0,0.021739130434782608,0,0,0,0,T: target pre-drift
A206,Raw deviation |z|,10,2.0,0.5,0,0,1,1,T: target pre-drift
A207,LENS v2 (full),10,20.0,0.05,1,0,0,0,T: target pre-drift
A207,LENS v2 without own-history term,10,20.0,0.05,1,0,0,0,T: target pre-drift
A207,LENS v2 without adaptation,10,26.0,0.038461538461538464,1,0,0,0,T: target pre-drift
A207,LENS v2 without CUSUM,10,19.0,0.05263157894736842,0,0,0,0,T: target pre-drift
A207,Linear forecast residual (GDN-style),10,22.0,0.045454545454545456,1,0,0,0,T: target pre-drift
A207,Conditional reference (CondAttr-style kNN),10,21.0,0.047619047619047616,1,0,0,0,T: target pre-drift
A207,Simple fix: sliding-baseline deviation,10,3.0,0.3333333333333333,1,0,1,1,T: target pre-drift
A207,"LENS-U (original, label-free)",10,5.0,0.2,1,0,0,1,T: target pre-drift
A207,"LENS-SW (state-switched, exploratory)",10,43.0,0.023255813953488372,0,0,0,0,T: target pre-drift
A207,Raw deviation |z|,10,5.0,0.2,1,0,0,1,T: target pre-drift
A208,LENS v2 (full),10,21.0,0.047619047619047616,0,0,0,0,T: target pre-drift
A208,LENS v2 without own-history term,10,22.0,0.045454545454545456,0,0,0,0,T: target pre-drift
A208,LENS v2 without adaptation,10,26.0,0.038461538461538464,0,0,0,0,T: target pre-drift
A208,LENS v2 without CUSUM,10,18.0,0.05555555555555555,0,0,0,0,T: target pre-drift
A208,Linear forecast residual (GDN-style),10,33.0,0.030303030303030304,0,0,0,0,T: target pre-drift
A208,Conditional reference (CondAttr-style kNN),10,5.5,0.18181818181818182,0,0,0,0,T: target pre-drift
A208,Simple fix: sliding-baseline deviation,10,26.0,0.038461538461538464,0,0,0,0,T: target pre-drift
A208,"LENS-U (original, label-free)",10,9.0,0.1111111111111111,0,0,0,0,T: target pre-drift
A208,"LENS-SW (state-switched, exploratory)",10,34.0,0.029411764705882353,0,0,0,0,T: target pre-drift
A208,Raw deviation |z|,10,2.0,0.5,0,0,1,1,T: target pre-drift
A209,LENS v2 (full),10,10.0,0.1,1,0,0,0,T: target pre-drift
A209,LENS v2 without own-history term,10,10.5,0.09523809523809523,1,0,0,0,T: target pre-drift
A209,LENS v2 without adaptation,10,25.0,0.04,1,0,0,0,T: target pre-drift
A209,LENS v2 without CUSUM,10,7.0,0.14285714285714285,0,0,0,0,T: target pre-drift
A209,Linear forecast residual (GDN-style),10,8.5,0.11764705882352941,1,0,0,0,T: target pre-drift
A209,Conditional reference (CondAttr-style kNN),10,11.0,0.09090909090909091,1,0,0,0,T: target pre-drift
A209,Simple fix: sliding-baseline deviation,10,21.0,0.047619047619047616,1,0,0,0,T: target pre-drift
A209,"LENS-U (original, label-free)",10,1.0,1.0,1,1,1,1,T: target pre-drift
A209,"LENS-SW (state-switched, exploratory)",10,40.0,0.025,0,0,0,0,T: target pre-drift
A209,Raw deviation |z|,10,6.0,0.16666666666666666,0,0,0,0,T: target pre-drift
A210,LENS v2 (full),10,9.5,0.10526315789473684,0,0,0,0,T: target pre-drift
A210,LENS v2 without own-history term,10,9.5,0.10526315789473684,0,0,0,0,T: target pre-drift
A210,LENS v2 without adaptation,10,25.0,0.04,0,0,0,0,T: target pre-drift
A210,LENS v2 without CUSUM,10,19.0,0.05263157894736842,0,0,0,0,T: target pre-drift
A210,Linear forecast residual (GDN-style),10,66.0,0.015151515151515152,0,0,0,0,T: target pre-drift
A210,Conditional reference (CondAttr-style kNN),10,5.0,0.2,0,0,0,1,T: target pre-drift
A210,Simple fix: sliding-baseline deviation,10,69.5,0.014388489208633094,1,0,0,0,T: target pre-drift
A210,"LENS-U (original, label-free)",10,11.0,0.09090909090909091,0,0,0,0,T: target pre-drift
A210,"LENS-SW (state-switched, exploratory)",10,23.0,0.043478260869565216,0,0,0,0,T: target pre-drift
A210,Raw deviation |z|,10,3.0,0.3333333333333333,0,0,1,1,T: target pre-drift
A211,LENS v2 (full),10,10.0,0.1,1,0,0,0,T: target pre-drift
A211,LENS v2 without own-history term,10,10.5,0.09523809523809523,1,0,0,0,T: target pre-drift
A211,LENS v2 without adaptation,10,24.5,0.04081632653061224,1,0,0,0,T: target pre-drift
A211,LENS v2 without CUSUM,10,13.0,0.07692307692307693,0,0,0,0,T: target pre-drift
A211,Linear forecast residual (GDN-style),10,9.0,0.1111111111111111,1,0,0,0,T: target pre-drift
A211,Conditional reference (CondAttr-style kNN),10,15.0,0.06666666666666667,1,0,0,0,T: target pre-drift
A211,Simple fix: sliding-baseline deviation,10,16.0,0.0625,1,0,0,0,T: target pre-drift
A211,"LENS-U (original, label-free)",10,3.0,0.3333333333333333,1,0,1,1,T: target pre-drift
A211,"LENS-SW (state-switched, exploratory)",10,43.0,0.023255813953488372,0,0,0,0,T: target pre-drift
A211,Raw deviation |z|,10,4.0,0.25,1,0,0,1,T: target pre-drift
A212,LENS v2 (full),10,22.0,0.045454545454545456,0,0,0,0,T: target pre-drift
A212,LENS v2 without own-history term,10,24.0,0.041666666666666664,0,0,0,0,T: target pre-drift
A212,LENS v2 without adaptation,10,24.5,0.04081632653061224,0,0,0,0,T: target pre-drift
A212,LENS v2 without CUSUM,10,20.0,0.05,0,0,0,0,T: target pre-drift
A212,Linear forecast residual (GDN-style),10,8.5,0.11764705882352941,0,0,0,0,T: target pre-drift
A212,Conditional reference (CondAttr-style kNN),10,5.0,0.2,0,0,0,1,T: target pre-drift
A212,Simple fix: sliding-baseline deviation,10,34.0,0.029411764705882353,0,0,0,0,T: target pre-drift
A212,"LENS-U (original, label-free)",10,12.0,0.08333333333333333,0,0,0,0,T: target pre-drift
A212,"LENS-SW (state-switched, exploratory)",10,52.0,0.019230769230769232,1,0,0,0,T: target pre-drift
A212,Raw deviation |z|,10,6.0,0.16666666666666666,0,0,0,0,T: target pre-drift
A213,LENS v2 (full),10,56.0,0.017857142857142856,1,0,0,0,T: target pre-drift
A213,LENS v2 without own-history term,10,57.0,0.017543859649122806,1,0,0,0,T: target pre-drift
A213,LENS v2 without adaptation,10,26.0,0.038461538461538464,1,0,0,0,T: target pre-drift
A213,LENS v2 without CUSUM,10,53.0,0.018867924528301886,0,0,0,0,T: target pre-drift
A213,Linear forecast residual (GDN-style),10,32.0,0.03125,1,0,0,0,T: target pre-drift
A213,Conditional reference (CondAttr-style kNN),10,4.0,0.25,1,0,0,1,T: target pre-drift
A213,Simple fix: sliding-baseline deviation,10,1.0,1.0,1,1,1,1,T: target pre-drift
A213,"LENS-U (original, label-free)",10,48.0,0.020833333333333332,0,0,0,0,T: target pre-drift
A213,"LENS-SW (state-switched, exploratory)",10,7.0,0.14285714285714285,0,0,0,0,T: target pre-drift
A213,Raw deviation |z|,10,14.0,0.07142857142857142,0,0,0,0,T: target pre-drift
A214,LENS v2 (full),10,10.0,0.1,0,0,0,0,T: target pre-drift
A214,LENS v2 without own-history term,10,10.5,0.09523809523809523,0,0,0,0,T: target pre-drift
A214,LENS v2 without adaptation,10,25.5,0.0392156862745098,0,0,0,0,T: target pre-drift
A214,LENS v2 without CUSUM,10,7.0,0.14285714285714285,0,0,0,0,T: target pre-drift
A214,Linear forecast residual (GDN-style),10,28.0,0.03571428571428571,0,0,0,0,T: target pre-drift
A214,Conditional reference (CondAttr-style kNN),10,4.0,0.25,0,0,0,1,T: target pre-drift
A214,Simple fix: sliding-baseline deviation,10,5.0,0.2,0,0,0,1,T: target pre-drift
A214,"LENS-U (original, label-free)",10,3.0,0.3333333333333333,0,0,1,1,T: target pre-drift
A214,"LENS-SW (state-switched, exploratory)",10,48.0,0.020833333333333332,0,0,0,0,T: target pre-drift
A214,Raw deviation |z|,10,1.0,1.0,1,1,1,1,T: target pre-drift
A215,LENS v2 (full),10,9.5,0.10526315789473684,1,0,0,0,T: target pre-drift
A215,LENS v2 without own-history term,10,10.0,0.1,1,0,0,0,T: target pre-drift
A215,LENS v2 without adaptation,10,25.0,0.04,1,0,0,0,T: target pre-drift
A215,LENS v2 without CUSUM,10,8.0,0.125,0,0,0,0,T: target pre-drift
A215,Linear forecast residual (GDN-style),10,8.5,0.11764705882352941,1,0,0,0,T: target pre-drift
A215,Conditional reference (CondAttr-style kNN),10,4.5,0.2222222222222222,1,0,0,1,T: target pre-drift
A215,Simple fix: sliding-baseline deviation,10,39.0,0.02564102564102564,1,0,0,0,T: target pre-drift
A215,"LENS-U (original, label-free)",10,5.0,0.2,1,0,0,1,T: target pre-drift
A215,"LENS-SW (state-switched, exploratory)",10,63.0,0.015873015873015872,1,0,0,0,T: target pre-drift
A215,Raw deviation |z|,10,6.0,0.16666666666666666,1,0,0,0,T: target pre-drift
A216,LENS v2 (full),10,10.5,0.09523809523809523,1,0,0,0,T: target pre-drift
A216,LENS v2 without own-history term,10,10.5,0.09523809523809523,1,0,0,0,T: target pre-drift
A216,LENS v2 without adaptation,10,25.0,0.04,1,0,0,0,T: target pre-drift
A216,LENS v2 without CUSUM,10,7.0,0.14285714285714285,0,0,0,0,T: target pre-drift
A216,Linear forecast residual (GDN-style),10,8.5,0.11764705882352941,1,0,0,0,T: target pre-drift
A216,Conditional reference (CondAttr-style kNN),10,4.0,0.25,1,0,0,1,T: target pre-drift
A216,Simple fix: sliding-baseline deviation,10,25.0,0.04,1,0,0,0,T: target pre-drift
A216,"LENS-U (original, label-free)",10,4.0,0.25,0,0,0,1,T: target pre-drift
A216,"LENS-SW (state-switched, exploratory)",10,54.0,0.018518518518518517,0,0,0,0,T: target pre-drift
A216,Raw deviation |z|,10,6.0,0.16666666666666666,0,0,0,0,T: target pre-drift
A217,LENS v2 (full),10,22.0,0.045454545454545456,1,0,0,0,T: target pre-drift
A217,LENS v2 without own-history term,10,24.0,0.041666666666666664,1,0,0,0,T: target pre-drift
A217,LENS v2 without adaptation,10,25.5,0.0392156862745098,1,0,0,0,T: target pre-drift
A217,LENS v2 without CUSUM,10,20.0,0.05,0,0,0,0,T: target pre-drift
A217,Linear forecast residual (GDN-style),10,23.0,0.043478260869565216,1,0,0,0,T: target pre-drift
A217,Conditional reference (CondAttr-style kNN),10,9.0,0.1111111111111111,1,0,0,0,T: target pre-drift
A217,Simple fix: sliding-baseline deviation,10,33.0,0.030303030303030304,1,0,0,0,T: target pre-drift
A217,"LENS-U (original, label-free)",10,11.0,0.09090909090909091,0,0,0,0,T: target pre-drift
A217,"LENS-SW (state-switched, exploratory)",10,58.0,0.017241379310344827,0,0,0,0,T: target pre-drift
A217,Raw deviation |z|,10,11.0,0.09090909090909091,0,0,0,0,T: target pre-drift
A301,LENS v2 (full),10,11.5,0.08695652173913043,1,0,0,0,T: target pre-drift
A301,LENS v2 without own-history term,10,13.0,0.07692307692307693,1,0,0,0,T: target pre-drift
A301,LENS v2 without adaptation,10,18.0,0.05555555555555555,1,0,0,0,T: target pre-drift
A301,LENS v2 without CUSUM,10,5.5,0.18181818181818182,1,0,0,0,T: target pre-drift
A301,Linear forecast residual (GDN-style),10,20.0,0.05,1,0,0,0,T: target pre-drift
A301,Conditional reference (CondAttr-style kNN),10,18.0,0.05555555555555555,1,0,0,0,T: target pre-drift
A301,Simple fix: sliding-baseline deviation,10,10.0,0.1,1,0,0,0,T: target pre-drift
A301,"LENS-U (original, label-free)",10,6.0,0.16666666666666666,1,0,0,0,T: target pre-drift
A301,"LENS-SW (state-switched, exploratory)",10,7.0,0.14285714285714285,0,0,0,0,T: target pre-drift
A301,Raw deviation |z|,10,10.0,0.1,1,0,0,0,T: target pre-drift
A302,LENS v2 (full),10,56.5,0.017699115044247787,1,0,0,0,T: target pre-drift
A302,LENS v2 without own-history term,10,29.0,0.034482758620689655,1,0,0,0,T: target pre-drift
A302,LENS v2 without adaptation,10,28.5,0.03508771929824561,1,0,0,0,T: target pre-drift
A302,LENS v2 without CUSUM,10,29.0,0.034482758620689655,1,0,0,0,T: target pre-drift
A302,Linear forecast residual (GDN-style),10,31.0,0.03225806451612903,1,0,0,0,T: target pre-drift
A302,Conditional reference (CondAttr-style kNN),10,10.0,0.1,1,0,0,0,T: target pre-drift
A302,Simple fix: sliding-baseline deviation,10,4.0,0.25,1,0,0,1,T: target pre-drift
A302,"LENS-U (original, label-free)",10,1.0,1.0,1,1,1,1,T: target pre-drift
A302,"LENS-SW (state-switched, exploratory)",10,49.0,0.02040816326530612,0,0,0,0,T: target pre-drift
A302,Raw deviation |z|,10,1.0,1.0,1,1,1,1,T: target pre-drift
A303,LENS v2 (full),10,11.5,0.08695652173913043,1,0,0,0,T: target pre-drift
A303,LENS v2 without own-history term,10,13.0,0.07692307692307693,1,0,0,0,T: target pre-drift
A303,LENS v2 without adaptation,10,28.5,0.03508771929824561,1,0,0,0,T: target pre-drift
A303,LENS v2 without CUSUM,10,6.0,0.16666666666666666,1,0,0,0,T: target pre-drift
A303,Linear forecast residual (GDN-style),10,32.0,0.03125,1,0,0,0,T: target pre-drift
A303,Conditional reference (CondAttr-style kNN),10,3.0,0.3333333333333333,1,0,1,1,T: target pre-drift
A303,Simple fix: sliding-baseline deviation,10,1.0,1.0,1,1,1,1,T: target pre-drift
A303,"LENS-U (original, label-free)",10,2.0,0.5,1,0,1,1,T: target pre-drift
A303,"LENS-SW (state-switched, exploratory)",10,44.0,0.022727272727272728,0,0,0,0,T: target pre-drift
A303,Raw deviation |z|,10,1.0,1.0,1,1,1,1,T: target pre-drift
A304,LENS v2 (full),10,11.5,0.08695652173913043,1,0,0,0,T: target pre-drift
A304,LENS v2 without own-history term,10,13.0,0.07692307692307693,1,0,0,0,T: target pre-drift
A304,LENS v2 without adaptation,10,28.0,0.03571428571428571,1,0,0,0,T: target pre-drift
A304,LENS v2 without CUSUM,10,6.0,0.16666666666666666,0,0,0,0,T: target pre-drift
A304,Linear forecast residual (GDN-style),10,8.0,0.125,1,0,0,0,T: target pre-drift
A304,Conditional reference (CondAttr-style kNN),10,4.5,0.2222222222222222,1,0,0,1,T: target pre-drift
A304,Simple fix: sliding-baseline deviation,10,6.0,0.16666666666666666,1,0,0,0,T: target pre-drift
A304,"LENS-U (original, label-free)",10,2.0,0.5,1,0,1,1,T: target pre-drift
A304,"LENS-SW (state-switched, exploratory)",10,41.0,0.024390243902439025,1,0,0,0,T: target pre-drift
A304,Raw deviation |z|,10,1.0,1.0,1,1,1,1,T: target pre-drift
A305,LENS v2 (full),10,11.5,0.08695652173913043,1,0,0,0,T: target pre-drift
A305,LENS v2 without own-history term,10,13.0,0.07692307692307693,1,0,0,0,T: target pre-drift
A305,LENS v2 without adaptation,10,27.5,0.03636363636363636,1,0,0,0,T: target pre-drift
A305,LENS v2 without CUSUM,10,1.0,1.0,1,1,1,1,T: target pre-drift
A305,Linear forecast residual (GDN-style),10,16.0,0.0625,1,0,0,0,T: target pre-drift
A305,Conditional reference (CondAttr-style kNN),10,3.0,0.3333333333333333,1,0,1,1,T: target pre-drift
A305,Simple fix: sliding-baseline deviation,10,1.0,1.0,1,1,1,1,T: target pre-drift
A305,"LENS-U (original, label-free)",10,3.0,0.3333333333333333,1,0,1,1,T: target pre-drift
A305,"LENS-SW (state-switched, exploratory)",10,15.0,0.06666666666666667,0,0,0,0,T: target pre-drift
A305,Raw deviation |z|,10,1.0,1.0,1,1,1,1,T: target pre-drift
A306,LENS v2 (full),10,12.0,0.08333333333333333,1,0,0,0,T: target pre-drift
A306,LENS v2 without own-history term,10,13.0,0.07692307692307693,1,0,0,0,T: target pre-drift
A306,LENS v2 without adaptation,10,28.5,0.03508771929824561,1,0,0,0,T: target pre-drift
A306,LENS v2 without CUSUM,10,16.0,0.0625,1,0,0,0,T: target pre-drift
A306,Linear forecast residual (GDN-style),10,31.0,0.03225806451612903,1,0,0,0,T: target pre-drift
A306,Conditional reference (CondAttr-style kNN),10,19.0,0.05263157894736842,1,0,0,0,T: target pre-drift
A306,Simple fix: sliding-baseline deviation,10,3.0,0.3333333333333333,1,0,1,1,T: target pre-drift
A306,"LENS-U (original, label-free)",10,2.0,0.5,1,0,1,1,T: target pre-drift
A306,"LENS-SW (state-switched, exploratory)",10,39.0,0.02564102564102564,0,0,0,0,T: target pre-drift
A306,Raw deviation |z|,10,2.0,0.5,0,0,1,1,T: target pre-drift
A307,LENS v2 (full),10,12.0,0.08333333333333333,1,0,0,0,T: target pre-drift
A307,LENS v2 without own-history term,10,13.0,0.07692307692307693,1,0,0,0,T: target pre-drift
A307,LENS v2 without adaptation,10,28.0,0.03571428571428571,1,0,0,0,T: target pre-drift
A307,LENS v2 without CUSUM,10,8.0,0.125,1,0,0,0,T: target pre-drift
A307,Linear forecast residual (GDN-style),10,17.0,0.058823529411764705,1,0,0,0,T: target pre-drift
A307,Conditional reference (CondAttr-style kNN),10,3.5,0.2857142857142857,1,0,0,1,T: target pre-drift
A307,Simple fix: sliding-baseline deviation,10,45.0,0.022222222222222223,1,0,0,0,T: target pre-drift
A307,"LENS-U (original, label-free)",10,5.0,0.2,1,0,0,1,T: target pre-drift
A307,"LENS-SW (state-switched, exploratory)",10,54.0,0.018518518518518517,0,0,0,0,T: target pre-drift
A307,Raw deviation |z|,10,11.0,0.09090909090909091,1,0,0,0,T: target pre-drift
A308,LENS v2 (full),10,11.5,0.08695652173913043,1,0,0,0,T: target pre-drift
A308,LENS v2 without own-history term,10,13.0,0.07692307692307693,1,0,0,0,T: target pre-drift
A308,LENS v2 without adaptation,10,29.0,0.034482758620689655,1,0,0,0,T: target pre-drift
A308,LENS v2 without CUSUM,10,16.0,0.0625,1,0,0,0,T: target pre-drift
A308,Linear forecast residual (GDN-style),10,29.0,0.034482758620689655,1,0,0,0,T: target pre-drift
A308,Conditional reference (CondAttr-style kNN),10,4.0,0.25,1,0,0,1,T: target pre-drift
A308,Simple fix: sliding-baseline deviation,10,2.0,0.5,0,0,1,1,T: target pre-drift
A308,"LENS-U (original, label-free)",10,1.0,1.0,1,1,1,1,T: target pre-drift
A308,"LENS-SW (state-switched, exploratory)",10,8.0,0.125,0,0,0,0,T: target pre-drift
A308,Raw deviation |z|,10,6.0,0.16666666666666666,0,0,0,0,T: target pre-drift
A309,LENS v2 (full),10,12.0,0.08333333333333333,1,0,0,0,T: target pre-drift
A309,LENS v2 without own-history term,10,13.0,0.07692307692307693,1,0,0,0,T: target pre-drift
A309,LENS v2 without adaptation,10,28.5,0.03508771929824561,1,0,0,0,T: target pre-drift
A309,LENS v2 without CUSUM,10,10.0,0.1,0,0,0,0,T: target pre-drift
A309,Linear forecast residual (GDN-style),10,28.0,0.03571428571428571,1,0,0,0,T: target pre-drift
A309,Conditional reference (CondAttr-style kNN),10,3.5,0.2857142857142857,1,0,0,1,T: target pre-drift
A309,Simple fix: sliding-baseline deviation,10,43.0,0.023255813953488372,1,0,0,0,T: target pre-drift
A309,"LENS-U (original, label-free)",10,4.0,0.25,0,0,0,1,T: target pre-drift
A309,"LENS-SW (state-switched, exploratory)",10,41.0,0.024390243902439025,0,0,0,0,T: target pre-drift
A309,Raw deviation |z|,10,7.0,0.14285714285714285,1,0,0,0,T: target pre-drift
A310,LENS v2 (full),10,12.0,0.08333333333333333,0,0,0,0,T: target pre-drift
A310,LENS v2 without own-history term,10,13.0,0.07692307692307693,0,0,0,0,T: target pre-drift
A310,LENS v2 without adaptation,10,28.0,0.03571428571428571,0,0,0,0,T: target pre-drift
A310,LENS v2 without CUSUM,10,6.0,0.16666666666666666,0,0,0,0,T: target pre-drift
A310,Linear forecast residual (GDN-style),10,8.0,0.125,0,0,0,0,T: target pre-drift
A310,Conditional reference (CondAttr-style kNN),10,4.0,0.25,0,0,0,1,T: target pre-drift
A310,Simple fix: sliding-baseline deviation,10,2.0,0.5,1,0,1,1,T: target pre-drift
A310,"LENS-U (original, label-free)",10,4.0,0.25,0,0,0,1,T: target pre-drift
A310,"LENS-SW (state-switched, exploratory)",10,43.0,0.023255813953488372,1,0,0,0,T: target pre-drift
A310,Raw deviation |z|,10,1.0,1.0,1,1,1,1,T: target pre-drift
A401,LENS v2 (full),10,17.0,0.058823529411764705,0,0,0,0,T: target pre-drift
A401,LENS v2 without own-history term,10,36.0,0.027777777777777776,0,0,0,0,T: target pre-drift
A401,LENS v2 without adaptation,10,24.0,0.041666666666666664,0,0,0,0,T: target pre-drift
A401,LENS v2 without CUSUM,10,22.0,0.045454545454545456,0,0,0,0,T: target pre-drift
A401,Linear forecast residual (GDN-style),10,22.0,0.045454545454545456,0,0,0,0,T: target pre-drift
A401,Conditional reference (CondAttr-style kNN),10,5.5,0.18181818181818182,0,0,0,0,T: target pre-drift
A401,Simple fix: sliding-baseline deviation,10,1.0,1.0,1,1,1,1,T: target pre-drift
A401,"LENS-U (original, label-free)",10,15.0,0.06666666666666667,0,0,0,0,T: target pre-drift
A401,"LENS-SW (state-switched, exploratory)",10,1.0,1.0,1,1,1,1,T: target pre-drift
A401,Raw deviation |z|,10,1.0,1.0,1,1,1,1,T: target pre-drift
A402,LENS v2 (full),10,16.5,0.06060606060606061,1,0,0,0,T: target pre-drift
A402,LENS v2 without own-history term,10,16.5,0.06060606060606061,1,0,0,0,T: target pre-drift
A402,LENS v2 without adaptation,10,27.0,0.037037037037037035,1,0,0,0,T: target pre-drift
A402,LENS v2 without CUSUM,10,13.5,0.07407407407407407,1,0,0,0,T: target pre-drift
A402,Linear forecast residual (GDN-style),10,28.0,0.03571428571428571,1,0,0,0,T: target pre-drift
A402,Conditional reference (CondAttr-style kNN),10,6.0,0.16666666666666666,1,0,0,0,T: target pre-drift
A402,Simple fix: sliding-baseline deviation,10,8.0,0.125,1,0,0,0,T: target pre-drift
A402,"LENS-U (original, label-free)",10,20.0,0.05,0,0,0,0,T: target pre-drift
A402,"LENS-SW (state-switched, exploratory)",10,12.0,0.08333333333333333,0,0,0,0,T: target pre-drift
A402,Raw deviation |z|,10,20.0,0.05,0,0,0,0,T: target pre-drift
A403,LENS v2 (full),10,16.5,0.06060606060606061,0,0,0,0,T: target pre-drift
A403,LENS v2 without own-history term,10,16.5,0.06060606060606061,0,0,0,0,T: target pre-drift
A403,LENS v2 without adaptation,10,29.0,0.034482758620689655,0,0,0,0,T: target pre-drift
A403,LENS v2 without CUSUM,10,14.0,0.07142857142857142,0,0,0,0,T: target pre-drift
A403,Linear forecast residual (GDN-style),10,12.0,0.08333333333333333,0,0,0,0,T: target pre-drift
A403,Conditional reference (CondAttr-style kNN),10,7.5,0.13333333333333333,0,0,0,0,T: target pre-drift
A403,Simple fix: sliding-baseline deviation,10,13.0,0.07692307692307693,0,0,0,0,T: target pre-drift
A403,"LENS-U (original, label-free)",10,7.0,0.14285714285714285,0,0,0,0,T: target pre-drift
A403,"LENS-SW (state-switched, exploratory)",10,19.0,0.05263157894736842,0,0,0,0,T: target pre-drift
A403,Raw deviation |z|,10,12.0,0.08333333333333333,0,0,0,0,T: target pre-drift
A404,LENS v2 (full),10,16.5,0.06060606060606061,0,0,0,0,T: target pre-drift
A404,LENS v2 without own-history term,10,16.5,0.06060606060606061,0,0,0,0,T: target pre-drift
A404,LENS v2 without adaptation,10,30.0,0.03333333333333333,0,0,0,0,T: target pre-drift
A404,LENS v2 without CUSUM,10,13.0,0.07692307692307693,0,0,0,0,T: target pre-drift
A404,Linear forecast residual (GDN-style),10,45.0,0.022222222222222223,0,0,0,0,T: target pre-drift
A404,Conditional reference (CondAttr-style kNN),10,8.0,0.125,0,0,0,0,T: target pre-drift
A404,Simple fix: sliding-baseline deviation,10,9.0,0.1111111111111111,0,0,0,0,T: target pre-drift
A404,"LENS-U (original, label-free)",10,4.0,0.25,0,0,0,1,T: target pre-drift
A404,"LENS-SW (state-switched, exploratory)",10,45.0,0.022222222222222223,0,0,0,0,T: target pre-drift
A404,Raw deviation |z|,10,3.0,0.3333333333333333,0,0,1,1,T: target pre-drift
A405,LENS v2 (full),10,16.5,0.06060606060606061,1,0,0,0,T: target pre-drift
A405,LENS v2 without own-history term,10,16.5,0.06060606060606061,1,0,0,0,T: target pre-drift
A405,LENS v2 without adaptation,10,29.5,0.03389830508474576,1,0,0,0,T: target pre-drift
A405,LENS v2 without CUSUM,10,8.5,0.11764705882352941,1,0,0,0,T: target pre-drift
A405,Linear forecast residual (GDN-style),10,12.5,0.08,1,0,0,0,T: target pre-drift
A405,Conditional reference (CondAttr-style kNN),10,8.0,0.125,1,0,0,0,T: target pre-drift
A405,Simple fix: sliding-baseline deviation,10,69.5,0.014388489208633094,0,0,0,0,T: target pre-drift
A405,"LENS-U (original, label-free)",10,25.0,0.04,1,0,0,0,T: target pre-drift
A405,"LENS-SW (state-switched, exploratory)",10,68.0,0.014705882352941176,1,0,0,0,T: target pre-drift
A405,Raw deviation |z|,10,22.0,0.045454545454545456,1,0,0,0,T: target pre-drift
A406,LENS v2 (full),10,16.5,0.06060606060606061,1,0,0,0,T: target pre-drift
A406,LENS v2 without own-history term,10,17.0,0.058823529411764705,1,0,0,0,T: target pre-drift
A406,LENS v2 without adaptation,10,28.5,0.03508771929824561,1,0,0,0,T: target pre-drift
A406,LENS v2 without CUSUM,10,16.0,0.0625,1,0,0,0,T: target pre-drift
A406,Linear forecast residual (GDN-style),10,12.0,0.08333333333333333,1,0,0,0,T: target pre-drift
A406,Conditional reference (CondAttr-style kNN),10,7.5,0.13333333333333333,1,0,0,0,T: target pre-drift
A406,Simple fix: sliding-baseline deviation,10,42.0,0.023809523809523808,1,0,0,0,T: target pre-drift
A406,"LENS-U (original, label-free)",10,4.0,0.25,1,0,0,1,T: target pre-drift
A406,"LENS-SW (state-switched, exploratory)",10,56.0,0.017857142857142856,0,0,0,0,T: target pre-drift
A406,Raw deviation |z|,10,4.0,0.25,0,0,0,1,T: target pre-drift
A407,LENS v2 (full),10,45.0,0.022222222222222223,1,0,0,0,T: target pre-drift
A407,LENS v2 without own-history term,10,45.0,0.022222222222222223,1,0,0,0,T: target pre-drift
A407,LENS v2 without adaptation,10,28.0,0.03571428571428571,1,0,0,0,T: target pre-drift
A407,LENS v2 without CUSUM,10,39.0,0.02564102564102564,1,0,0,0,T: target pre-drift
A407,Linear forecast residual (GDN-style),10,37.0,0.02702702702702703,1,0,0,0,T: target pre-drift
A407,Conditional reference (CondAttr-style kNN),10,15.0,0.06666666666666667,1,0,0,0,T: target pre-drift
A407,Simple fix: sliding-baseline deviation,10,43.0,0.023255813953488372,1,0,0,0,T: target pre-drift
A407,"LENS-U (original, label-free)",10,10.0,0.1,1,0,0,0,T: target pre-drift
A407,"LENS-SW (state-switched, exploratory)",10,61.0,0.01639344262295082,0,0,0,0,T: target pre-drift
A407,Raw deviation |z|,10,11.0,0.09090909090909091,1,0,0,0,T: target pre-drift
A408,LENS v2 (full),10,16.5,0.06060606060606061,1,0,0,0,T: target pre-drift
A408,LENS v2 without own-history term,10,17.0,0.058823529411764705,1,0,0,0,T: target pre-drift
A408,LENS v2 without adaptation,10,28.5,0.03508771929824561,1,0,0,0,T: target pre-drift
A408,LENS v2 without CUSUM,10,24.0,0.041666666666666664,1,0,0,0,T: target pre-drift
A408,Linear forecast residual (GDN-style),10,11.0,0.09090909090909091,1,0,0,0,T: target pre-drift
A408,Conditional reference (CondAttr-style kNN),10,24.0,0.041666666666666664,1,0,0,0,T: target pre-drift
A408,Simple fix: sliding-baseline deviation,10,14.0,0.07142857142857142,0,0,0,0,T: target pre-drift
A408,"LENS-U (original, label-free)",10,1.0,1.0,1,1,1,1,T: target pre-drift
A408,"LENS-SW (state-switched, exploratory)",10,32.0,0.03125,0,0,0,0,T: target pre-drift
A408,Raw deviation |z|,10,2.0,0.5,0,0,1,1,T: target pre-drift
A409,LENS v2 (full),10,16.5,0.06060606060606061,1,0,0,0,T: target pre-drift
A409,LENS v2 without own-history term,10,17.5,0.05714285714285714,1,0,0,0,T: target pre-drift
A409,LENS v2 without adaptation,10,28.0,0.03571428571428571,1,0,0,0,T: target pre-drift
A409,LENS v2 without CUSUM,10,1.0,1.0,1,1,1,1,T: target pre-drift
A409,Linear forecast residual (GDN-style),10,25.0,0.04,1,0,0,0,T: target pre-drift
A409,Conditional reference (CondAttr-style kNN),10,7.5,0.13333333333333333,1,0,0,0,T: target pre-drift
A409,Simple fix: sliding-baseline deviation,10,1.0,1.0,1,1,1,1,T: target pre-drift
A409,"LENS-U (original, label-free)",10,4.0,0.25,1,0,0,1,T: target pre-drift
A409,"LENS-SW (state-switched, exploratory)",10,31.0,0.03225806451612903,1,0,0,0,T: target pre-drift
A409,Raw deviation |z|,10,1.0,1.0,1,1,1,1,T: target pre-drift
A410,LENS v2 (full),10,17.0,0.058823529411764705,1,0,0,0,T: target pre-drift
A410,LENS v2 without own-history term,10,18.0,0.05555555555555555,1,0,0,0,T: target pre-drift
A410,LENS v2 without adaptation,10,29.0,0.034482758620689655,1,0,0,0,T: target pre-drift
A410,LENS v2 without CUSUM,10,19.0,0.05263157894736842,1,0,0,0,T: target pre-drift
A410,Linear forecast residual (GDN-style),10,24.0,0.041666666666666664,1,0,0,0,T: target pre-drift
A410,Conditional reference (CondAttr-style kNN),10,8.0,0.125,1,0,0,0,T: target pre-drift
A410,Simple fix: sliding-baseline deviation,10,25.0,0.04,1,0,0,0,T: target pre-drift
A410,"LENS-U (original, label-free)",10,6.0,0.16666666666666666,1,0,0,0,T: target pre-drift
A410,"LENS-SW (state-switched, exploratory)",10,51.0,0.0196078431372549,0,0,0,0,T: target pre-drift
A410,Raw deviation |z|,10,11.0,0.09090909090909091,0,0,0,0,T: target pre-drift
A411,LENS v2 (full),10,17.0,0.058823529411764705,1,0,0,0,T: target pre-drift
A411,LENS v2 without own-history term,10,18.0,0.05555555555555555,1,0,0,0,T: target pre-drift
A411,LENS v2 without adaptation,10,29.5,0.03389830508474576,1,0,0,0,T: target pre-drift
A411,LENS v2 without CUSUM,10,14.5,0.06896551724137931,1,0,0,0,T: target pre-drift
A411,Linear forecast residual (GDN-style),10,12.5,0.08,1,0,0,0,T: target pre-drift
A411,Conditional reference (CondAttr-style kNN),10,7.5,0.13333333333333333,1,0,0,0,T: target pre-drift
A411,Simple fix: sliding-baseline deviation,10,1.0,1.0,1,1,1,1,T: target pre-drift
A411,"LENS-U (original, label-free)",10,4.0,0.25,1,0,0,1,T: target pre-drift
A411,"LENS-SW (state-switched, exploratory)",10,7.0,0.14285714285714285,0,0,0,0,T: target pre-drift
A411,Raw deviation |z|,10,10.0,0.1,1,0,0,0,T: target pre-drift
A412,LENS v2 (full),10,17.0,0.058823529411764705,1,0,0,0,T: target pre-drift
A412,LENS v2 without own-history term,10,18.0,0.05555555555555555,1,0,0,0,T: target pre-drift
A412,LENS v2 without adaptation,10,29.5,0.03389830508474576,1,0,0,0,T: target pre-drift
A412,LENS v2 without CUSUM,10,2.0,0.5,1,0,1,1,T: target pre-drift
A412,Linear forecast residual (GDN-style),10,12.5,0.08,1,0,0,0,T: target pre-drift
A412,Conditional reference (CondAttr-style kNN),10,8.0,0.125,1,0,0,0,T: target pre-drift
A412,Simple fix: sliding-baseline deviation,10,12.0,0.08333333333333333,0,0,0,0,T: target pre-drift
A412,"LENS-U (original, label-free)",10,1.0,1.0,1,1,1,1,T: target pre-drift
A412,"LENS-SW (state-switched, exploratory)",10,46.0,0.021739130434782608,0,0,0,0,T: target pre-drift
A412,Raw deviation |z|,10,1.0,1.0,1,1,1,1,T: target pre-drift
A413,LENS v2 (full),10,17.0,0.058823529411764705,1,0,0,0,T: target pre-drift
A413,LENS v2 without own-history term,10,36.0,0.027777777777777776,1,0,0,0,T: target pre-drift
A413,LENS v2 without adaptation,10,29.0,0.034482758620689655,1,0,0,0,T: target pre-drift
A413,LENS v2 without CUSUM,10,26.0,0.038461538461538464,1,0,0,0,T: target pre-drift
A413,Linear forecast residual (GDN-style),10,12.0,0.08333333333333333,1,0,0,0,T: target pre-drift
A413,Conditional reference (CondAttr-style kNN),10,8.5,0.11764705882352941,1,0,0,0,T: target pre-drift
A413,Simple fix: sliding-baseline deviation,10,4.0,0.25,0,0,0,1,T: target pre-drift
A413,"LENS-U (original, label-free)",10,2.0,0.5,1,0,1,1,T: target pre-drift
A413,"LENS-SW (state-switched, exploratory)",10,48.0,0.020833333333333332,0,0,0,0,T: target pre-drift
A413,Raw deviation |z|,10,1.0,1.0,1,1,1,1,T: target pre-drift
A414,LENS v2 (full),10,17.0,0.058823529411764705,0,0,0,0,T: target pre-drift
A414,LENS v2 without own-history term,10,17.5,0.05714285714285714,0,0,0,0,T: target pre-drift
A414,LENS v2 without adaptation,10,27.5,0.03636363636363636,0,0,0,0,T: target pre-drift
A414,LENS v2 without CUSUM,10,12.5,0.08,0,0,0,0,T: target pre-drift
A414,Linear forecast residual (GDN-style),10,12.0,0.08333333333333333,0,0,0,0,T: target pre-drift
A414,Conditional reference (CondAttr-style kNN),10,8.5,0.11764705882352941,0,0,0,0,T: target pre-drift
A414,Simple fix: sliding-baseline deviation,10,19.0,0.05263157894736842,1,0,0,0,T: target pre-drift
A414,"LENS-U (original, label-free)",10,17.0,0.058823529411764705,0,0,0,0,T: target pre-drift
A414,"LENS-SW (state-switched, exploratory)",10,52.0,0.019230769230769232,0,0,0,0,T: target pre-drift
A414,Raw deviation |z|,10,5.0,0.2,0,0,0,1,T: target pre-drift
A415,LENS v2 (full),10,16.5,0.06060606060606061,0,0,0,0,T: target pre-drift
A415,LENS v2 without own-history term,10,17.5,0.05714285714285714,0,0,0,0,T: target pre-drift
A415,LENS v2 without adaptation,10,29.5,0.03389830508474576,0,0,0,0,T: target pre-drift
A415,LENS v2 without CUSUM,10,11.5,0.08695652173913043,0,0,0,0,T: target pre-drift
A415,Linear forecast residual (GDN-style),10,12.5,0.08,0,0,0,0,T: target pre-drift
A415,Conditional reference (CondAttr-style kNN),10,8.5,0.11764705882352941,0,0,0,0,T: target pre-drift
A415,Simple fix: sliding-baseline deviation,10,69.5,0.014388489208633094,0,0,0,0,T: target pre-drift
A415,"LENS-U (original, label-free)",10,17.0,0.058823529411764705,0,0,0,0,T: target pre-drift
A415,"LENS-SW (state-switched, exploratory)",10,77.5,0.012903225806451613,0,0,0,0,T: target pre-drift
A415,Raw deviation |z|,10,4.0,0.25,0,0,0,1,T: target pre-drift
A416,LENS v2 (full),10,16.5,0.06060606060606061,1,0,0,0,T: target pre-drift
A416,LENS v2 without own-history term,10,17.5,0.05714285714285714,1,0,0,0,T: target pre-drift
A416,LENS v2 without adaptation,10,29.5,0.03389830508474576,1,0,0,0,T: target pre-drift
A416,LENS v2 without CUSUM,10,22.0,0.045454545454545456,1,0,0,0,T: target pre-drift
A416,Linear forecast residual (GDN-style),10,12.5,0.08,1,0,0,0,T: target pre-drift
A416,Conditional reference (CondAttr-style kNN),10,8.5,0.11764705882352941,1,0,0,0,T: target pre-drift
A416,Simple fix: sliding-baseline deviation,10,28.0,0.03571428571428571,1,0,0,0,T: target pre-drift
A416,"LENS-U (original, label-free)",10,5.0,0.2,0,0,0,1,T: target pre-drift
A416,"LENS-SW (state-switched, exploratory)",10,52.0,0.019230769230769232,0,0,0,0,T: target pre-drift
A416,Raw deviation |z|,10,8.0,0.125,0,0,0,0,T: target pre-drift
A417,LENS v2 (full),10,17.0,0.058823529411764705,1,0,0,0,T: target pre-drift
A417,LENS v2 without own-history term,10,17.5,0.05714285714285714,1,0,0,0,T: target pre-drift
A417,LENS v2 without adaptation,10,29.5,0.03389830508474576,1,0,0,0,T: target pre-drift
A417,LENS v2 without CUSUM,10,33.0,0.030303030303030304,1,0,0,0,T: target pre-drift
A417,Linear forecast residual (GDN-style),10,64.0,0.015625,1,0,0,0,T: target pre-drift
A417,Conditional reference (CondAttr-style kNN),10,8.5,0.11764705882352941,1,0,0,0,T: target pre-drift
A417,Simple fix: sliding-baseline deviation,10,69.5,0.014388489208633094,1,0,0,0,T: target pre-drift
A417,"LENS-U (original, label-free)",10,24.0,0.041666666666666664,1,0,0,0,T: target pre-drift
A417,"LENS-SW (state-switched, exploratory)",10,64.0,0.015625,0,0,0,0,T: target pre-drift
A417,Raw deviation |z|,10,17.0,0.058823529411764705,0,0,0,0,T: target pre-drift
A418,LENS v2 (full),10,16.5,0.06060606060606061,1,0,0,0,T: target pre-drift
A418,LENS v2 without own-history term,10,17.5,0.05714285714285714,1,0,0,0,T: target pre-drift
A418,LENS v2 without adaptation,10,30.0,0.03333333333333333,1,0,0,0,T: target pre-drift
A418,LENS v2 without CUSUM,10,2.0,0.5,1,0,1,1,T: target pre-drift
A418,Linear forecast residual (GDN-style),10,11.5,0.08695652173913043,1,0,0,0,T: target pre-drift
A418,Conditional reference (CondAttr-style kNN),10,19.0,0.05263157894736842,1,0,0,0,T: target pre-drift
A418,Simple fix: sliding-baseline deviation,10,27.0,0.037037037037037035,1,0,0,0,T: target pre-drift
A418,"LENS-U (original, label-free)",10,5.0,0.2,0,0,0,1,T: target pre-drift
A418,"LENS-SW (state-switched, exploratory)",10,54.0,0.018518518518518517,0,0,0,0,T: target pre-drift
A418,Raw deviation |z|,10,8.0,0.125,0,0,0,0,T: target pre-drift
A419,LENS v2 (full),10,16.5,0.06060606060606061,1,0,0,0,T: target pre-drift
A419,LENS v2 without own-history term,10,17.0,0.058823529411764705,1,0,0,0,T: target pre-drift
A419,LENS v2 without adaptation,10,29.5,0.03389830508474576,1,0,0,0,T: target pre-drift
A419,LENS v2 without CUSUM,10,2.0,0.5,1,0,1,1,T: target pre-drift
A419,Linear forecast residual (GDN-style),10,12.0,0.08333333333333333,1,0,0,0,T: target pre-drift
A419,Conditional reference (CondAttr-style kNN),10,16.0,0.0625,1,0,0,0,T: target pre-drift
A419,Simple fix: sliding-baseline deviation,10,20.0,0.05,1,0,0,0,T: target pre-drift
A419,"LENS-U (original, label-free)",10,7.0,0.14285714285714285,1,0,0,0,T: target pre-drift
A419,"LENS-SW (state-switched, exploratory)",10,54.0,0.018518518518518517,0,0,0,0,T: target pre-drift
A419,Raw deviation |z|,10,9.0,0.1111111111111111,0,0,0,0,T: target pre-drift
A420,LENS v2 (full),10,16.0,0.0625,1,0,0,0,T: target pre-drift
A420,LENS v2 without own-history term,10,17.0,0.058823529411764705,1,0,0,0,T: target pre-drift
A420,LENS v2 without adaptation,10,29.0,0.034482758620689655,1,0,0,0,T: target pre-drift
A420,LENS v2 without CUSUM,10,25.0,0.04,1,0,0,0,T: target pre-drift
A420,Linear forecast residual (GDN-style),10,30.0,0.03333333333333333,1,0,0,0,T: target pre-drift
A420,Conditional reference (CondAttr-style kNN),10,28.0,0.03571428571428571,1,0,0,0,T: target pre-drift
A420,Simple fix: sliding-baseline deviation,10,12.0,0.08333333333333333,1,0,0,0,T: target pre-drift
A420,"LENS-U (original, label-free)",10,3.0,0.3333333333333333,1,0,1,1,T: target pre-drift
A420,"LENS-SW (state-switched, exploratory)",10,39.0,0.02564102564102564,0,0,0,0,T: target pre-drift
A420,Raw deviation |z|,10,9.0,0.1111111111111111,1,0,0,0,T: target pre-drift
A421,LENS v2 (full),10,16.5,0.06060606060606061,1,0,0,0,T: target pre-drift
A421,LENS v2 without own-history term,10,16.5,0.06060606060606061,1,0,0,0,T: target pre-drift
A421,LENS v2 without adaptation,10,30.5,0.03278688524590164,1,0,0,0,T: target pre-drift
A421,LENS v2 without CUSUM,10,2.0,0.5,1,0,1,1,T: target pre-drift
A421,Linear forecast residual (GDN-style),10,34.0,0.029411764705882353,1,0,0,0,T: target pre-drift
A421,Conditional reference (CondAttr-style kNN),10,7.5,0.13333333333333333,1,0,0,0,T: target pre-drift
A421,Simple fix: sliding-baseline deviation,10,5.0,0.2,0,0,0,1,T: target pre-drift
A421,"LENS-U (original, label-free)",10,13.0,0.07692307692307693,0,0,0,0,T: target pre-drift
A421,"LENS-SW (state-switched, exploratory)",10,10.0,0.1,0,0,0,0,T: target pre-drift
A421,Raw deviation |z|,10,4.0,0.25,1,0,0,1,T: target pre-drift
A422,LENS v2 (full),10,16.0,0.0625,1,0,0,0,T: target pre-drift
A422,LENS v2 without own-history term,10,16.5,0.06060606060606061,1,0,0,0,T: target pre-drift
A422,LENS v2 without adaptation,10,30.0,0.03333333333333333,1,0,0,0,T: target pre-drift
A422,LENS v2 without CUSUM,10,2.0,0.5,1,0,1,1,T: target pre-drift
A422,Linear forecast residual (GDN-style),10,12.0,0.08333333333333333,1,0,0,0,T: target pre-drift
A422,Conditional reference (CondAttr-style kNN),10,7.5,0.13333333333333333,1,0,0,0,T: target pre-drift
A422,Simple fix: sliding-baseline deviation,10,19.0,0.05263157894736842,1,0,0,0,T: target pre-drift
A422,"LENS-U (original, label-free)",10,1.0,1.0,1,1,1,1,T: target pre-drift
A422,"LENS-SW (state-switched, exploratory)",10,52.0,0.019230769230769232,0,0,0,0,T: target pre-drift
A422,Raw deviation |z|,10,4.0,0.25,1,0,0,1,T: target pre-drift
A423,LENS v2 (full),10,16.0,0.0625,1,0,0,0,T: target pre-drift
A423,LENS v2 without own-history term,10,16.5,0.06060606060606061,1,0,0,0,T: target pre-drift
A423,LENS v2 without adaptation,10,29.5,0.03389830508474576,1,0,0,0,T: target pre-drift
A423,LENS v2 without CUSUM,10,6.0,0.16666666666666666,1,0,0,0,T: target pre-drift
A423,Linear forecast residual (GDN-style),10,31.0,0.03225806451612903,1,0,0,0,T: target pre-drift
A423,Conditional reference (CondAttr-style kNN),10,7.5,0.13333333333333333,1,0,0,0,T: target pre-drift
A423,Simple fix: sliding-baseline deviation,10,16.0,0.0625,1,0,0,0,T: target pre-drift
A423,"LENS-U (original, label-free)",10,11.0,0.09090909090909091,1,0,0,0,T: target pre-drift
A423,"LENS-SW (state-switched, exploratory)",10,20.0,0.05,0,0,0,0,T: target pre-drift
A423,Raw deviation |z|,10,4.0,0.25,1,0,0,1,T: target pre-drift
A424,LENS v2 (full),10,32.0,0.03125,1,0,0,0,T: target pre-drift
A424,LENS v2 without own-history term,10,34.0,0.029411764705882353,1,0,0,0,T: target pre-drift
A424,LENS v2 without adaptation,10,29.0,0.034482758620689655,1,0,0,0,T: target pre-drift
A424,LENS v2 without CUSUM,10,33.0,0.030303030303030304,1,0,0,0,T: target pre-drift
A424,Linear forecast residual (GDN-style),10,34.0,0.029411764705882353,1,0,0,0,T: target pre-drift
A424,Conditional reference (CondAttr-style kNN),10,7.5,0.13333333333333333,1,0,0,0,T: target pre-drift
A424,Simple fix: sliding-baseline deviation,10,12.0,0.08333333333333333,0,0,0,0,T: target pre-drift
A424,"LENS-U (original, label-free)",10,10.0,0.1,1,0,0,0,T: target pre-drift
A424,"LENS-SW (state-switched, exploratory)",10,12.0,0.08333333333333333,0,0,0,0,T: target pre-drift
A424,Raw deviation |z|,10,14.0,0.07142857142857142,1,0,0,0,T: target pre-drift
